Gene ID,Ensembl Gene ID,label
122809,ENSG00000180008,0
64359,ENSG00000167693,0
11218,ENSG00000064703,1
401236,ENSG00000230873,0
27115,ENSG00000171408,0
353141,ENSG00000187223,0
10011,ENSG00000213523,0
8567,ENSG00000110514,0
28799,ENSG00000211665,0
222553,ENSG00000196376,0
8546,ENSG00000132842,0
5909,ENSG00000076864,0
23139,ENSG00000086015,0
100287404,ENSG00000248920,0
84992,ENSG00000255072,0
956,ENSG00000168032,0
127703,ENSG00000142686,0
124975,ENSG00000167741,0
124936,ENSG00000167740,0
53345,ENSG00000213996,0
54986,ENSG00000168038,0
5575,ENSG00000188191,0
9622,ENSG00000167749,0
10686,ENSG00000113946,0
114026,ENSG00000141946,0
3860,ENSG00000171401,0
6703,ENSG00000163216,0
28625,ENSG00000211768,0
3804,ENSG00000283708,0
253769,ENSG00000184465,0
352909,ENSG00000167646,0
9372,ENSG00000157077,0
5744,ENSG00000087494,0
2249,ENSG00000075388,0
28628,ENSG00000211765,0
28629,ENSG00000211764,0
729852,ENSG00000219545,0
7580,ENSG00000169740,0
8139,ENSG00000261609,0
9079,ENSG00000169744,0
170627,ENSG00000171405,0
100534595,ENSG00000234857,0
11194,ENSG00000197150,0
79718,ENSG00000177565,0
3008,ENSG00000168298,0
6515,ENSG00000059804,0
51083,ENSG00000069482,0
138881,ENSG00000171496,0
5162,ENSG00000168291,0
148,ENSG00000120907,0
79872,ENSG00000105879,0
6015,ENSG00000206287,0
1135,ENSG00000120903,0
163702,ENSG00000185436,0
8701,ENSG00000105877,0
29062,ENSG00000105875,0
8728,ENSG00000135074,0
687,ENSG00000119138,0
55015,ENSG00000185246,1
84868,ENSG00000135077,0
9113,ENSG00000131023,0
5318,ENSG00000057294,0
8369,ENSG00000275663,0
5481,ENSG00000171497,0
22858,ENSG00000112144,0
5914,ENSG00000131759,0
126374,ENSG00000142279,0
114791,ENSG00000275835,1
22838,ENSG00000146083,0
313,ENSG00000136250,0
740,ENSG00000149792,1
7356,ENSG00000149021,0
4594,ENSG00000146085,0
26284,ENSG00000132591,1
4070,ENSG00000184292,0
54602,ENSG00000102471,0
60680,ENSG00000161082,0
10435,ENSG00000149798,0
5441,ENSG00000177700,1
221079,ENSG00000165997,0
729540,ENSG00000183054,0
347,ENSG00000189058,0
56975,ENSG00000282147,0
25945,ENSG00000177707,0
10876,ENSG00000181562,0
57645,ENSG00000143157,0
649,ENSG00000168487,0
9924,ENSG00000135473,0
246330,ENSG00000174516,0
339451,ENSG00000187961,0
84985,ENSG00000147689,0
83940,ENSG00000291730,0
4715,ENSG00000147684,0
93166,ENSG00000061455,0
64518,ENSG00000125409,0
389874,ENSG00000187969,0
2963,ENSG00000188342,1
221143,ENSG00000150456,0
79669,ENSG00000114529,0
9861,ENSG00000163636,1
93953,ENSG00000147174,0
9700,ENSG00000135476,1
84279,ENSG00000135617,0
55083,ENSG00000162849,0
8723,ENSG00000114520,0
348094,ENSG00000166839,0
90113,ENSG00000145198,0
283212,ENSG00000149243,0
5413,ENSG00000184702,0
3185,ENSG00000169813,0
8893,ENSG00000145191,1
197,ENSG00000145192,0
5597,ENSG00000069956,0
9718,ENSG00000145194,0
10494,ENSG00000115694,0
686,ENSG00000169814,0
80128,ENSG00000163462,0
200185,ENSG00000163463,0
3577,ENSG00000163464,0
22979,ENSG00000084710,0
58509,ENSG00000105298,1
7203,ENSG00000163468,1
1499,ENSG00000168036,0
5366,ENSG00000141682,0
92017,ENSG00000048471,0
333,ENSG00000105290,0
4774,ENSG00000162599,0
127795,ENSG00000162598,0
10227,ENSG00000109736,0
2743,ENSG00000109738,0
55718,ENSG00000284282,1
390201,ENSG00000172289,0
9774,ENSG00000029363,0
9077,ENSG00000162595,0
149233,ENSG00000162594,0
642273,ENSG00000184731,0
8673,ENSG00000118640,0
11273,ENSG00000168488,0
899,ENSG00000162063,0
389084,ENSG00000182600,0
1947,ENSG00000090776,0
10120,ENSG00000115073,0
1285,ENSG00000169031,0
431704,ENSG00000253148,0
3816,ENSG00000167748,0
2013,ENSG00000213853,0
57643,ENSG00000162415,0
7416,ENSG00000213585,0
658,ENSG00000138696,0
84665,ENSG00000138347,0
1763,ENSG00000138346,0
120379,ENSG00000150773,0
5178,ENSG00000198300,0
64926,ENSG00000105122,0
823,ENSG00000014216,0
10270,ENSG00000105127,0
9903,ENSG00000162413,0
282808,ENSG00000102128,0
54916,ENSG00000070269,0
28624,ENSG00000211769,0
2306,ENSG00000186564,0
23131,ENSG00000186566,0
56971,ENSG00000186567,0
390667,ENSG00000251692,0
245908,ENSG00000285411,0
221935,ENSG00000146555,0
285855,ENSG00000146223,1
202500,ENSG00000146221,0
23504,ENSG00000060709,0
9056,ENSG00000155465,0
84067,ENSG00000051009,0
10313,ENSG00000133318,0
85329,ENSG00000133317,0
26099,ENSG00000055070,0
28992,ENSG00000133315,0
9611,ENSG00000141027,0
55748,ENSG00000133313,0
79969,ENSG00000231257,0
3849,ENSG00000172867,0
5706,ENSG00000100519,1
85457,ENSG00000198894,0
149345,ENSG00000198892,0
55170,ENSG00000198890,0
4041,ENSG00000162337,0
55253,ENSG00000198874,0
4287,ENSG00000066427,0
27107,ENSG00000066422,1
255762,ENSG00000155714,0
219790,ENSG00000182010,0
55228,ENSG00000182013,0
150082,ENSG00000157578,0
5638,ENSG00000130962,0
399671,ENSG00000187105,0
7019,ENSG00000108064,0
90139,ENSG00000157570,0
8036,ENSG00000108061,0
116154,ENSG00000087495,0
10023,ENSG00000165879,0
26095,ENSG00000204179,0
1316,ENSG00000067082,0
5540,ENSG00000204174,0
83849,ENSG00000204176,0
3850,ENSG00000186442,0
642517,ENSG00000204172,0
81930,ENSG00000121621,0
64785,ENSG00000181938,1
222223,ENSG00000164659,0
389524,ENSG00000174428,0
137735,ENSG00000174429,0
51806,ENSG00000178372,0
7326,ENSG00000132388,0
284114,ENSG00000284228,0
284369,ENSG00000179213,0
54468,ENSG00000164654,1
10658,ENSG00000149187,0
148252,ENSG00000176490,0
23556,ENSG00000197563,0
342865,ENSG00000187135,0
9794,ENSG00000161021,0
442247,ENSG00000251258,0
401647,ENSG00000155265,0
84364,ENSG00000149182,0
4056,ENSG00000213316,0
1183,ENSG00000073464,0
3111,ENSG00000232962,0
4168,ENSG00000101977,0
286410,ENSG00000101974,0
10735,ENSG00000101972,0
4049,ENSG00000173503,0
728695,ENSG00000227234,0
440138,ENSG00000253710,1
56001,ENSG00000269405,0
6689,ENSG00000269404,0
8938,ENSG00000007516,0
4775,ENSG00000072736,0
488,ENSG00000174437,1
2642,ENSG00000215644,0
54518,ENSG00000077420,0
58480,ENSG00000284984,0
51250,ENSG00000130349,0
55278,ENSG00000130348,1
23224,ENSG00000054654,0
7073,ENSG00000151923,0
10497,ENSG00000198722,0
64063,ENSG00000282937,0
51429,ENSG00000130340,0
84698,ENSG00000180881,0
5976,ENSG00000005007,1
8216,ENSG00000099949,0
219681,ENSG00000165309,0
4094,ENSG00000178573,0
6387,ENSG00000107562,0
23657,ENSG00000151012,0
22841,ENSG00000107560,0
25819,ENSG00000151014,0
9342,ENSG00000099940,0
151,ENSG00000274286,0
1399,ENSG00000099942,0
3269,ENSG00000196639,0
91937,ENSG00000145850,0
10627,ENSG00000101608,0
343173,ENSG00000292005,0
285704,ENSG00000174136,0
8736,ENSG00000101605,0
653247,ENSG00000121335,0
345757,ENSG00000174132,0
5529,ENSG00000154001,0
10333,ENSG00000174130,0
9375,ENSG00000125304,0
29883,ENSG00000198791,0
26052,ENSG00000197959,0
6782,ENSG00000155304,0
192683,ENSG00000198794,0
347344,ENSG00000197779,0
401138,ENSG00000187689,0
344752,ENSG00000197953,0
122773,ENSG00000197776,0
151242,ENSG00000150722,0
10273,ENSG00000103266,0
79892,ENSG00000197771,1
2169,ENSG00000145384,0
283420,ENSG00000197992,0
284069,ENSG00000161682,0
286343,ENSG00000153714,0
10969,ENSG00000117395,1
391191,ENSG00000187080,0
890,ENSG00000145386,1
100528020,ENSG00000214447,0
50805,ENSG00000113430,0
55054,ENSG00000281089,0
56099,ENSG00000254122,0
6727,ENSG00000140319,0
8284,ENSG00000012817,0
6373,ENSG00000169248,0
55859,ENSG00000133169,0
79628,ENSG00000169247,0
27252,ENSG00000076321,0
1942,ENSG00000169242,0
55974,ENSG00000169241,0
991,ENSG00000117399,1
10766,ENSG00000183864,0
1260,ENSG00000183862,0
5027,ENSG00000089041,0
9775,ENSG00000141543,1
5598,ENSG00000166484,0
221264,ENSG00000155085,0
54984,ENSG00000284764,0
117289,ENSG00000164691,0
27304,ENSG00000124217,0
6780,ENSG00000124214,0
60437,ENSG00000124215,0
5740,ENSG00000124212,0
5352,ENSG00000152952,0
60491,ENSG00000196290,0
9961,ENSG00000013364,0
4256,ENSG00000111341,0
94015,ENSG00000141540,0
8437,ENSG00000111344,0
27333,ENSG00000173905,0
6154,ENSG00000161970,1
2633,ENSG00000117228,0
51056,ENSG00000002549,0
1019,ENSG00000135446,1
2647,ENSG00000135441,0
6507,ENSG00000079215,0
6604,ENSG00000082014,0
5929,ENSG00000117222,1
27124,ENSG00000185133,0
8340,ENSG00000185130,0
2635,ENSG00000117226,0
192111,ENSG00000247077,0
2182,ENSG00000068366,0
728403,ENSG00000291455,0
390010,ENSG00000229544,0
521,ENSG00000169020,0
28996,ENSG00000064393,0
118424,ENSG00000160087,0
55773,ENSG00000036054,0
56675,ENSG00000175352,0
170575,ENSG00000213203,0
2010,ENSG00000102119,0
2906,ENSG00000105464,0
120400,ENSG00000095110,0
23546,ENSG00000105467,0
9957,ENSG00000002587,0
4267,ENSG00000002586,0
151230,ENSG00000213160,0
51773,ENSG00000048649,0
57674,ENSG00000173821,0
130813,ENSG00000150873,0
9324,ENSG00000118418,0
9994,ENSG00000118412,0
4439,ENSG00000230293,0
3101,ENSG00000160883,0
1584,ENSG00000160882,0
158431,ENSG00000196597,0
54742,ENSG00000160886,0
3263,ENSG00000110169,0
162605,ENSG00000173908,0
10168,ENSG00000186448,0
2554,ENSG00000022355,0
3066,ENSG00000196591,0
346606,ENSG00000106384,0
84935,ENSG00000102802,0
284325,ENSG00000188493,0
127833,ENSG00000143858,0
51272,ENSG00000177951,0
1130,ENSG00000143669,0
1203,ENSG00000102805,0
8848,ENSG00000102804,0
6147,ENSG00000198242,1
81689,ENSG00000135070,1
119391,ENSG00000065621,0
55315,ENSG00000198246,0
8497,ENSG00000143847,0
55632,ENSG00000092140,0
81618,ENSG00000135916,0
30832,ENSG00000177932,0
3357,ENSG00000135914,0
57695,ENSG00000135913,1
10903,ENSG00000014914,0
2639,ENSG00000105607,0
1355,ENSG00000014919,1
132112,ENSG00000175077,0
8504,ENSG00000034693,0
6881,ENSG00000166337,1
3350,ENSG00000178394,0
5270,ENSG00000135919,0
9920,ENSG00000176595,0
163126,ENSG00000176396,0
8819,ENSG00000164105,0
51379,ENSG00000176390,0
6051,ENSG00000176393,0
63951,ENSG00000176399,0
5378,ENSG00000064933,0
692094,ENSG00000215183,0
9826,ENSG00000132694,0
7507,ENSG00000136936,0
4686,ENSG00000136937,1
5695,ENSG00000136930,1
26747,ENSG00000083635,0
1401,ENSG00000132693,0
63827,ENSG00000132692,0
10586,ENSG00000181541,0
10541,ENSG00000136938,0
57111,ENSG00000132698,0
147991,ENSG00000178904,0
84075,ENSG00000189139,0
220164,ENSG00000206052,0
5307,ENSG00000069011,0
85443,ENSG00000163673,0
170062,ENSG00000189132,0
163131,ENSG00000128000,0
57113,ENSG00000069018,0
378,ENSG00000168374,0
222698,ENSG00000189134,0
54801,ENSG00000147874,0
115,ENSG00000162104,0
22941,ENSG00000162105,0
7325,ENSG00000182247,0
196394,ENSG00000151743,0
25825,ENSG00000182240,0
7465,ENSG00000166483,1
4239,ENSG00000166482,0
114794,ENSG00000166897,0
84084,ENSG00000222014,0
337970,ENSG00000244025,0
1655,ENSG00000108654,0
3232,ENSG00000128652,0
6542,ENSG00000003989,0
5465,ENSG00000186951,0
3881,ENSG00000292029,0
642987,ENSG00000186952,0
386677,ENSG00000215455,0
577,ENSG00000135298,0
776,ENSG00000157388,0
54413,ENSG00000196338,0
9108,ENSG00000003987,0
22938,ENSG00000100603,1
6209,ENSG00000115268,1
159195,ENSG00000166348,0
3442,ENSG00000147873,0
6919,ENSG00000171703,0
2641,ENSG00000115263,0
205564,ENSG00000119231,0
80311,ENSG00000174010,0
23031,ENSG00000099308,0
64135,ENSG00000115267,0
10297,ENSG00000115266,0
5641,ENSG00000100600,0
10651,ENSG00000128654,0
4134,ENSG00000047849,0
50940,ENSG00000128655,0
137872,ENSG00000147576,0
1495,ENSG00000044115,0
9187,ENSG00000074621,0
51092,ENSG00000149577,0
25821,ENSG00000135297,0
90203,ENSG00000124104,0
11174,ENSG00000049192,0
5889,ENSG00000108384,1
146,ENSG00000171873,0
1738,ENSG00000091140,1
443,ENSG00000108381,0
5801,ENSG00000153233,0
729665,ENSG00000151838,0
10807,ENSG00000165689,0
9487,ENSG00000108474,0
729396,ENSG00000224659,0
51266,ENSG00000165682,0
2584,ENSG00000108479,0
8642,ENSG00000166341,0
28620,ENSG00000226660,0
2555,ENSG00000151834,0
26278,ENSG00000151835,0
2134,ENSG00000158008,0
1603,ENSG00000129562,1
60559,ENSG00000129128,0
3467,ENSG00000177047,0
7011,ENSG00000129566,0
147912,ENSG00000177045,0
146279,ENSG00000153060,0
6002,ENSG00000159788,0
51052,ENSG00000071677,0
60625,ENSG00000101452,1
140701,ENSG00000183260,0
5051,ENSG00000158006,0
84525,ENSG00000171476,0
53371,ENSG00000138750,1
10140,ENSG00000141232,0
55589,ENSG00000138756,0
9908,ENSG00000138757,0
4283,ENSG00000138755,0
387357,ENSG00000172673,0
55752,ENSG00000138758,0
80144,ENSG00000138759,0
7277,ENSG00000127824,0
253650,ENSG00000180071,0
6984,ENSG00000211694,0
2187,ENSG00000181544,0
284131,ENSG00000173818,0
85416,ENSG00000139800,0
29952,ENSG00000176978,0
10209,ENSG00000173812,1
28815,ENSG00000211666,0
57146,ENSG00000011638,0
2572,ENSG00000136750,0
8941,ENSG00000171450,0
401466,ENSG00000176731,0
4759,ENSG00000115488,0
10730,ENSG00000136758,1
2677,ENSG00000115486,0
10575,ENSG00000115484,1
7905,ENSG00000129625,0
390081,ENSG00000180974,0
1621,ENSG00000123454,0
11188,ENSG00000010322,0
92597,ENSG00000173542,0
63929,ENSG00000196236,0
23166,ENSG00000010327,0
84458,ENSG00000196233,0
57060,ENSG00000090097,0
285311,ENSG00000214324,0
6494,ENSG00000213445,0
29925,ENSG00000173540,1
134526,ENSG00000172497,0
84634,ENSG00000116014,0
2034,ENSG00000116016,0
4299,ENSG00000172493,0
9863,ENSG00000187391,0
401667,ENSG00000205496,0
401666,ENSG00000205497,0
261729,ENSG00000157214,0
1432,ENSG00000112062,1
338645,ENSG00000187398,0
54106,ENSG00000239732,0
3827,ENSG00000113889,0
58525,ENSG00000011451,0
220107,ENSG00000186047,0
129807,ENSG00000277926,0
23637,ENSG00000011454,0
390264,ENSG00000254737,0
319101,ENSG00000186049,0
64180,ENSG00000141096,0
55343,ENSG00000181830,0
200159,ENSG00000173728,0
65108,ENSG00000175130,0
8800,ENSG00000166821,0
401661,ENSG00000197674,0
5551,ENSG00000180644,0
83719,ENSG00000090238,0
10046,ENSG00000013619,0
79627,ENSG00000119900,0
54478,ENSG00000129195,0
6917,ENSG00000187735,0
2825,ENSG00000283448,0
79659,ENSG00000187240,0
79590,ENSG00000143314,1
200942,ENSG00000185909,0
55191,ENSG00000172890,0
23099,ENSG00000169155,0
22921,ENSG00000148450,0
137209,ENSG00000180938,0
3385,ENSG00000076662,0
390148,ENSG00000187612,0
57148,ENSG00000170471,0
1438,ENSG00000198223,0
23590,ENSG00000148459,1
149371,ENSG00000116903,0
7782,ENSG00000104154,0
1297,ENSG00000112280,0
8443,ENSG00000116906,0
9439,ENSG00000112282,1
3851,ENSG00000170477,0
160364,ENSG00000172322,0
3646,ENSG00000104408,1
340533,ENSG00000050030,0
51237,ENSG00000170476,0
50999,ENSG00000117500,0
10488,ENSG00000107175,0
3883,ENSG00000261986,0
4634,ENSG00000160808,0
1810,ENSG00000117505,0
5243,ENSG00000085563,0
85302,ENSG00000188878,0
28392,ENSG00000224373,0
200933,ENSG00000174013,0
253827,ENSG00000174099,0
9612,ENSG00000196498,0
146956,ENSG00000154920,0
161424,ENSG00000196943,1
23787,ENSG00000137409,0
11270,ENSG00000228854,0
57616,ENSG00000121297,0
153733,ENSG00000164221,0
2151,ENSG00000164220,0
93986,ENSG00000128573,0
1549,ENSG00000198077,0
348654,ENSG00000178295,0
9701,ENSG00000100239,0
8531,ENSG00000060138,0
7078,ENSG00000100234,0
128025,ENSG00000162843,0
23200,ENSG00000058063,0
2981,ENSG00000044012,0
11172,ENSG00000120210,0
3641,ENSG00000120211,0
29126,ENSG00000120217,0
9894,ENSG00000100726,1
2315,ENSG00000120215,0
219348,ENSG00000189129,0
4861,ENSG00000130751,0
10533,ENSG00000197548,0
219436,ENSG00000186113,0
9535,ENSG00000130755,0
83893,ENSG00000144962,0
93517,ENSG00000184860,0
200958,ENSG00000274843,0
51078,ENSG00000176946,0
27143,ENSG00000107719,0
440163,ENSG00000206150,0
89797,ENSG00000166833,0
49860,ENSG00000143536,0
401067,ENSG00000229972,0
2585,ENSG00000156958,0
79025,ENSG00000125531,0
11234,ENSG00000288445,0
128408,ENSG00000125533,0
79144,ENSG00000125534,0
56140,ENSG00000291656,0
9752,ENSG00000291657,0
124923,ENSG00000167524,0
3553,ENSG00000125538,0
257062,ENSG00000174898,0
4729,ENSG00000178127,0
1407,ENSG00000008405,0
23760,ENSG00000180957,0
6774,ENSG00000168610,0
56146,ENSG00000291650,0
730,ENSG00000112936,0
3756,ENSG00000143473,0
6137,ENSG00000167526,1
643376,ENSG00000233436,0
2856,ENSG00000214943,0
51514,ENSG00000143476,1
8444,ENSG00000143479,0
56907,ENSG00000134278,0
337959,ENSG00000182816,0
80320,ENSG00000189120,0
5250,ENSG00000075415,1
3017,ENSG00000158373,0
124045,ENSG00000167523,0
4140,ENSG00000075413,0
56242,ENSG00000256771,0
8754,ENSG00000282230,0
23334,ENSG00000198198,0
80347,ENSG00000068120,1
53339,ENSG00000064726,0
3899,ENSG00000144218,0
100507050,ENSG00000261594,1
5892,ENSG00000185379,1
3028,ENSG00000072506,1
51149,ENSG00000283918,0
8243,ENSG00000072501,1
2780,ENSG00000134183,0
56893,ENSG00000160803,0
55119,ENSG00000134186,1
2944,ENSG00000134184,0
54855,ENSG00000183508,0
875,ENSG00000160200,0
137075,ENSG00000253958,0
746,ENSG00000134825,1
28616,ENSG00000211745,0
28567,ENSG00000211747,0
28568,ENSG00000211746,0
388364,ENSG00000182271,0
147011,ENSG00000167525,0
28814,ENSG00000211664,0
129787,ENSG00000151353,0
27175,ENSG00000037042,0
100131187,ENSG00000215845,0
1857,ENSG00000161202,0
11077,ENSG00000160207,0
55063,ENSG00000078487,0
84108,ENSG00000156374,0
7738,ENSG00000096654,0
1175,ENSG00000042753,1
324,ENSG00000134982,0
64693,ENSG00000282841,0
134430,ENSG00000134987,1
9315,ENSG00000134986,0
23076,ENSG00000160208,0
53838,ENSG00000171067,0
4604,ENSG00000196091,0
25803,ENSG00000124664,0
84448,ENSG00000163995,0
401387,ENSG00000240720,0
4435,ENSG00000125931,0
3696,ENSG00000105855,0
5445,ENSG00000105854,0
22818,ENSG00000111481,1
26959,ENSG00000105856,0
153,ENSG00000043591,0
10590,ENSG00000079689,0
89885,ENSG00000147378,0
5446,ENSG00000105852,0
401505,ENSG00000175768,0
338949,ENSG00000187806,0
51280,ENSG00000135052,0
65243,ENSG00000187801,0
3776,ENSG00000082482,0
51360,ENSG00000012174,0
7869,ENSG00000012171,0
6610,ENSG00000135587,0
10133,ENSG00000123240,0
10136,ENSG00000142789,0
80760,ENSG00000123243,0
8499,ENSG00000139220,0
390195,ENSG00000176495,0
9772,ENSG00000177728,0
10109,ENSG00000163466,1
391189,ENSG00000197591,0
126070,ENSG00000171295,0
55153,ENSG00000198301,1
93377,ENSG00000197430,0
128229,ENSG00000163467,0
55809,ENSG00000124496,0
9543,ENSG00000174498,0
6160,ENSG00000071082,1
6282,ENSG00000163191,0
55760,ENSG00000089876,0
302,ENSG00000182718,0
125061,ENSG00000183077,0
3166,ENSG00000215612,0
85364,ENSG00000247315,0
283,ENSG00000214274,0
100170765,ENSG00000204978,0
100500938,ENSG00000255359,0
196541,ENSG00000139780,0
90594,ENSG00000171291,0
4081,ENSG00000180660,0
2016,ENSG00000135638,0
401944,ENSG00000187942,0
401027,ENSG00000187944,0
55432,ENSG00000180667,0
5346,ENSG00000166819,0
10322,ENSG00000135632,0
26056,ENSG00000135631,0
8291,ENSG00000135636,0
84865,ENSG00000135637,0
100288142,ENSG00000162825,0
10682,ENSG00000147155,0
5096,ENSG00000114054,0
442868,ENSG00000185894,0
22916,ENSG00000114503,1
3916,ENSG00000185896,0
338398,ENSG00000285341,0
7360,ENSG00000169764,0
140707,ENSG00000184992,0
8692,ENSG00000068001,0
5990,ENSG00000087903,0
6509,ENSG00000115902,0
120793,ENSG00000183389,0
3069,ENSG00000115677,0
93107,ENSG00000168418,0
6654,ENSG00000115904,0
844,ENSG00000143318,0
2548,ENSG00000171298,0
132954,ENSG00000163440,0
92196,ENSG00000163331,0
92703,ENSG00000163444,0
93978,ENSG00000205846,0
28477,ENSG00000240041,0
9500,ENSG00000179222,0
790,ENSG00000084774,1
221545,ENSG00000204564,0
50831,ENSG00000127362,0
143458,ENSG00000179241,0
100506127,ENSG00000179240,0
54429,ENSG00000127366,0
50832,ENSG00000127364,0
23046,ENSG00000116852,0
390058,ENSG00000176239,0
346517,ENSG00000277378,0
10321,ENSG00000096006,0
493,ENSG00000058668,0
317701,ENSG00000196131,0
126541,ENSG00000176231,0
390436,ENSG00000291811,0
5879,ENSG00000136238,1
4649,ENSG00000066933,0
548593,ENSG00000132207,0
84034,ENSG00000132205,0
9771,ENSG00000136237,0
51663,ENSG00000056097,0
10457,ENSG00000136235,0
5062,ENSG00000180370,0
3805,ENSG00000275699,0
337867,ENSG00000134882,0
8541,ENSG00000177380,0
2649,ENSG00000148200,0
6229,ENSG00000138326,0
7746,ENSG00000137185,0
6511,ENSG00000105143,0
23581,ENSG00000105141,0
2177,ENSG00000144554,0
6795,ENSG00000105146,0
1356,ENSG00000047457,0
4175,ENSG00000076003,1
64110,ENSG00000177383,0
113451,ENSG00000142920,0
342527,ENSG00000188176,0
132001,ENSG00000279643,1
84262,ENSG00000157778,1
140,ENSG00000282608,0
79931,ENSG00000050730,0
56934,ENSG00000154975,0
473,ENSG00000142599,0
6857,ENSG00000067715,0
5058,ENSG00000149269,0
25816,ENSG00000145779,0
282618,ENSG00000291872,0
92105,ENSG00000149262,1
90993,ENSG00000157613,0
726,ENSG00000149260,0
50636,ENSG00000146205,0
88745,ENSG00000124541,0
441531,ENSG00000226784,0
2898,ENSG00000164418,0
653282,ENSG00000228517,0
7172,ENSG00000137364,0
28509,ENSG00000237197,0
22980,ENSG00000141002,0
154664,ENSG00000179869,0
51764,ENSG00000127588,0
63922,ENSG00000127586,0
146330,ENSG00000127585,0
10559,ENSG00000164414,0
163732,ENSG00000179862,0
91404,ENSG00000187231,0
84219,ENSG00000127580,0
51208,ENSG00000066405,0
10668,ENSG00000100532,0
6169,ENSG00000172809,1
4319,ENSG00000166670,0
154467,ENSG00000198937,0
780776,ENSG00000166676,0
653404,ENSG00000273514,0
149685,ENSG00000182035,0
9572,ENSG00000126368,0
23607,ENSG00000198087,0
347734,ENSG00000157593,0
29082,ENSG00000285302,0
143872,ENSG00000165895,0
4034,ENSG00000077454,0
151888,ENSG00000186265,0
144455,ENSG00000165891,0
84878,ENSG00000119574,0
3781,ENSG00000080709,0
283310,ENSG00000165899,0
143684,ENSG00000077458,0
81031,ENSG00000197496,0
2314,ENSG00000177731,1
196528,ENSG00000189079,0
120775,ENSG00000178358,0
10846,ENSG00000112541,0
5092,ENSG00000166228,0
100507608,ENSG00000267635,0
51226,ENSG00000005243,0
56034,ENSG00000145431,0
130502,ENSG00000183891,0
5577,ENSG00000005249,0
51239,ENSG00000213337,0
221656,ENSG00000165097,0
54883,ENSG00000273559,0
10838,ENSG00000063587,0
216,ENSG00000165092,0
117531,ENSG00000165091,0
128312,ENSG00000285449,0
58473,ENSG00000021300,0
3362,ENSG00000158748,0
56145,ENSG00000291651,0
647174,ENSG00000253309,0
221393,ENSG00000153294,0
5634,ENSG00000101911,0
4681,ENSG00000158747,0
9481,ENSG00000153291,0
51311,ENSG00000101916,0
10692,ENSG00000180245,0
150356,ENSG00000100399,0
3105,ENSG00000235657,0
5327,ENSG00000104368,0
56704,ENSG00000104369,0
3551,ENSG00000104365,0
2033,ENSG00000100393,1
6781,ENSG00000159167,0
83746,ENSG00000100395,0
79815,ENSG00000104361,0
100137047,ENSG00000243789,0
23041,ENSG00000061987,0
113835,ENSG00000197134,0
2519,ENSG00000001036,0
9559,ENSG00000122958,0
119180,ENSG00000151033,0
3578,ENSG00000145839,0
9879,ENSG00000145833,1
153328,ENSG00000145832,0
120114,ENSG00000165323,0
1339,ENSG00000156885,0
51397,ENSG00000145781,0
56929,ENSG00000145780,0
113146,ENSG00000185567,0
9140,ENSG00000145782,0
26289,ENSG00000154027,0
79959,ENSG00000101624,0
125206,ENSG00000154025,0
2298,ENSG00000170122,0
79912,ENSG00000121350,0
3375,ENSG00000121351,0
81890,ENSG00000213339,0
2848,ENSG00000170128,0
2940,ENSG00000174156,0
11092,ENSG00000165698,0
92126,ENSG00000262102,0
64881,ENSG00000197991,0
1456,ENSG00000151292,0
27197,ENSG00000171657,0
4155,ENSG00000197971,0
83638,ENSG00000175573,0
55247,ENSG00000109674,0
222662,ENSG00000197753,0
2857,ENSG00000171659,0
3223,ENSG00000197757,0
55717,ENSG00000120008,0
158067,ENSG00000165695,0
64856,ENSG00000179403,0
90488,ENSG00000151135,0
10787,ENSG00000061676,0
3122,ENSG00000226260,0
905,ENSG00000082258,0
65084,ENSG00000166575,0
6678,ENSG00000113140,0
3550,ENSG00000113141,1
53917,ENSG00000169228,0
28448,ENSG00000211943,0
56923,ENSG00000132911,0
1749,ENSG00000105880,0
9721,ENSG00000204175,0
28449,ENSG00000211942,0
10636,ENSG00000169220,0
26000,ENSG00000169221,0
3275,ENSG00000160310,0
148823,ENSG00000169224,0
9723,ENSG00000170381,0
8550,ENSG00000089022,0
10446,ENSG00000170382,0
7779,ENSG00000170385,0
55698,ENSG00000157927,0
389677,ENSG00000183808,0
267,ENSG00000159461,0
5145,ENSG00000132915,0
51095,ENSG00000072756,0
9145,ENSG00000100321,0
85290,ENSG00000196156,0
2444,ENSG00000111816,0
1967,ENSG00000111361,1
100505591,ENSG00000204913,0
4552,ENSG00000124275,0
57696,ENSG00000111364,1
729201,ENSG00000171478,0
79072,ENSG00000124279,0
9196,ENSG00000170049,0
7022,ENSG00000087510,0
10553,ENSG00000109854,0
114659,ENSG00000185158,0
84445,ENSG00000107816,0
56652,ENSG00000107815,1
28827,ENSG00000211684,0
28834,ENSG00000211685,0
57576,ENSG00000117245,0
84899,ENSG00000125247,0
83881,ENSG00000185155,0
81855,ENSG00000107819,0
283899,ENSG00000169592,0
143244,ENSG00000253626,0
2841,ENSG00000125245,0
10522,ENSG00000282712,0
646,ENSG00000169594,0
5780,ENSG00000169410,0
1677,ENSG00000169598,0
27247,ENSG00000169599,0
84928,ENSG00000146842,0
9275,ENSG00000106635,0
10652,ENSG00000106636,1
343172,ENSG00000177462,0
58498,ENSG00000106631,0
835,ENSG00000106144,0
2645,ENSG00000106633,0
2125,ENSG00000167880,0
80243,ENSG00000046889,0
26608,ENSG00000106638,0
200315,ENSG00000128383,0
9853,ENSG00000198853,0
25759,ENSG00000129946,0
4695,ENSG00000131495,0
81833,ENSG00000118434,0
341799,ENSG00000181803,0
10018,ENSG00000153094,0
6730,ENSG00000167881,1
4108,ENSG00000123584,0
132851,ENSG00000150628,0
133957,ENSG00000164366,0
54514,ENSG00000152670,0
10564,ENSG00000124198,0
887,ENSG00000110148,0
23617,ENSG00000206203,0
79729,ENSG00000214193,0
90865,ENSG00000137033,0
2717,ENSG00000102393,0
51260,ENSG00000102390,0
8452,ENSG00000036257,1
9370,ENSG00000181092,0
1606,ENSG00000065357,0
93183,ENSG00000143315,0
1794,ENSG00000134516,0
131669,ENSG00000159650,0
83876,ENSG00000134042,0
55248,ENSG00000065600,0
4835,ENSG00000124588,0
78997,ENSG00000124194,0
7633,ENSG00000196152,0
5190,ENSG00000124587,0
81285,ENSG00000167332,0
151449,ENSG00000143869,0
9892,ENSG00000065609,0
81875,ENSG00000143319,1
79644,ENSG00000128039,1
29954,ENSG00000009830,0
9470,ENSG00000135930,0
6895,ENSG00000139546,0
149699,ENSG00000124196,0
7771,ENSG00000062370,0
6867,ENSG00000147526,0
322,ENSG00000166313,0
57826,ENSG00000123728,0
51673,ENSG00000159713,0
647024,ENSG00000188112,0
84343,ENSG00000163755,0
4133,ENSG00000078018,0
117,ENSG00000078549,0
401551,ENSG00000136918,0
83695,ENSG00000171792,0
100131801,ENSG00000229833,0
90871,ENSG00000137038,0
11260,ENSG00000184575,0
79415,ENSG00000178927,0
10024,ENSG00000135451,0
81888,ENSG00000178922,0
9911,ENSG00000133069,0
284355,ENSG00000178928,0
51725,ENSG00000163833,0
54859,ENSG00000163832,1
3660,ENSG00000168310,0
84968,ENSG00000235961,0
4336,ENSG00000168314,0
83743,ENSG00000105447,1
5146,ENSG00000095464,0
9266,ENSG00000105443,0
1201,ENSG00000188603,0
23632,ENSG00000118298,0
5210,ENSG00000114268,0
26025,ENSG00000253159,0
79630,ENSG00000118292,0
54896,ENSG00000040487,0
5717,ENSG00000108671,1
57708,ENSG00000198160,0
144448,ENSG00000231738,0
2862,ENSG00000102539,0
89122,ENSG00000146833,0
442184,ENSG00000226832,0
442185,ENSG00000226931,0
442186,ENSG00000206522,0
7593,ENSG00000099326,0
64601,ENSG00000215305,1
64599,ENSG00000146830,0
22862,ENSG00000102531,0
26692,ENSG00000226463,0
26468,ENSG00000106852,0
22949,ENSG00000106853,0
5496,ENSG00000115241,0
84154,ENSG00000197498,1
89890,ENSG00000165572,0
64682,ENSG00000153107,0
26119,ENSG00000157978,0
1397,ENSG00000182809,0
1142,ENSG00000147432,0
54663,ENSG00000133316,1
400668,ENSG00000185198,0
1390,ENSG00000095794,0
55090,ENSG00000141026,0
8973,ENSG00000147434,0
8350,ENSG00000275714,0
2796,ENSG00000147437,0
25817,ENSG00000219438,0
8510,ENSG00000189409,0
4519,ENSG00000198727,0
54899,ENSG00000168297,0
7371,ENSG00000143179,0
729233,ENSG00000204918,0
23172,ENSG00000165660,0
169714,ENSG00000165661,0
84002,ENSG00000176597,0
7851,ENSG00000144063,0
125,ENSG00000196616,0
9711,ENSG00000145016,0
81448,ENSG00000196171,0
63877,ENSG00000165669,0
151648,ENSG00000129810,1
84676,ENSG00000158022,0
144406,ENSG00000158023,0
4867,ENSG00000144061,0
347853,ENSG00000167800,0
9425,ENSG00000153046,0
55275,ENSG00000283883,1
55220,ENSG00000162873,0
146183,ENSG00000284559,0
374969,ENSG00000177868,0
83460,ENSG00000127774,0
255520,ENSG00000179387,0
414918,ENSG00000205593,0
55106,ENSG00000172123,0
729092,ENSG00000172650,0
79066,ENSG00000127804,1
81570,ENSG00000162129,0
60487,ENSG00000066651,0
8560,ENSG00000143753,0
2130,ENSG00000182944,0
1960,ENSG00000179388,0
55623,ENSG00000066654,0
51160,ENSG00000160948,1
730094,ENSG00000185716,0
6359,ENSG00000275528,0
64215,ENSG00000136770,0
138474,ENSG00000122728,0
48,ENSG00000122729,0
401992,ENSG00000292018,0
8861,ENSG00000198728,0
220972,ENSG00000278545,0
7253,ENSG00000165409,0
401190,ENSG00000186479,0
402,ENSG00000213465,1
2086,ENSG00000213462,0
92086,ENSG00000149435,0
441272,ENSG00000214300,0
51084,ENSG00000165475,0
57085,ENSG00000177674,0
7466,ENSG00000109501,0
2706,ENSG00000165474,0
1729,ENSG00000131504,0
7287,ENSG00000112041,0
7251,ENSG00000074319,1
4508,ENSG00000198899,0
287,ENSG00000145362,0
6620,ENSG00000074317,0
221035,ENSG00000165476,0
8899,ENSG00000112739,1
64146,ENSG00000258429,0
112479,ENSG00000196678,0
654231,ENSG00000122543,0
3267,ENSG00000173744,0
989,ENSG00000122545,0
28496,ENSG00000233655,0
80820,ENSG00000122547,0
4528,ENSG00000085760,0
79879,ENSG00000100147,0
2562,ENSG00000166206,0
64410,ENSG00000183655,0
56985,ENSG00000170222,0
4135,ENSG00000171533,0
80007,ENSG00000119965,0
3070,ENSG00000119969,0
11344,ENSG00000247596,0
57535,ENSG00000116299,0
741,ENSG00000174276,1
55824,ENSG00000076641,0
79097,ENSG00000150244,0
54955,ENSG00000116922,1
80726,ENSG00000130518,0
1080,ENSG00000001626,0
130951,ENSG00000159374,0
50804,ENSG00000104177,0
6352,ENSG00000271503,0
9518,ENSG00000130513,0
54467,ENSG00000001629,0
319089,ENSG00000139865,0
85007,ENSG00000175309,0
6833,ENSG00000006071,0
2625,ENSG00000107485,0
84910,ENSG00000153214,0
83642,ENSG00000073169,0
11082,ENSG00000164283,0
160,ENSG00000196961,0
55283,ENSG00000055732,0
90806,ENSG00000174606,0
90390,ENSG00000164758,1
169026,ENSG00000164756,0
5885,ENSG00000164754,1
200205,ENSG00000181873,0
5828,ENSG00000164751,0
91289,ENSG00000100258,0
56947,ENSG00000168958,0
3918,ENSG00000058085,0
6529,ENSG00000157103,0
57547,ENSG00000197566,0
8867,ENSG00000159082,0
129684,ENSG00000155052,0
55586,ENSG00000100253,0
23367,ENSG00000155506,0
94104,ENSG00000263141,1
9397,ENSG00000152465,0
10806,ENSG00000276111,0
54814,ENSG00000011478,0
6118,ENSG00000117748,1
55219,ENSG00000204178,0
115548,ENSG00000157107,0
388662,ENSG00000197106,0
64853,ENSG00000186063,0
92749,ENSG00000157856,0
55745,ENSG00000053770,0
2650,ENSG00000187210,0
440695,ENSG00000253831,0
112714,ENSG00000152086,0
278,ENSG00000187733,0
3077,ENSG00000010704,0
51066,ENSG00000125046,0
347051,ENSG00000253598,0
8825,ENSG00000111052,0
55031,ENSG00000170242,0
201514,ENSG00000171574,0
55696,ENSG00000086589,1
5147,ENSG00000156973,0
701,ENSG00000156970,1
29956,ENSG00000143418,0
23239,ENSG00000081913,0
27102,ENSG00000086232,0
116228,ENSG00000203667,0
146225,ENSG00000140932,0
3990,ENSG00000166035,0
8416,ENSG00000143412,0
27159,ENSG00000134216,0
10451,ENSG00000134215,0
220388,ENSG00000179071,0
10690,ENSG00000172461,0
345557,ENSG00000182836,0
387332,ENSG00000182521,0
7673,ENSG00000159885,0
203260,ENSG00000159884,0
7572,ENSG00000172466,0
283238,ENSG00000197658,0
23142,ENSG00000109184,0
6709,ENSG00000197694,0
5244,ENSG00000005471,0
4828,ENSG00000197696,0
5222,ENSG00000256713,0
4951,ENSG00000135175,0
5825,ENSG00000117528,0
768,ENSG00000107159,0
23215,ENSG00000117523,0
2324,ENSG00000037280,0
6168,ENSG00000197756,1
641372,ENSG00000205669,0
2152,ENSG00000117525,0
4795,ENSG00000234530,0
131076,ENSG00000160124,0
392,ENSG00000175220,0
55182,ENSG00000187147,0
5715,ENSG00000110801,0
388649,ENSG00000203910,0
647310,ENSG00000226174,0
1000,ENSG00000170558,0
1087,ENSG00000280501,0
81309,ENSG00000181939,0
1082,ENSG00000104827,0
3191,ENSG00000282947,1
57476,ENSG00000023171,0
54541,ENSG00000168209,0
1650,ENSG00000244038,1
387748,ENSG00000181023,0
117144,ENSG00000175294,0
3113,ENSG00000231389,0
445328,ENSG00000213214,0
343930,ENSG00000151379,0
64115,ENSG00000107738,0
51301,ENSG00000176928,0
10956,ENSG00000135506,0
100381270,ENSG00000257315,0
119692,ENSG00000176922,0
219699,ENSG00000107731,0
5934,ENSG00000103479,0
119694,ENSG00000176925,0
10873,ENSG00000151376,0
407738,ENSG00000183662,0
221833,ENSG00000164651,0
90987,ENSG00000278062,0
54664,ENSG00000106460,0
2146,ENSG00000106462,1
284349,ENSG00000167637,0
2358,ENSG00000171049,0
165918,ENSG00000163961,0
23435,ENSG00000120948,0
943,ENSG00000120949,0
11010,ENSG00000139278,0
29914,ENSG00000120942,0
728927,ENSG00000234444,0
203062,ENSG00000171045,0
286046,ENSG00000284927,0
7025,ENSG00000175745,0
57458,ENSG00000057704,0
9690,ENSG00000009335,0
91057,ENSG00000109881,0
6646,ENSG00000057252,0
391723,ENSG00000187821,0
84905,ENSG00000131061,0
126147,ENSG00000142233,0
2686,ENSG00000131067,0
114783,ENSG00000142235,0
79648,ENSG00000147316,0
735,ENSG00000113600,0
3801,ENSG00000140859,0
58524,ENSG00000064218,0
1544,ENSG00000140505,0
466,ENSG00000123268,0
24138,ENSG00000152778,0
10300,ENSG00000140854,0
23683,ENSG00000115825,0
55646,ENSG00000145220,0
219770,ENSG00000177291,0
162517,ENSG00000177294,0
83862,ENSG00000189077,1
126306,ENSG00000167476,0
84316,ENSG00000183011,0
9677,ENSG00000168781,0
727857,ENSG00000205899,0
90007,ENSG00000167470,0
30850,ENSG00000109089,0
375484,ENSG00000170085,0
200504,ENSG00000183607,0
9671,ENSG00000075035,0
8914,ENSG00000111602,1
27346,ENSG00000109084,0
9447,ENSG00000163568,0
25992,ENSG00000162804,0
119559,ENSG00000183605,0
173,ENSG00000079557,0
100526783,ENSG00000250021,0
9759,ENSG00000068024,0
79949,ENSG00000148735,0
84894,ENSG00000169783,0
653598,ENSG00000288867,0
56105,ENSG00000253873,0
8655,ENSG00000088986,0
11186,ENSG00000068028,0
2202,ENSG00000115380,0
91949,ENSG00000168434,0
113510,ENSG00000163312,0
5967,ENSG00000115386,0
27440,ENSG00000069998,0
3030,ENSG00000084754,0
51023,ENSG00000163319,0
1384,ENSG00000095321,0
57482,ENSG00000109265,0
10580,ENSG00000095637,0
4332,ENSG00000163563,0
5886,ENSG00000179262,0
765,ENSG00000131686,0
100287513,ENSG00000248933,0
84641,ENSG00000148110,0
28906,ENSG00000211611,0
11345,ENSG00000034713,0
122748,ENSG00000291779,0
10641,ENSG00000114388,0
60489,ENSG00000239713,0
360030,ENSG00000205857,0
11334,ENSG00000114383,0
1396,ENSG00000213145,0
10329,ENSG00000118600,0
84109,ENSG00000186867,0
125997,ENSG00000230522,0
255626,ENSG00000146047,0
23275,ENSG00000186866,0
55501,ENSG00000136213,0
196477,ENSG00000197651,0
23624,ENSG00000142273,0
2549,ENSG00000109458,0
84321,ENSG00000051596,0
347687,ENSG00000133136,0
79589,ENSG00000133135,0
84707,ENSG00000133134,0
64579,ENSG00000138653,0
10695,ENSG00000137161,0
79710,ENSG00000133131,0
57575,ENSG00000138650,0
2746,ENSG00000148672,0
79955,ENSG00000186862,0
51645,ENSG00000137168,0
84647,ENSG00000138308,0
83857,ENSG00000133687,0
5166,ENSG00000004799,0
6517,ENSG00000288174,0
23619,ENSG00000269699,0
440275,ENSG00000128829,0
79862,ENSG00000188295,0
57801,ENSG00000188290,0
6414,ENSG00000250722,0
374918,ENSG00000188293,0
79339,ENSG00000183251,0
55521,ENSG00000152503,0
3964,ENSG00000116977,0
22974,ENSG00000088325,1
85002,ENSG00000285316,0
11283,ENSG00000186526,0
28954,ENSG00000088320,0
253714,ENSG00000146263,1
57595,ENSG00000067840,0
492,ENSG00000067842,0
84553,ENSG00000146267,0
10058,ENSG00000115657,0
29997,ENSG00000105373,1
80146,ENSG00000115652,0
85463,ENSG00000149289,0
337976,ENSG00000184032,0
79777,ENSG00000181513,0
7534,ENSG00000164924,0
115004,ENSG00000164430,0
53358,ENSG00000148082,0
54876,ENSG00000163257,0
2173,ENSG00000164434,0
8844,ENSG00000141068,0
3159,ENSG00000137309,0
6769,ENSG00000144681,0
64137,ENSG00000172350,0
79870,ENSG00000164929,0
7021,ENSG00000008196,0
79656,ENSG00000162373,0
65260,ENSG00000162377,0
1996,ENSG00000162374,0
2263,ENSG00000066468,0
79699,ENSG00000162378,0
6508,ENSG00000114923,0
894,ENSG00000118971,0
8074,ENSG00000118972,0
3150,ENSG00000205581,0
54906,ENSG00000108021,0
79903,ENSG00000122390,0
51168,ENSG00000091536,0
143496,ENSG00000221996,0
5501,ENSG00000186298,0
57232,ENSG00000221994,0
148223,ENSG00000119559,0
57404,ENSG00000119004,0
23400,ENSG00000159363,0
23466,ENSG00000183741,0
100130933,ENSG00000259120,0
4209,ENSG00000291761,0
10791,ENSG00000168899,0
10388,ENSG00000196074,0
815,ENSG00000070808,0
7942,ENSG00000112561,0
64094,ENSG00000112562,0
864,ENSG00000020633,0
641700,ENSG00000249751,0
8557,ENSG00000173991,0
9973,ENSG00000173992,0
51006,ENSG00000080189,0
1030,ENSG00000147883,0
124446,ENSG00000149932,0
3449,ENSG00000147885,0
9344,ENSG00000149930,0
340393,ENSG00000261587,0
2260,ENSG00000077782,0
23576,ENSG00000153904,0
671,ENSG00000101425,0
204219,ENSG00000154227,0
80755,ENSG00000266967,0
128866,ENSG00000101421,1
163175,ENSG00000153902,0
9949,ENSG00000101935,0
60436,ENSG00000118707,0
91851,ENSG00000101938,0
50848,ENSG00000158769,0
5578,ENSG00000154229,0
201299,ENSG00000278023,0
29980,ENSG00000159147,1
79709,ENSG00000130309,0
63898,ENSG00000104611,0
6651,ENSG00000159140,1
55174,ENSG00000104613,0
55695,ENSG00000130305,0
376497,ENSG00000130304,0
83878,ENSG00000130307,0
25771,ENSG00000054611,0
375775,ENSG00000130653,0
83483,ENSG00000130300,0
684,ENSG00000130303,0
6120,ENSG00000197713,0
4883,ENSG00000113389,0
57713,ENSG00000198879,0
35,ENSG00000122971,0
28981,ENSG00000122970,0
30836,ENSG00000067334,1
284521,ENSG00000196071,0
10923,ENSG00000113387,0
64083,ENSG00000113384,0
113612,ENSG00000155016,0
81555,ENSG00000145817,0
81624,ENSG00000139734,0
5008,ENSG00000099985,0
2953,ENSG00000277897,0
80233,ENSG00000185504,0
84889,ENSG00000165349,0
23092,ENSG00000145819,0
79603,ENSG00000090661,0
101059938,ENSG00000277983,0
26256,ENSG00000154040,0
54931,ENSG00000174173,1
345456,ENSG00000196570,0
6304,ENSG00000182568,0
50837,ENSG00000121377,0
2329,ENSG00000076258,0
6932,ENSG00000081059,0
64928,ENSG00000180992,0
84624,ENSG00000164694,0
10588,ENSG00000136371,0
1286,ENSG00000081052,0
6469,ENSG00000164690,0
174,ENSG00000081051,0
56943,ENSG00000120533,0
126432,ENSG00000187994,0
10438,ENSG00000197223,0
135924,ENSG00000273914,0
3479,ENSG00000017427,0
79591,ENSG00000120029,0
387640,ENSG00000180592,0
84930,ENSG00000120539,1
6676,ENSG00000061656,0
8347,ENSG00000180596,0
57010,ENSG00000175544,0
6389,ENSG00000073578,1
10087,ENSG00000113163,0
3156,ENSG00000113161,1
5207,ENSG00000158571,0
440353,ENSG00000169203,0
256281,ENSG00000183828,0
26533,ENSG00000169208,0
27131,ENSG00000089006,0
2220,ENSG00000160339,0
9743,ENSG00000134909,0
84258,ENSG00000213023,0
8907,ENSG00000072958,0
388559,ENSG00000213793,0
84816,ENSG00000130347,0
388630,ENSG00000269113,0
51281,ENSG00000144504,0
10335,ENSG00000072952,0
153768,ENSG00000186314,0
79041,ENSG00000072954,0
1653,ENSG00000079785,1
139760,ENSG00000147262,0
192668,ENSG00000205795,0
5129,ENSG00000117266,0
5094,ENSG00000197111,1
653519,ENSG00000117262,0
2253,ENSG00000107831,0
10360,ENSG00000107833,0
6736,ENSG00000184895,0
7097,ENSG00000137462,0
90827,ENSG00000185177,0
259285,ENSG00000236398,0
84978,ENSG00000171877,0
30837,ENSG00000274211,0
55750,ENSG00000262327,0
6323,ENSG00000144285,0
29899,ENSG00000121957,0
286151,ENSG00000156509,0
132320,ENSG00000151466,0
51422,ENSG00000106617,0
6009,ENSG00000106615,1
282617,ENSG00000291876,0
4905,ENSG00000276262,1
159090,ENSG00000156504,0
338596,ENSG00000148488,0
343990,ENSG00000196872,0
23221,ENSG00000008853,0
1737,ENSG00000150768,0
5365,ENSG00000198753,0
23464,ENSG00000100116,0
84080,ENSG00000124074,0
29761,ENSG00000155313,0
1793,ENSG00000150760,0
84313,ENSG00000131475,1
10266,ENSG00000131477,0
29893,ENSG00000131470,0
8639,ENSG00000131471,0
47,ENSG00000131473,1
114294,ENSG00000103642,0
126792,ENSG00000176022,0
10391,ENSG00000103647,0
386724,ENSG00000176020,0
10613,ENSG00000107566,0
10347,ENSG00000064687,0
2904,ENSG00000273079,0
375287,ENSG00000184898,0
345275,ENSG00000170509,0
153020,ENSG00000138670,0
9705,ENSG00000147488,0
26050,ENSG00000165300,0
84938,ENSG00000125703,0
5583,ENSG00000027075,0
55655,ENSG00000275082,0
164832,ENSG00000170500,0
92104,ENSG00000197557,0
390072,ENSG00000181074,0
9138,ENSG00000076928,0
84077,ENSG00000131379,0
10599,ENSG00000134538,0
5357,ENSG00000120756,0
26092,ENSG00000143337,0
90673,ENSG00000235194,0
23180,ENSG00000131378,0
6660,ENSG00000134532,0
85004,ENSG00000134533,0
2012,ENSG00000134531,0
54763,ENSG00000065371,0
3608,ENSG00000143621,1
3791,ENSG00000128052,0
116969,ENSG00000167311,0
65123,ENSG00000143624,1
94274,ENSG00000167641,0
10653,ENSG00000167642,0
5313,ENSG00000262785,0
27299,ENSG00000134028,0
4117,ENSG00000111837,0
345895,ENSG00000111834,0
27296,ENSG00000124251,0
51389,ENSG00000111832,0
140825,ENSG00000124257,0
27141,ENSG00000285199,0
643834,ENSG00000229859,0
10123,ENSG00000188042,0
245812,ENSG00000166997,0
84271,ENSG00000100227,0
9567,ENSG00000100226,0
22933,ENSG00000283100,0
152877,ENSG00000174137,0
727832,ENSG00000277322,0
11230,ENSG00000243279,0
100506564,ENSG00000249693,0
139341,ENSG00000069509,0
115362,ENSG00000154451,0
438,ENSG00000196433,0
7123,ENSG00000163815,0
64866,ENSG00000163814,0
54716,ENSG00000163817,0
23415,ENSG00000089558,0
23160,ENSG00000163811,1
7047,ENSG00000163810,0
492307,ENSG00000168333,0
51304,ENSG00000163812,0
148066,ENSG00000105428,0
1954,ENSG00000105429,0
5514,ENSG00000235291,1
654463,ENSG00000214814,0
26039,ENSG00000184402,0
990,ENSG00000094804,1
192666,ENSG00000167916,0
5802,ENSG00000105426,0
84518,ENSG00000105427,0
2568,ENSG00000094755,0
122618,ENSG00000166428,0
3459,ENSG00000027697,0
1646,ENSG00000151632,0
79782,ENSG00000114248,0
151887,ENSG00000091986,0
54831,ENSG00000039987,0
9533,ENSG00000171453,1
6136,ENSG00000197958,1
7334,ENSG00000177889,0
440957,ENSG00000168273,0
114821,ENSG00000232040,0
2885,ENSG00000177885,1
9913,ENSG00000119760,0
8621,ENSG00000065883,1
55635,ENSG00000024526,0
57799,ENSG00000197562,0
54764,ENSG00000019995,0
115701,ENSG00000198796,0
3082,ENSG00000019991,0
2215,ENSG00000162747,0
9033,ENSG00000107593,0
23625,ENSG00000176973,0
158248,ENSG00000167094,0
1406,ENSG00000105392,0
29086,ENSG00000105393,0
286205,ENSG00000173611,0
8601,ENSG00000147509,0
7297,ENSG00000105397,0
54466,ENSG00000147059,0
84284,ENSG00000135778,0
84804,ENSG00000135953,0
23456,ENSG00000135776,0
6822,ENSG00000105398,0
326625,ENSG00000139428,0
10753,ENSG00000135773,0
55654,ENSG00000135956,0
7403,ENSG00000147050,0
3568,ENSG00000091181,0
3131,ENSG00000108924,0
10589,ENSG00000175550,0
3484,ENSG00000146678,0
64802,ENSG00000173614,1
9633,ENSG00000132749,0
80071,ENSG00000149548,0
65078,ENSG00000040608,0
222,ENSG00000132746,0
4074,ENSG00000003056,0
91703,ENSG00000132744,0
113130,ENSG00000146670,1
402381,ENSG00000165643,0
26229,ENSG00000149541,0
3508,ENSG00000132740,0
3140,ENSG00000153029,0
5451,ENSG00000143190,0
84942,ENSG00000291629,0
221044,ENSG00000165623,0
390199,ENSG00000172742,0
84752,ENSG00000237172,0
26249,ENSG00000146021,0
116441,ENSG00000163762,0
283987,ENSG00000167861,0
10476,ENSG00000167863,0
337978,ENSG00000187026,0
79624,ENSG00000146476,0
138428,ENSG00000187024,0
9520,ENSG00000141279,0
84826,ENSG00000173349,0
220004,ENSG00000162148,0
245911,ENSG00000184276,0
221120,ENSG00000166199,0
7730,ENSG00000188629,0
197407,ENSG00000180035,0
64098,ENSG00000138964,0
123228,ENSG00000166192,0
653720,ENSG00000188626,0
9650,ENSG00000066855,0
340784,ENSG00000188620,0
28510,ENSG00000236170,0
403274,ENSG00000233412,0
100996648,ENSG00000215029,0
1050,ENSG00000245848,0
50944,ENSG00000161681,0
80333,ENSG00000281758,0
389730,ENSG00000185775,0
219654,ENSG00000165424,0
30816,ENSG00000242950,0
10558,ENSG00000090054,0
4773,ENSG00000101096,0
317772,ENSG00000184270,0
643382,ENSG00000232070,0
326624,ENSG00000172794,0
100507436,ENSG00000231225,0
140730,ENSG00000101098,0
6497,ENSG00000157933,0
285588,ENSG00000214360,0
4111,ENSG00000213401,0
729264,ENSG00000205456,0
653550,ENSG00000205457,0
8329,ENSG00000196747,0
79441,ENSG00000214367,1
653423,ENSG00000288309,0
94059,ENSG00000278312,0
7422,ENSG00000112715,0
23582,ENSG00000166946,0
28497,ENSG00000211911,0
23210,ENSG00000070495,0
147660,ENSG00000258405,0
8578,ENSG00000074660,0
127435,ENSG00000174348,0
51146,ENSG00000118017,0
6907,ENSG00000101849,0
728656,ENSG00000184911,0
56259,ENSG00000132792,1
7481,ENSG00000085741,0
84795,ENSG00000119943,0
26507,ENSG00000119946,0
2986,ENSG00000101890,0
84572,ENSG00000090581,0
339398,ENSG00000213171,0
9410,ENSG00000060688,0
10726,ENSG00000090273,1
57337,ENSG00000138468,0
25844,ENSG00000137207,0
28938,ENSG00000240864,0
114825,ENSG00000170234,0
646480,ENSG00000205186,0
1573,ENSG00000134716,0
10466,ENSG00000284369,0
91977,ENSG00000164591,0
84925,ENSG00000138463,0
10550,ENSG00000144746,0
611,ENSG00000128617,0
9039,ENSG00000144744,1
23126,ENSG00000143442,0
389549,ENSG00000128610,0
55915,ENSG00000132434,0
401036,ENSG00000182177,0
29106,ENSG00000104112,0
54964,ENSG00000143443,0
283989,ENSG00000182173,1
5424,ENSG00000062822,0
26018,ENSG00000144749,0
1736,ENSG00000130826,1
55558,ENSG00000130827,0
7389,ENSG00000126088,1
139728,ENSG00000130822,0
8451,ENSG00000139842,0
8434,ENSG00000122707,0
81061,ENSG00000130538,0
1211,ENSG00000122705,0
2556,ENSG00000011677,0
1852,ENSG00000130829,0
79184,ENSG00000185515,0
3097,ENSG00000010818,0
285429,ENSG00000182308,0
201931,ENSG00000170088,0
3627,ENSG00000169245,0
729442,ENSG00000224902,0
126308,ENSG00000172081,0
2534,ENSG00000010810,0
8365,ENSG00000158406,0
389320,ENSG00000196900,0
400746,ENSG00000184454,0
995,ENSG00000158402,0
11332,ENSG00000097021,0
58531,ENSG00000178257,0
2020,ENSG00000164778,0
83888,ENSG00000137441,0
9982,ENSG00000137440,0
83795,ENSG00000095981,0
11180,ENSG00000178252,0
132864,ENSG00000137449,0
10193,ENSG00000181852,0
222256,ENSG00000128536,0
51691,ENSG00000128534,1
7045,ENSG00000120708,0
51307,ENSG00000120709,0
10412,ENSG00000164346,1
25809,ENSG00000100271,0
10633,ENSG00000100276,0
932,ENSG00000149516,0
150,ENSG00000150594,0
51575,ENSG00000089048,1
10251,ENSG00000168939,0
5480,ENSG00000168938,0
2107,ENSG00000120705,1
379,ENSG00000175906,0
5734,ENSG00000171522,0
23208,ENSG00000132718,0
390595,ENSG00000246922,0
8021,ENSG00000126883,1
286336,ENSG00000126882,0
924,ENSG00000173762,0
1063,ENSG00000117724,0
11335,ENSG00000122565,0
157506,ENSG00000121039,0
10312,ENSG00000110719,0
84140,ENSG00000170264,0
8427,ENSG00000170265,0
56246,ENSG00000170262,0
7988,ENSG00000170260,0
25855,ENSG00000174744,0
55048,ENSG00000167987,0
9049,ENSG00000110711,0
112,ENSG00000174233,0
4928,ENSG00000110713,1
57165,ENSG00000198835,0
729238,ENSG00000185303,0
4728,ENSG00000110717,0
2847,ENSG00000128285,0
80833,ENSG00000128284,0
405,ENSG00000143437,0
4784,ENSG00000008441,0
11135,ENSG00000128283,0
1173,ENSG00000161203,0
3157,ENSG00000112972,1
283159,ENSG00000196341,0
79598,ENSG00000182504,0
84197,ENSG00000185900,0
1611,ENSG00000112977,0
140886,ENSG00000174740,0
197342,ENSG00000197774,0
730087,ENSG00000213967,0
6599,ENSG00000173473,0
55317,ENSG00000125843,0
552889,ENSG00000253719,0
51161,ENSG00000088543,0
196463,ENSG00000151176,0
6504,ENSG00000117090,0
962,ENSG00000117091,0
8045,ENSG00000273859,0
23413,ENSG00000107130,0
8871,ENSG00000078269,0
54456,ENSG00000073146,0
64816,ENSG00000021461,0
92935,ENSG00000247626,1
245927,ENSG00000214642,0
29886,ENSG00000106266,0
8662,ENSG00000106263,1
79132,ENSG00000108771,0
7586,ENSG00000106261,0
132720,ENSG00000174749,0
347487,ENSG00000203933,0
115557,ENSG00000240771,0
51333,ENSG00000179965,0
4521,ENSG00000106268,0
27294,ENSG00000104808,0
2272,ENSG00000189283,0
6050,ENSG00000023191,0
2919,ENSG00000163739,0
150297,ENSG00000205856,0
345462,ENSG00000234284,0
4924,ENSG00000104805,0
7288,ENSG00000104804,0
55311,ENSG00000167685,0
6920,ENSG00000204219,0
84282,ENSG00000181481,0
80006,ENSG00000113597,0
373,ENSG00000113595,0
3977,ENSG00000113594,0
23398,ENSG00000113593,1
2969,ENSG00000263001,0
163033,ENSG00000218891,0
56892,ENSG00000176907,0
401665,ENSG00000176900,0
9240,ENSG00000176903,0
353149,ENSG00000214946,0
968,ENSG00000129226,0
284358,ENSG00000176909,0
23746,ENSG00000129221,0
6167,ENSG00000145592,1
135293,ENSG00000146281,0
10467,ENSG00000106400,0
51480,ENSG00000177504,0
24146,ENSG00000106404,0
85019,ENSG00000134490,0
79191,ENSG00000177508,0
65124,ENSG00000198142,0
5546,ENSG00000143294,0
83416,ENSG00000143297,0
54989,ENSG00000198146,0
9169,ENSG00000139218,0
1280,ENSG00000139219,0
5985,ENSG00000111445,1
347902,ENSG00000139211,0
390940,ENSG00000234465,0
387718,ENSG00000175018,0
3888,ENSG00000161850,0
1978,ENSG00000187840,0
23493,ENSG00000135547,0
57224,ENSG00000135540,0
3029,ENSG00000063854,0
25980,ENSG00000131043,0
79770,ENSG00000113621,0
29979,ENSG00000135018,0
353134,ENSG00000172155,0
8547,ENSG00000142748,0
10608,ENSG00000123933,0
102724473,ENSG00000215274,0
11057,ENSG00000140526,0
56964,ENSG00000140527,0
55215,ENSG00000140525,0
6584,ENSG00000197375,0
55711,ENSG00000064763,0
5428,ENSG00000140521,0
28915,ENSG00000243063,0
4881,ENSG00000169418,0
79626,ENSG00000163154,0
388695,ENSG00000163155,0
79005,ENSG00000163156,0
29765,ENSG00000163157,0
138429,ENSG00000167103,0
3891,ENSG00000135443,0
3251,ENSG00000165704,0
91526,ENSG00000065413,0
643904,ENSG00000189051,0
51136,ENSG00000189050,0
6870,ENSG00000169836,0
93659,ENSG00000189052,0
6944,ENSG00000163159,1
374393,ENSG00000189057,0
400891,ENSG00000187905,0
26151,ENSG00000109065,0
84622,ENSG00000180626,0
56994,ENSG00000111666,0
2784,ENSG00000111664,0
59341,ENSG00000111199,0
23644,ENSG00000038358,0
7167,ENSG00000111669,1
283365,ENSG00000188324,0
51637,ENSG00000087302,1
22795,ENSG00000087303,0
375298,ENSG00000188452,0
51421,ENSG00000114019,0
5347,ENSG00000166851,1
10845,ENSG00000166855,0
942,ENSG00000114013,0
5074,ENSG00000177425,0
10554,ENSG00000206324,0
10295,ENSG00000103507,0
392465,ENSG00000171433,0
123688,ENSG00000188266,0
55806,ENSG00000168453,0
55249,ENSG00000163374,0
7472,ENSG00000105989,0
151647,ENSG00000163377,0
285203,ENSG00000163378,0
4688,ENSG00000116701,0
26262,ENSG00000048140,0
64327,ENSG00000105983,0
140545,ENSG00000105982,0
440335,ENSG00000267795,0
6146,ENSG00000116251,0
26476,ENSG00000196184,0
26952,ENSG00000109208,0
123346,ENSG00000175202,0
159371,ENSG00000176273,0
1540,ENSG00000083799,0
56924,ENSG00000137843,0
54969,ENSG00000056050,0
1742,ENSG00000132535,0
54881,ENSG00000136891,1
54739,ENSG00000132530,0
54542,ENSG00000056586,0
192286,ENSG00000146066,0
144347,ENSG00000178882,0
5994,ENSG00000133111,0
84079,ENSG00000105186,0
9141,ENSG00000105185,0
7178,ENSG00000133112,1
55425,ENSG00000133114,0
9365,ENSG00000133116,0
5983,ENSG00000133119,1
84803,ENSG00000138678,0
122704,ENSG00000172590,0
342371,ENSG00000224470,0
55783,ENSG00000180917,0
10924,ENSG00000172594,0
55975,ENSG00000122550,0
148932,ENSG00000142961,0
267012,ENSG00000182346,0
8509,ENSG00000166507,0
343450,ENSG00000162687,0
5579,ENSG00000166501,0
440050,ENSG00000244411,0
50810,ENSG00000166503,0
340596,ENSG00000182508,0
178,ENSG00000162688,0
4176,ENSG00000166508,1
9191,ENSG00000158796,0
84449,ENSG00000160961,0
255967,ENSG00000152520,0
3421,ENSG00000067829,0
4752,ENSG00000136098,0
6750,ENSG00000157005,0
130271,ENSG00000152527,0
55023,ENSG00000146247,0
1789,ENSG00000088305,0
728118,ENSG00000184923,0
134728,ENSG00000146243,0
7162,ENSG00000146242,0
23258,ENSG00000184014,0
30834,ENSG00000235176,1
134,ENSG00000163485,0
27148,ENSG00000163482,0
64320,ENSG00000163481,0
9896,ENSG00000112367,0
219954,ENSG00000172377,0
9841,ENSG00000112365,0
117195,ENSG00000179826,0
50651,ENSG00000162426,0
6688,ENSG00000066336,0
100130958,ENSG00000205078,0
9915,ENSG00000172379,0
2581,ENSG00000054983,0
28914,ENSG00000241351,0
131873,ENSG00000206384,0
4927,ENSG00000108559,1
10743,ENSG00000108557,0
1145,ENSG00000108556,0
28972,ENSG00000114902,0
253738,ENSG00000108001,0
6787,ENSG00000114904,0
51655,ENSG00000108551,0
9374,ENSG00000227600,0
121256,ENSG00000151952,0
53344,ENSG00000204116,0
375307,ENSG00000158428,0
2531,ENSG00000119537,0
1441,ENSG00000119535,0
389383,ENSG00000196748,0
55667,ENSG00000137145,0
347252,ENSG00000137142,0
79693,ENSG00000196449,1
3853,ENSG00000205420,0
3039,ENSG00000206172,0
54769,ENSG00000165023,0
255919,ENSG00000205423,0
646486,ENSG00000197416,0
56928,ENSG00000005206,0
57719,ENSG00000074855,0
55723,ENSG00000288210,0
8747,ENSG00000139985,0
667,ENSG00000151914,0
145226,ENSG00000139988,0
51133,ENSG00000136636,0
3586,ENSG00000136634,0
51501,ENSG00000149196,0
11311,ENSG00000136631,0
3142,ENSG00000136630,0
4603,ENSG00000185697,0
1943,ENSG00000099617,0
152992,ENSG00000155275,0
4621,ENSG00000109063,0
9675,ENSG00000101407,1
5020,ENSG00000101405,0
1105,ENSG00000153922,0
164118,ENSG00000187862,0
6640,ENSG00000101400,0
23061,ENSG00000284400,0
54793,ENSG00000104756,0
2886,ENSG00000141738,0
57336,ENSG00000141040,0
1350,ENSG00000127184,1
55329,ENSG00000138587,0
2636,ENSG00000164900,0
4683,ENSG00000104320,0
8989,ENSG00000104321,0
10404,ENSG00000104324,0
1666,ENSG00000104325,0
22875,ENSG00000001561,0
4704,ENSG00000139180,0
389362,ENSG00000180822,1
9746,ENSG00000139182,0
3110,ENSG00000130675,0
10219,ENSG00000139187,0
1237,ENSG00000179934,0
8034,ENSG00000122912,0
391,ENSG00000177105,0
29102,ENSG00000113360,0
1004,ENSG00000113361,0
91942,ENSG00000164182,0
162466,ENSG00000173868,0
4001,ENSG00000113368,0
57561,ENSG00000113369,0
149643,ENSG00000185523,0
57453,ENSG00000177103,0
689,ENSG00000145741,0
64924,ENSG00000145740,0
64839,ENSG00000145743,0
2948,ENSG00000168765,0
54532,ENSG00000145390,0
4016,ENSG00000129038,0
3493,ENSG00000211895,0
128989,ENSG00000183597,0
4092,ENSG00000101665,0
3240,ENSG00000257017,0
64963,ENSG00000181991,0
55322,ENSG00000082213,0
4200,ENSG00000082212,0
144132,ENSG00000179532,0
475,ENSG00000177556,0
10103,ENSG00000117472,0
1007,ENSG00000113100,0
148109,ENSG00000177558,0
10307,ENSG00000113108,0
2219,ENSG00000085265,0
8548,ENSG00000117475,0
3913,ENSG00000172037,0
11128,ENSG00000148606,1
272,ENSG00000133805,0
55735,ENSG00000007923,1
6904,ENSG00000141556,1
79774,ENSG00000139835,0
10894,ENSG00000133800,0
92170,ENSG00000148824,1
28503,ENSG00000211918,0
28486,ENSG00000211914,0
675,ENSG00000139618,1
23516,ENSG00000104635,0
51582,ENSG00000155096,0
28502,ENSG00000211912,0
28820,ENSG00000211644,0
5309,ENSG00000107859,0
4174,ENSG00000100297,1
28778,ENSG00000211640,0
79750,ENSG00000151789,0
59338,ENSG00000107679,0
8934,ENSG00000117280,0
148870,ENSG00000162592,0
7071,ENSG00000155090,0
22918,ENSG00000125810,0
54780,ENSG00000107672,0
80351,ENSG00000107854,0
9741,ENSG00000068697,0
3802,ENSG00000278495,0
9858,ENSG00000196422,0
728464,ENSG00000053328,0
207063,ENSG00000292338,0
56751,ENSG00000125492,0
127829,ENSG00000143862,0
55791,ENSG00000121931,0
57413,ENSG00000121933,0
219743,ENSG00000156521,0
286053,ENSG00000156831,0
1990,ENSG00000139610,0
142685,ENSG00000146809,0
114625,ENSG00000164010,0
51058,ENSG00000164011,0
56204,ENSG00000047346,0
341208,ENSG00000181333,0
85377,ENSG00000100139,0
4809,ENSG00000100138,1
30819,ENSG00000120049,0
84068,ENSG00000120519,0
3606,ENSG00000150782,0
28894,ENSG00000250036,0
388272,ENSG00000155330,0
84275,ENSG00000171612,0
339559,ENSG00000187815,0
9112,ENSG00000182979,0
8507,ENSG00000171617,0
9832,ENSG00000176049,0
29078,ENSG00000123545,0
6569,ENSG00000131183,0
22879,ENSG00000103111,0
80758,ENSG00000131188,0
4238,ENSG00000037749,0
23682,ENSG00000123892,0
26471,ENSG00000176046,0
57707,ENSG00000140950,0
563,ENSG00000160862,0
6671,ENSG00000105866,0
2264,ENSG00000160867,0
79080,ENSG00000110104,1
84680,ENSG00000110455,0
79071,ENSG00000170522,0
7994,ENSG00000083168,0
128240,ENSG00000163382,0
93594,ENSG00000156787,0
6232,ENSG00000177954,1
50613,ENSG00000175520,0
126259,ENSG00000167664,0
1965,ENSG00000134001,1
55209,ENSG00000168137,0
8748,ENSG00000134007,0
3761,ENSG00000168135,0
23176,ENSG00000164402,0
4739,ENSG00000111859,0
222171,ENSG00000176532,0
57150,ENSG00000111850,0
84951,ENSG00000131746,0
146325,ENSG00000161992,0
10512,ENSG00000075223,0
60313,ENSG00000159592,0
64780,ENSG00000135596,0
26994,ENSG00000123091,0
79365,ENSG00000123095,0
11228,ENSG00000123094,0
4781,ENSG00000147862,0
84224,ENSG00000142794,0
4680,ENSG00000086548,0
3301,ENSG00000086061,0
103,ENSG00000160710,0
5225,ENSG00000096088,0
81873,ENSG00000136950,0
11055,ENSG00000042813,0
54498,ENSG00000088826,0
79977,ENSG00000083307,0
114131,ENSG00000178473,0
55168,ENSG00000096080,1
100289087,ENSG00000236424,0
1109,ENSG00000198610,0
3575,ENSG00000168685,0
4843,ENSG00000007171,0
121793,ENSG00000153495,0
389197,ENSG00000181215,0
1770,ENSG00000007174,0
9092,ENSG00000175467,1
51256,ENSG00000145979,0
374403,ENSG00000175463,0
148137,ENSG00000167595,0
122258,ENSG00000153498,0
4064,ENSG00000134061,0
8775,ENSG00000105402,1
23338,ENSG00000043143,0
11140,ENSG00000105401,1
130497,ENSG00000143867,0
10567,ENSG00000105404,0
1618,ENSG00000092345,0
478,ENSG00000105409,0
54822,ENSG00000092439,1
28921,ENSG00000244116,0
1998,ENSG00000109381,0
222826,ENSG00000145975,0
54904,ENSG00000147548,0
84824,ENSG00000132185,0
9144,ENSG00000108639,0
83443,ENSG00000169976,0
283208,ENSG00000149380,0
728957,ENSG00000285124,0
23225,ENSG00000132182,0
8428,ENSG00000102572,0
54,ENSG00000102575,0
51005,ENSG00000162066,0
54834,ENSG00000196505,0
123745,ENSG00000188089,0
79696,ENSG00000119703,0
55252,ENSG00000143970,0
81892,ENSG00000119705,0
59284,ENSG00000105605,0
1070,ENSG00000153140,0
56882,ENSG00000197622,0
84934,ENSG00000139405,0
217,ENSG00000111275,0
1027,ENSG00000111276,0
613210,ENSG00000285087,0
613209,ENSG00000285365,0
80724,ENSG00000111271,0
79027,ENSG00000197343,0
6829,ENSG00000196235,1
25831,ENSG00000092148,0
5538,ENSG00000131238,0
375248,ENSG00000291582,0
91039,ENSG00000142002,0
11250,ENSG00000135973,0
64965,ENSG00000135972,0
81025,ENSG00000131233,0
29978,ENSG00000188021,0
10487,ENSG00000131236,0
353116,ENSG00000188026,0
8742,ENSG00000239697,0
53346,ENSG00000136404,0
1802,ENSG00000132768,0
2118,ENSG00000175832,0
5573,ENSG00000108946,0
10398,ENSG00000101335,0
27199,ENSG00000165621,0
25974,ENSG00000132763,0
143384,ENSG00000151893,0
9200,ENSG00000165996,0
3055,ENSG00000101336,0
222389,ENSG00000165626,0
783,ENSG00000165995,0
339965,ENSG00000163749,0
390637,ENSG00000183208,0
9777,ENSG00000101337,0
132946,ENSG00000196503,0
1360,ENSG00000153002,0
6571,ENSG00000165646,0
23369,ENSG00000055917,0
25898,ENSG00000163743,0
6666,ENSG00000177732,0
388468,ENSG00000183206,0
200081,ENSG00000084652,0
140706,ENSG00000101331,0
1579,ENSG00000187048,0
51259,ENSG00000187049,0
3123,ENSG00000229074,0
100271715,ENSG00000214694,0
191,ENSG00000101444,1
378948,ENSG00000242875,0
8190,ENSG00000261857,0
5332,ENSG00000101333,0
27085,ENSG00000172167,0
164656,ENSG00000187045,0
83729,ENSG00000139269,0
10946,ENSG00000183431,1
117145,ENSG00000159445,0
8065,ENSG00000166266,0
7867,ENSG00000114738,0
93,ENSG00000114739,0
1154,ENSG00000114737,0
51409,ENSG00000114735,0
140456,ENSG00000165192,0
159013,ENSG00000185753,0
57636,ENSG00000275832,0
2277,ENSG00000165197,0
57526,ENSG00000165194,0
5277,ENSG00000165195,0
100132463,ENSG00000185758,0
90,ENSG00000115170,0
114,ENSG00000155897,0
118881,ENSG00000165644,0
266743,ENSG00000174576,0
317762,ENSG00000205476,0
27232,ENSG00000124713,0
221914,ENSG00000213420,0
392399,ENSG00000148386,0
345051,ENSG00000250673,0
56623,ENSG00000148384,0
285268,ENSG00000172888,0
54546,ENSG00000178828,0
165631,ENSG00000173200,0
4331,ENSG00000020426,1
55603,ENSG00000112773,0
10776,ENSG00000128989,0
199857,ENSG00000172339,1
158326,ENSG00000164946,0
7581,ENSG00000189180,0
3762,ENSG00000120457,0
2800,ENSG00000136935,0
80328,ENSG00000131015,0
9326,ENSG00000273611,0
56965,ENSG00000137817,0
399979,ENSG00000120451,0
1558,ENSG00000138115,0
55568,ENSG00000164574,0
55759,ENSG00000138442,1
5689,ENSG00000008018,1
3222,ENSG00000172789,0
225,ENSG00000173208,0
100287205,ENSG00000227551,0
730112,ENSG00000215187,0
55871,ENSG00000172785,0
26509,ENSG00000138119,0
3685,ENSG00000138448,0
2516,ENSG00000136931,0
64764,ENSG00000182158,0
53828,ENSG00000150201,0
8669,ENSG00000104131,0
51531,ENSG00000136932,0
80208,ENSG00000104133,0
337975,ENSG00000244624,0
567,ENSG00000166710,0
10244,ENSG00000136933,0
23569,ENSG00000280908,0
5690,ENSG00000126067,1
1961,ENSG00000135625,0
7026,ENSG00000185551,0
11070,ENSG00000126062,0
90060,ENSG00000147144,0
165082,ENSG00000173567,0
148266,ENSG00000196437,0
117854,ENSG00000121236,0
1948,ENSG00000125266,0
25900,ENSG00000010295,0
9918,ENSG00000010292,1
158787,ENSG00000158423,0
55529,ENSG00000155099,0
256364,ENSG00000149499,0
114900,ENSG00000172247,0
441670,ENSG00000176299,0
85462,ENSG00000137460,0
84709,ENSG00000137463,0
254973,ENSG00000136939,0
25798,ENSG00000164713,0
146861,ENSG00000164729,0
51200,ENSG00000128510,0
25913,ENSG00000128513,1
9732,ENSG00000128512,0
79865,ENSG00000112195,0
80723,ENSG00000168917,0
64216,ENSG00000162851,1
50833,ENSG00000128519,0
375704,ENSG00000168913,0
9253,ENSG00000105245,0
285489,ENSG00000175920,0
134288,ENSG00000164325,0
51247,ENSG00000120727,0
64374,ENSG00000120725,0
57633,ENSG00000175928,0
9499,ENSG00000120729,0
390531,ENSG00000188403,0
138802,ENSG00000186943,0
30010,ENSG00000122584,0
4852,ENSG00000122585,0
1267,ENSG00000173786,0
10849,ENSG00000117877,1
157724,ENSG00000164893,0
5629,ENSG00000117707,0
57191,ENSG00000178201,0
118442,ENSG00000180929,0
64078,ENSG00000197506,0
4855,ENSG00000234876,0
338661,ENSG00000204300,0
8288,ENSG00000121053,0
54487,ENSG00000128191,1
25970,ENSG00000178188,0
8165,ENSG00000121057,0
7634,ENSG00000174255,0
10634,ENSG00000185340,0
255239,ENSG00000170209,0
150737,ENSG00000196659,0
8161,ENSG00000121058,0
285676,ENSG00000178187,0
84552,ENSG00000178184,0
5906,ENSG00000116473,0
10884,ENSG00000112996,1
27036,ENSG00000168995,0
29,ENSG00000276016,0
23530,ENSG00000112992,0
7791,ENSG00000285443,0
23626,ENSG00000054796,0
8883,ENSG00000159593,1
3065,ENSG00000116478,0
10079,ENSG00000054793,0
51249,ENSG00000159596,0
3906,ENSG00000167531,0
11249,ENSG00000144227,0
6936,ENSG00000005436,0
389434,ENSG00000009765,0
84911,ENSG00000161298,0
51121,ENSG00000037241,0
8174,ENSG00000099866,0
288,ENSG00000151150,0
1791,ENSG00000107447,0
4616,ENSG00000099860,0
54619,ENSG00000107443,0
784,ENSG00000167535,0
9247,ENSG00000124827,0
11136,ENSG00000021488,0
63906,ENSG00000198746,0
8496,ENSG00000110841,0
26020,ENSG00000197324,0
26071,ENSG00000203950,0
25766,ENSG00000110844,0
11333,ENSG00000106244,0
224,ENSG00000072210,0
26024,ENSG00000106246,1
969,ENSG00000110848,0
54879,ENSG00000007341,0
7046,ENSG00000106799,0
92335,ENSG00000266173,0
1476,ENSG00000160213,0
64130,ENSG00000104863,0
150372,ENSG00000235568,0
431705,ENSG00000188886,0
284352,ENSG00000104866,0
8106,ENSG00000100836,1
104,ENSG00000197381,0
55345,ENSG00000138658,0
7477,ENSG00000188064,0
54925,ENSG00000140987,0
1139,ENSG00000274542,0
146310,ENSG00000291936,0
6525,ENSG00000183963,0
4261,ENSG00000179583,0
150483,ENSG00000163060,0
145282,ENSG00000151338,0
7184,ENSG00000166598,1
161882,ENSG00000179588,0
51562,ENSG00000151332,0
9098,ENSG00000129204,0
339456,ENSG00000178821,0
10516,ENSG00000140092,0
51156,ENSG00000140093,0
123041,ENSG00000140090,0
9488,ENSG00000069943,0
342346,ENSG00000205832,0
528,ENSG00000155097,0
386617,ENSG00000183783,0
148641,ENSG00000183780,0
158038,ENSG00000174482,0
1902,ENSG00000198121,0
152831,ENSG00000134962,0
57505,ENSG00000124608,1
4151,ENSG00000198125,0
582,ENSG00000174483,0
55577,ENSG00000124357,0
10617,ENSG00000124356,0
503614,ENSG00000198129,0
145270,ENSG00000175785,0
134492,ENSG00000170584,0
140881,ENSG00000125903,0
9427,ENSG00000171551,0
222643,ENSG00000124602,0
84298,ENSG00000139233,0
80124,ENSG00000175073,0
9038,ENSG00000135569,0
84232,ENSG00000179632,0
144811,ENSG00000179630,0
84958,ENSG00000142765,0
122664,ENSG00000179636,0
342979,ENSG00000187867,0
5917,ENSG00000113643,1
83692,ENSG00000102181,0
23286,ENSG00000113645,0
165324,ENSG00000173960,0
10915,ENSG00000113649,0
9555,ENSG00000113648,0
339766,ENSG00000185038,1
8634,ENSG00000137996,0
166824,ENSG00000169435,0
4240,ENSG00000140545,0
10912,ENSG00000130222,0
374655,ENSG00000140548,0
55813,ENSG00000108651,1
51148,ENSG00000167123,0
391104,ENSG00000189030,0
63904,ENSG00000189037,0
494551,ENSG00000214102,0
762,ENSG00000167434,0
26118,ENSG00000109046,0
5957,ENSG00000109047,0
25977,ENSG00000089818,0
1629,ENSG00000137992,0
4839,ENSG00000111641,1
2597,ENSG00000111640,1
1108,ENSG00000111642,1
6865,ENSG00000075073,0
100505724,ENSG00000267635,0
29101,ENSG00000160075,1
366,ENSG00000103569,0
386672,ENSG00000215454,0
6840,ENSG00000197321,0
280636,ENSG00000211450,0
55244,ENSG00000142494,0
5908,ENSG00000127314,0
53630,ENSG00000135697,0
80230,ENSG00000176783,0
140596,ENSG00000285356,0
119678,ENSG00000176787,0
3836,ENSG00000114030,0
130733,ENSG00000152154,0
10409,ENSG00000176788,0
1654,ENSG00000215301,0
245937,ENSG00000180383,0
389058,ENSG00000204335,0
11331,ENSG00000215021,1
6103,ENSG00000156313,0
10166,ENSG00000102743,0
729,ENSG00000039537,0
6367,ENSG00000102962,0
23154,ENSG00000020129,0
51491,ENSG00000048162,1
27087,ENSG00000109956,0
3937,ENSG00000043462,0
672,ENSG00000012048,1
51592,ENSG00000197323,0
5337,ENSG00000075651,0
1017,ENSG00000123374,1
127540,ENSG00000176256,0
390433,ENSG00000291806,0
65979,ENSG00000204138,0
100131897,ENSG00000204767,0
3000,ENSG00000132518,0
780,ENSG00000215522,0
220064,ENSG00000149716,1
55065,ENSG00000132517,0
10462,ENSG00000132514,0
64423,ENSG00000203485,0
153527,ENSG00000146007,1
26045,ENSG00000146006,0
220,ENSG00000184254,0
91445,ENSG00000138942,0
9242,ENSG00000178860,0
85352,ENSG00000138944,0
345611,ENSG00000237693,0
8543,ENSG00000143013,0
388962,ENSG00000163170,0
10602,ENSG00000163171,0
129563,ENSG00000144535,0
10125,ENSG00000172575,0
5792,ENSG00000142949,0
9940,ENSG00000008226,0
5139,ENSG00000172572,0
7589,ENSG00000166529,0
7551,ENSG00000166526,0
646000,ENSG00000236396,0
89857,ENSG00000172578,0
8438,ENSG00000085999,0
11004,ENSG00000142945,0
7386,ENSG00000169021,1
57088,ENSG00000114698,0
2145,ENSG00000108799,0
51225,ENSG00000108798,0
28913,ENSG00000244437,0
54600,ENSG00000241119,0
8506,ENSG00000108797,0
81626,ENSG00000157060,0
627,ENSG00000176697,0
23057,ENSG00000157064,0
26716,ENSG00000229408,0
2036,ENSG00000088367,0
7289,ENSG00000078246,0
5351,ENSG00000083444,0
6991,ENSG00000184786,0
9058,ENSG00000007216,0
644538,ENSG00000184785,0
54873,ENSG00000099260,0
116511,ENSG00000228515,0
64184,ENSG00000181552,0
23120,ENSG00000118322,0
6549,ENSG00000115616,0
29072,ENSG00000181555,0
29796,ENSG00000184076,0
55891,ENSG00000163352,0
613,ENSG00000186716,0
80346,ENSG00000168476,0
149095,ENSG00000163357,0
6596,ENSG00000071794,0
5563,ENSG00000162409,0
79707,ENSG00000162408,1
10475,ENSG00000112343,0
55754,ENSG00000112697,0
112858,ENSG00000172315,1
1347,ENSG00000112695,0
8708,ENSG00000172318,0
4539,ENSG00000212907,0
2762,ENSG00000112699,0
23358,ENSG00000162402,0
84629,ENSG00000182095,0
8613,ENSG00000162407,0
83896,ENSG00000262068,0
7347,ENSG00000118939,0
83902,ENSG00000263341,0
6532,ENSG00000108576,0
6092,ENSG00000185008,0
7320,ENSG00000119048,0
54988,ENSG00000183549,0
23314,ENSG00000119042,0
9330,ENSG00000119041,1
766,ENSG00000168748,0
28900,ENSG00000242766,0
85294,ENSG00000213417,0
116254,ENSG00000055211,0
83464,ENSG00000138613,0
219,ENSG00000137124,0
8483,ENSG00000138615,0
81556,ENSG00000138614,0
7543,ENSG00000005889,0
59277,ENSG00000074527,0
23149,ENSG00000130475,0
51528,ENSG00000050130,0
57162,ENSG00000197329,0
5164,ENSG00000005882,0
3675,ENSG00000005884,0
55201,ENSG00000130479,0
9162,ENSG00000157680,0
152002,ENSG00000173950,0
9263,ENSG00000164543,0
53942,ENSG00000149972,0
22866,ENSG00000149970,0
133688,ENSG00000145626,0
5169,ENSG00000154269,0
9180,ENSG00000145623,0
84179,ENSG00000169026,0
84557,ENSG00000101460,0
23460,ENSG00000154262,0
79953,ENSG00000101463,0
128869,ENSG00000101464,0
23461,ENSG00000154265,0
56941,ENSG00000183624,0
84259,ENSG00000137692,0
10413,ENSG00000137693,0
85016,ENSG00000137691,0
123811,ENSG00000276914,0
4629,ENSG00000133392,0
29895,ENSG00000180209,0
5414,ENSG00000108387,0
344905,ENSG00000187527,0
9897,ENSG00000164961,0
259240,ENSG00000180205,0
6003,ENSG00000127074,0
100287327,ENSG00000249104,0
145781,ENSG00000137878,0
84246,ENSG00000133398,1
3225,ENSG00000180806,0
79642,ENSG00000180801,0
100128731,ENSG00000228474,0
3441,ENSG00000236637,0
10092,ENSG00000162704,0
340252,ENSG00000173041,0
132884,ENSG00000173040,0
5713,ENSG00000103035,1
5016,ENSG00000085465,0
728340,ENSG00000183474,0
474354,ENSG00000165383,0
89801,ENSG00000049769,0
54826,ENSG00000145723,0
8671,ENSG00000080493,0
1755,ENSG00000187908,0
55709,ENSG00000123444,0
25847,ENSG00000129055,0
7597,ENSG00000089775,0
284217,ENSG00000101680,0
145814,ENSG00000183571,0
85360,ENSG00000105137,0
200844,ENSG00000163689,0
23203,ENSG00000165688,1
6723,ENSG00000116649,0
5212,ENSG00000205221,0
5699,ENSG00000205220,0
23431,ENSG00000081014,0
85440,ENSG00000116641,0
54665,ENSG00000081019,0
55258,ENSG00000144115,0
54936,ENSG00000116863,0
11240,ENSG00000117115,0
23266,ENSG00000117114,0
124641,ENSG00000262664,0
7652,ENSG00000213973,0
7514,ENSG00000082898,1
1667,ENSG00000284983,0
6390,ENSG00000117118,1
80349,ENSG00000140395,1
6202,ENSG00000142937,1
414,ENSG00000006756,0
8228,ENSG00000006757,0
10099,ENSG00000140391,0
65258,ENSG00000154889,0
54475,ENSG00000073536,1
135946,ENSG00000221813,0
2039,ENSG00000158856,0
79661,ENSG00000140398,0
728113,ENSG00000264230,0
8703,ENSG00000158850,0
23097,ENSG00000155111,0
378708,ENSG00000175279,0
1138,ENSG00000169684,0
28400,ENSG00000211952,0
23366,ENSG00000164542,0
6521,ENSG00000004939,0
80832,ENSG00000100336,0
54471,ENSG00000100335,0
49,ENSG00000100312,0
6621,ENSG00000165684,1
28501,ENSG00000211930,0
8897,ENSG00000100330,0
7062,ENSG00000159450,0
79609,ENSG00000100483,0
120939,ENSG00000165685,0
6655,ENSG00000100485,0
26239,ENSG00000159455,0
28452,ENSG00000211938,0
25814,ENSG00000130638,0
260429,ENSG00000103355,0
124454,ENSG00000103356,1
79176,ENSG00000107872,0
11196,ENSG00000107651,0
11022,ENSG00000182134,0
28432,ENSG00000211957,0
64847,ENSG00000006282,0
8913,ENSG00000006283,0
5698,ENSG00000243067,0
1289,ENSG00000130635,0
644186,ENSG00000217442,0
55024,ENSG00000153064,0
642778,ENSG00000224712,0
56996,ENSG00000146828,0
57157,ENSG00000006576,0
84984,ENSG00000174007,0
9600,ENSG00000110697,0
10944,ENSG00000110696,0
245940,ENSG00000232948,0
909,ENSG00000158477,0
390079,ENSG00000183269,0
23116,ENSG00000198718,0
150159,ENSG00000164037,0
112950,ENSG00000159479,1
3015,ENSG00000164032,0
23518,ENSG00000048991,0
57722,ENSG00000103742,0
9096,ENSG00000112837,0
4513,ENSG00000198712,0
112770,ENSG00000198715,0
133308,ENSG00000164038,0
431707,ENSG00000162624,0
2961,ENSG00000197265,1
161753,ENSG00000182950,0
9463,ENSG00000100151,0
9681,ENSG00000100150,0
135398,ENSG00000197261,0
23539,ENSG00000100156,0
10672,ENSG00000120063,0
23331,ENSG00000100154,0
63895,ENSG00000154864,0
3218,ENSG00000120068,0
6906,ENSG00000123561,0
5354,ENSG00000123560,0
219417,ENSG00000172199,0
9643,ENSG00000123562,0
51172,ENSG00000103174,0
58189,ENSG00000103175,0
158983,ENSG00000123569,0
83737,ENSG00000289720,0
5745,ENSG00000160801,0
100131244,ENSG00000230778,0
51108,ENSG00000284548,0
6633,ENSG00000125743,1
5272,ENSG00000170542,0
80207,ENSG00000125741,0
2354,ENSG00000125740,0
57228,ENSG00000170545,0
6253,ENSG00000125744,0
5595,ENSG00000102882,0
79192,ENSG00000170549,0
79153,ENSG00000102886,0
284439,ENSG00000181035,0
147798,ENSG00000167608,0
57592,ENSG00000143373,0
4607,ENSG00000134571,0
81609,ENSG00000143376,0
1643,ENSG00000134574,0
171546,ENSG00000165389,0
30011,ENSG00000147010,0
9869,ENSG00000143379,0
5867,ENSG00000168118,0
26156,ENSG00000171490,0
57380,ENSG00000124532,0
7764,ENSG00000171940,0
10540,ENSG00000175203,1
390054,ENSG00000171944,0
254394,ENSG00000111877,0
28816,ENSG00000211668,0
25842,ENSG00000111875,0
23151,ENSG00000075240,0
28802,ENSG00000211667,0
162962,ENSG00000196267,0
79632,ENSG00000111879,0
28796,ENSG00000211662,0
28797,ENSG00000211663,0
28813,ENSG00000211660,0
28795,ENSG00000211661,0
150468,ENSG00000169607,0
23368,ENSG00000088808,0
56287,ENSG00000169605,0
56134,ENSG00000291668,0
105378803,ENSG00000162621,0
50861,ENSG00000197457,0
2195,ENSG00000083857,0
123207,ENSG00000169609,0
219447,ENSG00000181785,0
2332,ENSG00000102081,0
23411,ENSG00000096717,0
116285,ENSG00000166743,0
55705,ENSG00000198700,1
22820,ENSG00000181789,1
93550,ENSG00000172671,0
147719,ENSG00000273111,0
317671,ENSG00000175449,0
100526767,ENSG00000249884,0
339318,ENSG00000197841,0
100287932,ENSG00000265354,1
1946,ENSG00000184349,0
4023,ENSG00000175445,0
28908,ENSG00000211598,0
28907,ENSG00000211599,0
139596,ENSG00000094841,0
27316,ENSG00000147274,1
6188,ENSG00000149273,1
5024,ENSG00000109991,0
3514,ENSG00000211592,0
28946,ENSG00000211593,0
6583,ENSG00000197208,0
8572,ENSG00000131435,0
28949,ENSG00000211596,0
11127,ENSG00000131437,0
83850,ENSG00000158220,0
6538,ENSG00000132164,0
283694,ENSG00000183706,0
688,ENSG00000102554,0
9739,ENSG00000099381,0
3146,ENSG00000189403,0
4325,ENSG00000156103,0
54960,ENSG00000046647,1
9274,ENSG00000099385,0
26576,ENSG00000184343,0
51004,ENSG00000119723,0
55051,ENSG00000119720,1
51542,ENSG00000143952,0
85013,ENSG00000132406,0
654,ENSG00000153162,0
5098,ENSG00000240184,0
23433,ENSG00000119729,0
55703,ENSG00000013503,1
653489,ENSG00000153165,0
10566,ENSG00000111254,0
79677,ENSG00000163029,0
3991,ENSG00000079435,0
1719,ENSG00000228716,1
23152,ENSG00000079432,0
163786,ENSG00000156876,0
79799,ENSG00000135220,0
1447,ENSG00000135222,0
92922,ENSG00000135736,0
54490,ENSG00000135226,0
3109,ENSG00000234154,0
83661,ENSG00000166959,0
391211,ENSG00000292302,0
325,ENSG00000132703,0
60484,ENSG00000132702,0
23467,ENSG00000221890,0
1437,ENSG00000164400,0
219990,ENSG00000149507,0
22917,ENSG00000149506,0
120935,ENSG00000165972,0
79368,ENSG00000132704,0
11164,ENSG00000165609,0
9735,ENSG00000184445,0
203611,ENSG00000129873,0
116842,ENSG00000164406,0
347741,ENSG00000182938,0
27089,ENSG00000164405,0
6357,ENSG00000181374,0
151613,ENSG00000163728,0
440699,ENSG00000162763,0
338,ENSG00000084674,0
23529,ENSG00000175505,0
8648,ENSG00000084676,0
8383,ENSG00000172146,0
100130348,ENSG00000187066,0
5648,ENSG00000127241,0
28594,ENSG00000253409,0
285382,ENSG00000187068,0
84239,ENSG00000127249,0
348158,ENSG00000066813,0
80184,ENSG00000198707,0
255101,ENSG00000181378,0
101060321,ENSG00000275760,1
11235,ENSG00000114209,0
2878,ENSG00000211445,0
1421,ENSG00000118231,0
10006,ENSG00000136754,0
590,ENSG00000114200,0
280664,ENSG00000182931,0
5276,ENSG00000114204,0
51555,ENSG00000114757,0
2820,ENSG00000115159,0
79961,ENSG00000162777,0
9270,ENSG00000119185,0
645,ENSG00000090013,0
9381,ENSG00000115155,0
64783,ENSG00000162775,0
4357,ENSG00000128309,0
346562,ENSG00000214415,0
92482,ENSG00000214413,0
392307,ENSG00000204930,0
54809,ENSG00000205413,0
4436,ENSG00000095002,0
5017,ENSG00000172818,0
4535,ENSG00000198888,0
2030,ENSG00000112759,0
23293,ENSG00000070366,1
10640,ENSG00000070367,0
140767,ENSG00000152954,0
10525,ENSG00000149428,1
219333,ENSG00000152484,0
145773,ENSG00000157470,0
8721,ENSG00000107223,0
55351,ENSG00000152953,0
25864,ENSG00000248487,0
1801,ENSG00000108963,1
23531,ENSG00000108960,0
4297,ENSG00000118058,1
100506581,ENSG00000260456,0
4935,ENSG00000101850,0
474343,ENSG00000186787,0
10163,ENSG00000158195,0
84896,ENSG00000138138,0
10857,ENSG00000101856,0
10660,ENSG00000138136,0
5320,ENSG00000188257,0
57559,ENSG00000138134,0
9023,ENSG00000138135,0
55650,ENSG00000060642,0
84171,ENSG00000138131,0
152518,ENSG00000170448,0
4294,ENSG00000130758,0
51440,ENSG00000116983,0
84618,ENSG00000116981,0
101928147,ENSG00000222018,0
1123,ENSG00000128656,0
203245,ENSG00000171169,0
656,ENSG00000116985,0
4548,ENSG00000116984,0
30820,ENSG00000182132,0
6710,ENSG00000070182,0
9580,ENSG00000143842,0
399888,ENSG00000284938,0
1730,ENSG00000147202,0
64421,ENSG00000152457,0
23231,ENSG00000091490,0
2971,ENSG00000122034,1
387496,ENSG00000122035,0
22976,ENSG00000157212,0
79269,ENSG00000122741,0
10867,ENSG00000011105,0
414301,ENSG00000170967,0
23648,ENSG00000157216,0
219402,ENSG00000122033,0
4756,ENSG00000067141,0
257364,ENSG00000173548,0
340654,ENSG00000173239,0
84057,ENSG00000121211,0
23240,ENSG00000121210,0
9536,ENSG00000148344,0
220082,ENSG00000174015,0
3745,ENSG00000158445,0
169966,ENSG00000174016,0
155435,ENSG00000184863,0
199675,ENSG00000183019,0
84967,ENSG00000181817,0
64321,ENSG00000164736,0
387694,ENSG00000178217,0
1508,ENSG00000164733,0
60676,ENSG00000116183,0
9820,ENSG00000044090,0
29850,ENSG00000070985,0
7270,ENSG00000125482,0
279,ENSG00000243480,0
3297,ENSG00000185122,0
3643,ENSG00000171105,0
81619,ENSG00000108219,0
114883,ENSG00000117859,0
5067,ENSG00000113805,0
134553,ENSG00000181904,0
60370,ENSG00000119986,0
643008,ENSG00000204323,0
7378,ENSG00000183696,0
55510,ENSG00000080007,0
8358,ENSG00000286522,0
119679,ENSG00000291908,0
55224,ENSG00000143845,0
10841,ENSG00000160282,0
515,ENSG00000116459,0
4985,ENSG00000116329,0
5968,ENSG00000172023,0
79084,ENSG00000116455,1
153572,ENSG00000170561,0
32,ENSG00000076555,0
7163,ENSG00000076554,0
84221,ENSG00000274679,0
100533177,ENSG00000292050,0
6657,ENSG00000181449,0
84975,ENSG00000182544,0
84144,ENSG00000097096,0
128209,ENSG00000171872,0
1463,ENSG00000130287,0
84895,ENSG00000148343,0
2657,ENSG00000130283,0
8763,ENSG00000135535,0
342931,ENSG00000223638,0
121053,ENSG00000151131,0
121551,ENSG00000151136,0
7292,ENSG00000117586,0
26517,ENSG00000099800,1
9547,ENSG00000145824,0
5430,ENSG00000284832,1
5911,ENSG00000125249,0
171425,ENSG00000125246,0
8480,ENSG00000101146,1
131368,ENSG00000170044,0
655,ENSG00000101144,0
80746,ENSG00000154743,1
58485,ENSG00000170043,1
9804,ENSG00000173726,1
131,ENSG00000196344,0
7037,ENSG00000072274,1
3743,ENSG00000104848,0
79792,ENSG00000104518,0
51366,ENSG00000104517,0
22985,ENSG00000100813,1
7528,ENSG00000100811,1
84969,ENSG00000124191,0
200172,ENSG00000171790,0
57820,ENSG00000291784,0
9321,ENSG00000100815,0
151112,ENSG00000163012,0
9988,ENSG00000135164,0
285525,ENSG00000177752,0
136051,ENSG00000197362,0
3988,ENSG00000107798,0
55788,ENSG00000168216,0
150709,ENSG00000151687,0
378949,ENSG00000244395,0
10432,ENSG00000239306,1
7844,ENSG00000239305,0
79825,ENSG00000114654,0
3628,ENSG00000151689,0
9616,ENSG00000114125,0
59,ENSG00000107796,0
10581,ENSG00000185201,0
10493,ENSG00000108828,0
344191,ENSG00000174279,0
341019,ENSG00000170959,0
5813,ENSG00000185129,0
9496,ENSG00000121075,0
112464,ENSG00000170955,0
1084,ENSG00000170956,0
23584,ENSG00000019102,0
5232,ENSG00000170950,0
643836,ENSG00000196670,0
10237,ENSG00000121073,1
132158,ENSG00000168237,0
28811,ENSG00000211656,0
84693,ENSG00000124370,0
84418,ENSG00000120306,0
400961,ENSG00000124374,0
8909,ENSG00000111405,0
79785,ENSG00000111404,0
113251,ENSG00000161813,0
7150,ENSG00000198900,1
378950,ENSG00000242389,0
63950,ENSG00000142700,0
91,ENSG00000135503,0
28983,ENSG00000274058,0
199920,ENSG00000187889,0
1380,ENSG00000117322,0
145853,ENSG00000189227,0
2157,ENSG00000185010,0
93034,ENSG00000185013,0
11165,ENSG00000272325,0
377677,ENSG00000185015,0
164781,ENSG00000123977,0
1164,ENSG00000123975,0
22888,ENSG00000185019,0
5045,ENSG00000140564,0
220002,ENSG00000162144,0
8315,ENSG00000089234,0
6156,ENSG00000156482,1
3788,ENSG00000156486,0
245913,ENSG00000203970,0
1053,ENSG00000092067,0
146852,ENSG00000184650,0
6665,ENSG00000129194,0
3196,ENSG00000115297,0
51021,ENSG00000182180,1
23428,ENSG00000092068,0
9810,ENSG00000103549,1
125113,ENSG00000213424,0
23414,ENSG00000169946,0
129080,ENSG00000186998,0
158062,ENSG00000267206,0
9738,ENSG00000103540,0
55341,ENSG00000041802,1
57020,ENSG00000103544,0
6530,ENSG00000103546,0
220988,ENSG00000170144,0
2779,ENSG00000114349,0
28611,ENSG00000230099,0
81876,ENSG00000174903,0
23078,ENSG00000102763,0
28984,ENSG00000102760,0
337876,ENSG00000198108,0
3326,ENSG00000096384,0
57209,ENSG00000198105,0
254879,ENSG00000292016,0
79070,ENSG00000134901,0
7174,ENSG00000134900,0
8502,ENSG00000144283,0
79587,ENSG00000134905,1
4992,ENSG00000168124,0
51088,ENSG00000109790,0
4014,ENSG00000203782,0
6913,ENSG00000092607,0
29890,ENSG00000259956,0
25854,ENSG00000109794,0
3312,ENSG00000109971,1
137902,ENSG00000147485,0
23473,ENSG00000131375,0
9779,ENSG00000131374,0
26061,ENSG00000131373,0
54212,ENSG00000147481,0
9467,ENSG00000131370,0
222234,ENSG00000222011,0
64073,ENSG00000167644,0
344657,ENSG00000188306,0
56137,ENSG00000291663,0
57560,ENSG00000068885,0
28826,ENSG00000211655,0
3164,ENSG00000123358,0
29988,ENSG00000136856,0
6812,ENSG00000136854,0
57562,ENSG00000110318,0
84105,ENSG00000132570,0
50862,ENSG00000110315,0
3107,ENSG00000206435,0
390980,ENSG00000204524,0
79007,ENSG00000003249,0
613227,ENSG00000214511,0
23452,ENSG00000136859,0
51752,ENSG00000164307,0
54821,ENSG00000186871,0
4025,ENSG00000167419,0
29057,ENSG00000268350,0
138715,ENSG00000205143,0
10611,ENSG00000163110,0
22823,ENSG00000143033,0
343472,ENSG00000143032,0
5161,ENSG00000163114,0
285555,ENSG00000163116,0
23536,ENSG00000065457,0
7084,ENSG00000166548,0
284004,ENSG00000169660,0
2634,ENSG00000162645,0
126820,ENSG00000162643,0
148423,ENSG00000162642,0
254268,ENSG00000162641,0
114781,ENSG00000183826,0
283897,ENSG00000185905,0
130612,ENSG00000188760,0
440603,ENSG00000188761,0
146227,ENSG00000166546,0
65265,ENSG00000182307,0
123803,ENSG00000157045,0
5878,ENSG00000108774,0
2648,ENSG00000108773,0
368,ENSG00000275331,0
100287238,ENSG00000232399,0
6928,ENSG00000275410,0
100505753,ENSG00000263186,0
22931,ENSG00000099246,0
140856,ENSG00000132631,0
57038,ENSG00000146282,1
256380,ENSG00000146285,0
285679,ENSG00000204661,0
84128,ENSG00000115368,1
142910,ENSG00000204022,0
9801,ENSG00000115364,1
10314,ENSG00000115365,0
26276,ENSG00000184056,0
84141,ENSG00000115363,0
3717,ENSG00000096968,0
33,ENSG00000115361,0
661,ENSG00000168495,0
2237,ENSG00000168496,1
8436,ENSG00000168497,0
9796,ENSG00000168490,0
256309,ENSG00000168491,0
283459,ENSG00000257218,1
643414,ENSG00000204021,0
390157,ENSG00000150261,0
338094,ENSG00000162391,0
26027,ENSG00000162390,0
284723,ENSG00000162461,0
388595,ENSG00000162460,0
8745,ENSG00000114948,0
25973,ENSG00000162396,1
7809,ENSG00000162399,0
8087,ENSG00000114416,0
57795,ENSG00000198797,0
1933,ENSG00000114942,0
83596,ENSG00000126453,0
3216,ENSG00000108511,0
9969,ENSG00000108510,0
3661,ENSG00000126456,0
3276,ENSG00000126457,1
2027,ENSG00000108515,0
60678,ENSG00000132394,0
54439,ENSG00000091009,0
5216,ENSG00000108518,1
23035,ENSG00000040199,0
23521,ENSG00000142541,1
196883,ENSG00000129467,0
440295,ENSG00000197978,0
11035,ENSG00000129465,0
28420,ENSG00000211967,0
3396,ENSG00000167862,0
25983,ENSG00000129460,1
80854,ENSG00000145391,0
133121,ENSG00000164303,0
10096,ENSG00000115091,0
80823,ENSG00000198908,0
283576,ENSG00000177108,0
390162,ENSG00000291852,0
57180,ENSG00000133627,0
51754,ENSG00000137103,0
11258,ENSG00000137100,1
971,ENSG00000137101,0
9380,ENSG00000137106,0
1453,ENSG00000141551,0
51529,ENSG00000141552,1
1104,ENSG00000180198,1
54221,ENSG00000281020,0
83478,ENSG00000138639,0
6601,ENSG00000139613,0
6520,ENSG00000168003,0
57161,ENSG00000139946,0
3823,ENSG00000205810,0
80133,ENSG00000117501,0
5936,ENSG00000173933,0
79871,ENSG00000122484,1
27033,ENSG00000011590,0
353189,ENSG00000173930,0
25950,ENSG00000122481,0
4015,ENSG00000113083,0
343099,ENSG00000122483,0
84146,ENSG00000122482,0
2074,ENSG00000225830,0
79751,ENSG00000177542,0
4908,ENSG00000185652,0
7332,ENSG00000185651,1
677,ENSG00000185650,0
1149,ENSG00000176194,0
28414,ENSG00000223648,0
54014,ENSG00000185658,0
79913,ENSG00000101442,0
10406,ENSG00000101443,0
434,ENSG00000101440,0
1472,ENSG00000101441,0
10816,ENSG00000101446,0
81610,ENSG00000101447,0
5334,ENSG00000115896,0
26051,ENSG00000101445,0
1506,ENSG00000141086,0
3001,ENSG00000145649,0
57119,ENSG00000101448,0
3034,ENSG00000084110,0
51270,ENSG00000183434,0
54434,ENSG00000084112,0
30817,ENSG00000127507,0
51162,ENSG00000172889,0
57082,ENSG00000137812,1
55656,ENSG00000164941,1
55142,ENSG00000137814,1
23168,ENSG00000137815,1
25962,ENSG00000164944,0
3003,ENSG00000113088,0
6176,ENSG00000137818,1
54852,ENSG00000137819,0
55084,ENSG00000112320,0
10248,ENSG00000172336,1
54973,ENSG00000127054,1
900,ENSG00000113328,0
54796,ENSG00000173068,0
120227,ENSG00000186104,0
100130733,ENSG00000186105,0
503582,ENSG00000186103,0
8273,ENSG00000126903,0
55731,ENSG00000173065,0
283450,ENSG00000173064,0
55243,ENSG00000183853,0
8930,ENSG00000129071,0
256006,ENSG00000145700,0
10788,ENSG00000145703,0
399814,ENSG00000183559,0
57590,ENSG00000085449,0
1393,ENSG00000145708,0
79608,ENSG00000166405,0
5122,ENSG00000175426,0
64949,ENSG00000125901,0
128646,ENSG00000125900,0
9409,ENSG00000121680,0
440519,ENSG00000196081,0
284402,ENSG00000205209,0
201725,ENSG00000205208,0
79172,ENSG00000138092,0
10128,ENSG00000138095,1
6563,ENSG00000141469,0
26270,ENSG00000116663,0
441581,ENSG00000225899,0
26232,ENSG00000116661,0
81563,ENSG00000116667,0
29085,ENSG00000054148,0
284184,ENSG00000224877,0
284486,ENSG00000196407,0
54823,ENSG00000116668,0
710,ENSG00000149131,0
8208,ENSG00000159259,1
22871,ENSG00000169760,0
64902,ENSG00000113492,0
80135,ENSG00000117133,0
55624,ENSG00000085998,0
5618,ENSG00000113494,0
1361,ENSG00000080618,0
10765,ENSG00000117139,0
546,ENSG00000085224,0
149563,ENSG00000183888,0
246100,ENSG00000268651,0
124245,ENSG00000158545,1
336,ENSG00000158874,0
2047,ENSG00000154928,0
165257,ENSG00000144119,0
5899,ENSG00000144118,0
8233,ENSG00000169249,0
65094,ENSG00000081692,0
2628,ENSG00000171766,0
80176,ENSG00000171621,0
5155,ENSG00000100311,0
28455,ENSG00000211951,0
219854,ENSG00000150433,0
10671,ENSG00000104671,0
112495,ENSG00000155115,0
164633,ENSG00000100314,0
28395,ENSG00000211956,0
6122,ENSG00000100316,1
55954,ENSG00000100319,1
3547,ENSG00000147255,0
84548,ENSG00000269556,0
203069,ENSG00000104679,0
120534,ENSG00000152219,0
642446,ENSG00000189253,0
57512,ENSG00000151025,0
3363,ENSG00000148680,0
2719,ENSG00000147257,0
728036,ENSG00000224089,0
23545,ENSG00000185344,0
158763,ENSG00000147256,0
80381,ENSG00000103855,0
55001,ENSG00000006555,0
55531,ENSG00000110675,0
150160,ENSG00000198445,0
5261,ENSG00000156873,0
92565,ENSG00000203780,0
448834,ENSG00000203786,0
132321,ENSG00000151470,0
64645,ENSG00000156875,0
8788,ENSG00000185559,0
5364,ENSG00000164050,0
4224,ENSG00000112818,0
9646,ENSG00000198730,1
84126,ENSG00000164053,1
51246,ENSG00000164054,0
219670,ENSG00000151023,0
10252,ENSG00000164056,0
148203,ENSG00000172687,0
55929,ENSG00000178028,1
147949,ENSG00000198440,0
8811,ENSG00000182687,0
10279,ENSG00000112812,0
503835,ENSG00000258873,0
6523,ENSG00000100170,0
6734,ENSG00000182934,1
54550,ENSG00000103154,0
28965,ENSG00000113396,0
85285,ENSG00000198443,0
92591,ENSG00000161664,0
80028,ENSG00000155034,0
9212,ENSG00000178999,1
80341,ENSG00000078898,0
144809,ENSG00000179813,0
594,ENSG00000083123,0
4047,ENSG00000281289,0
1620,ENSG00000078725,0
84814,ENSG00000160539,0
53340,ENSG00000064199,0
286006,ENSG00000181016,0
10075,ENSG00000086758,1
220213,ENSG00000165312,0
29035,ENSG00000182831,0
57464,ENSG00000128578,0
1728,ENSG00000181019,0
6813,ENSG00000076944,0
10800,ENSG00000173198,0
4128,ENSG00000189221,0
5600,ENSG00000185386,0
78995,ENSG00000125319,0
83450,ENSG00000171962,0
10465,ENSG00000171960,0
648791,ENSG00000219607,0
79882,ENSG00000100722,0
5822,ENSG00000241945,1
23016,ENSG00000075914,1
343,ENSG00000103375,0
23623,ENSG00000160753,0
2224,ENSG00000160752,1
7532,ENSG00000170027,0
351,ENSG00000142192,0
27230,ENSG00000120742,0
7074,ENSG00000156299,0
7102,ENSG00000156298,0
81844,ENSG00000169871,0
2191,ENSG00000078098,0
728279,ENSG00000214518,0
51816,ENSG00000093072,0
4585,ENSG00000277585,0
139067,ENSG00000189252,0
647219,ENSG00000232237,0
1841,ENSG00000168393,1
23192,ENSG00000168397,0
84289,ENSG00000168395,0
6890,ENSG00000168394,0
100506658,ENSG00000197822,0
6996,ENSG00000139372,0
353131,ENSG00000186844,0
121260,ENSG00000139370,0
79968,ENSG00000092470,0
1003,ENSG00000179776,0
54494,ENSG00000180425,0
220202,ENSG00000179774,0
283254,ENSG00000180423,0
2307,ENSG00000179772,0
139818,ENSG00000147251,0
3192,ENSG00000153187,1
5395,ENSG00000122512,0
6370,ENSG00000131142,0
1327,ENSG00000131143,1
4350,ENSG00000103152,0
23417,ENSG00000103150,0
1300,ENSG00000123500,0
10328,ENSG00000131148,0
23199,ENSG00000131149,0
262,ENSG00000123505,0
83447,ENSG00000151475,0
10693,ENSG00000132141,0
89848,ENSG00000197948,0
29989,ENSG00000280584,0
128710,ENSG00000149346,0
6827,ENSG00000213246,0
64925,ENSG00000177352,0
10538,ENSG00000156127,0
118461,ENSG00000177354,0
127254,ENSG00000178965,0
805,ENSG00000143933,0
124872,ENSG00000167080,0
5090,ENSG00000167081,0
441476,ENSG00000197768,0
23357,ENSG00000013523,0
49861,ENSG00000171217,0
51025,ENSG00000217930,1
6632,ENSG00000167088,1
51184,ENSG00000111231,1
60561,ENSG00000135249,1
84691,ENSG00000135248,0
56676,ENSG00000176009,0
9046,ENSG00000147443,0
55602,ENSG00000168564,0
51699,ENSG00000111237,1
354,ENSG00000142515,0
50640,ENSG00000135241,0
347404,ENSG00000147036,0
2854,ENSG00000142511,0
29923,ENSG00000135245,0
89790,ENSG00000142512,0
64400,ENSG00000166971,0
55600,ENSG00000179914,0
100128553,ENSG00000288370,0
10982,ENSG00000166974,0
23294,ENSG00000064999,0
59271,ENSG00000166979,0
51447,ENSG00000068745,0
6882,ENSG00000064995,0
22864,ENSG00000179912,0
728072,ENSG00000292266,0
283999,ENSG00000204278,0
1128,ENSG00000168539,0
146664,ENSG00000167889,0
7089,ENSG00000065717,0
285368,ENSG00000163704,0
1420,ENSG00000285011,0
132014,ENSG00000163701,0
7855,ENSG00000163251,0
84818,ENSG00000163702,0
55527,ENSG00000141965,0
23053,ENSG00000214655,0
84545,ENSG00000055950,0
166012,ENSG00000180767,0
3697,ENSG00000055957,0
442319,ENSG00000214652,0
3700,ENSG00000055955,0
7051,ENSG00000285348,0
114112,ENSG00000197763,0
3866,ENSG00000171346,0
7409,ENSG00000141968,0
203430,ENSG00000179300,0
54165,ENSG00000043093,0
63916,ENSG00000062598,0
51319,ENSG00000174891,0
83707,ENSG00000149743,0
375323,ENSG00000156959,0
57835,ENSG00000188687,0
2359,ENSG00000187474,0
6585,ENSG00000187122,0
2829,ENSG00000173578,0
10057,ENSG00000114770,0
13,ENSG00000114771,0
22926,ENSG00000118217,0
2658,ENSG00000263761,0
5429,ENSG00000170734,0
63931,ENSG00000120333,1
84836,ENSG00000114779,0
51327,ENSG00000169877,0
54535,ENSG00000234114,0
158358,ENSG00000183354,0
64895,ENSG00000115421,0
55362,ENSG00000137216,0
1768,ENSG00000115423,0
55825,ENSG00000115425,0
3934,ENSG00000148346,0
153090,ENSG00000136848,0
5443,ENSG00000115138,0
5888,ENSG00000051180,1
387267,ENSG00000291440,0
56904,ENSG00000148341,0
51809,ENSG00000109586,0
91828,ENSG00000205436,0
93650,ENSG00000142513,0
7186,ENSG00000127191,0
84062,ENSG00000047579,0
23247,ENSG00000047578,0
646754,ENSG00000214891,0
3915,ENSG00000135862,0
80342,ENSG00000009790,0
23248,ENSG00000163125,0
81853,ENSG00000137210,0
9989,ENSG00000154845,0
9133,ENSG00000157456,0
7545,ENSG00000152977,0
79156,ENSG00000166289,0
552891,ENSG00000244115,0
54778,ENSG00000157450,0
390598,ENSG00000188779,0
5608,ENSG00000108984,0
84073,ENSG00000136449,0
222894,ENSG00000146618,0
1376,ENSG00000157184,0
3880,ENSG00000171345,0
10758,ENSG00000056972,0
9651,ENSG00000149527,0
55316,ENSG00000136444,0
145264,ENSG00000165953,0
64968,ENSG00000243927,1
2230,ENSG00000137714,0
5519,ENSG00000137713,0
653781,ENSG00000222038,0
84700,ENSG00000133454,0
54886,ENSG00000148123,0
118663,ENSG00000138152,0
221476,ENSG00000164530,0
221504,ENSG00000213588,0
221955,ENSG00000164535,0
140597,ENSG00000291823,0
8910,ENSG00000127990,0
54596,ENSG00000240563,0
346,ENSG00000267467,0
84060,ENSG00000127993,0
124220,ENSG00000283056,0
64921,ENSG00000127995,0
163589,ENSG00000162782,0
114984,ENSG00000162076,0
84340,ENSG00000164347,0
441234,ENSG00000182111,0
3149,ENSG00000029993,0
124222,ENSG00000162073,0
65010,ENSG00000225697,0
353322,ENSG00000186352,0
91749,ENSG00000173214,0
64081,ENSG00000108187,0
22987,ENSG00000122012,0
116987,ENSG00000157985,0
22885,ENSG00000173210,0
55794,ENSG00000182810,0
56112,ENSG00000254245,0
51278,ENSG00000162783,0
23471,ENSG00000067167,0
6974,ENSG00000233306,0
4606,ENSG00000086967,0
221154,ENSG00000165487,0
114798,ENSG00000178235,0
134266,ENSG00000164284,0
166979,ENSG00000164287,0
54732,ENSG00000184840,0
4314,ENSG00000149968,0
10524,ENSG00000172977,1
11319,ENSG00000122882,1
387733,ENSG00000206013,0
9252,ENSG00000100784,0
4353,ENSG00000005381,0
83592,ENSG00000165568,0
2587,ENSG00000166573,0
8344,ENSG00000274290,0
9211,ENSG00000108231,0
60684,ENSG00000168538,1
200010,ENSG00000117834,0
23232,ENSG00000108239,0
139212,ENSG00000080572,0
50509,ENSG00000080573,0
388419,ENSG00000204347,0
284,ENSG00000154188,0
1553,ENSG00000197838,0
8859,ENSG00000234947,0
222068,ENSG00000158604,0
282679,ENSG00000178301,0
8780,ENSG00000101782,0
92667,ENSG00000125871,0
140453,ENSG00000169876,0
117155,ENSG00000166762,0
10573,ENSG00000086504,1
57697,ENSG00000187790,0
3049,ENSG00000086506,0
286826,ENSG00000183814,0
78987,ENSG00000163703,0
403253,ENSG00000237388,0
284565,ENSG00000266338,0
4052,ENSG00000049323,0
100128071,ENSG00000225828,0
55293,ENSG00000151116,0
10747,ENSG00000009724,0
610,ENSG00000099822,0
57054,ENSG00000187191,0
5442,ENSG00000099821,0
1855,ENSG00000107404,0
83941,ENSG00000162604,0
10606,ENSG00000128050,1
30851,ENSG00000213977,0
24148,ENSG00000101161,1
1522,ENSG00000101160,0
85320,ENSG00000121270,0
7476,ENSG00000154764,0
7508,ENSG00000154767,0
64282,ENSG00000121274,0
84181,ENSG00000124177,0
339403,ENSG00000173080,0
115861,ENSG00000171773,0
514,ENSG00000124172,0
84612,ENSG00000124171,0
57732,ENSG00000159733,0
65095,ENSG00000129347,1
10106,ENSG00000175215,0
312,ENSG00000104537,0
730130,ENSG00000234224,0
158747,ENSG00000130150,0
3352,ENSG00000179546,0
170692,ENSG00000140873,0
55615,ENSG00000186654,0
139065,ENSG00000179542,0
51032,ENSG00000215704,0
57572,ENSG00000130158,0
339210,ENSG00000214226,0
3125,ENSG00000231679,0
51567,ENSG00000111802,0
8359,ENSG00000278637,0
400120,ENSG00000180440,0
219623,ENSG00000196932,0
1718,ENSG00000116133,0
5306,ENSG00000174238,0
84616,ENSG00000171396,0
482,ENSG00000129244,0
9513,ENSG00000129245,0
10921,ENSG00000205937,0
28557,ENSG00000237254,0
341276,ENSG00000170790,0
79145,ENSG00000170791,0
7582,ENSG00000196693,0
8711,ENSG00000174292,0
8685,ENSG00000019169,0
22859,ENSG00000072071,0
23096,ENSG00000124313,0
56122,ENSG00000120327,0
56126,ENSG00000120324,0
26493,ENSG00000197125,0
56128,ENSG00000120322,0
168417,ENSG00000197123,0
80055,ENSG00000197121,0
160622,ENSG00000161835,0
554235,ENSG00000204653,0
56124,ENSG00000291691,0
83884,ENSG00000120329,0
9758,ENSG00000169933,0
3155,ENSG00000117305,0
91663,ENSG00000179820,0
9053,ENSG00000135525,0
7918,ENSG00000223932,0
51244,ENSG00000154781,0
23768,ENSG00000185070,0
2582,ENSG00000117308,0
6139,ENSG00000265681,1
6698,ENSG00000169474,0
163,ENSG00000006125,0
119587,ENSG00000121898,0
11019,ENSG00000121897,1
80008,ENSG00000121895,0
6863,ENSG00000006128,0
23244,ENSG00000121892,1
4842,ENSG00000089250,0
54884,ENSG00000042445,0
392255,ENSG00000156466,0
1610,ENSG00000110887,0
23603,ENSG00000110880,0
41,ENSG00000110881,0
153769,ENSG00000156463,0
4541,ENSG00000198695,0
9765,ENSG00000039319,0
65981,ENSG00000110888,0
51001,ENSG00000156469,0
5226,ENSG00000142657,1
10162,ENSG00000111684,0
84307,ENSG00000186812,0
26574,ENSG00000276072,1
284403,ENSG00000075702,0
10992,ENSG00000087365,1
353133,ENSG00000197084,0
50615,ENSG00000103522,0
283111,ENSG00000176742,0
23303,ENSG00000197892,0
51760,ENSG00000103528,0
8851,ENSG00000176749,0
285315,ENSG00000174928,0
23012,ENSG00000211455,0
6977,ENSG00000211698,0
6484,ENSG00000110080,0
149111,ENSG00000143786,0
81494,ENSG00000134389,0
219541,ENSG00000156603,1
869,ENSG00000102924,0
344892,ENSG00000198471,0
10447,ENSG00000196937,0
30062,ENSG00000134438,0
57410,ENSG00000142186,0
26610,ENSG00000109911,0
9457,ENSG00000112214,0
29947,ENSG00000142182,0
8882,ENSG00000109917,1
93323,ENSG00000131351,1
23788,ENSG00000285121,0
84658,ENSG00000131355,0
757,ENSG00000142188,0
1647,ENSG00000116717,0
5319,ENSG00000170890,0
56983,ENSG00000163389,0
103910,ENSG00000118680,0
390113,ENSG00000176567,0
3071,ENSG00000123338,0
2309,ENSG00000118689,0
158809,ENSG00000176746,0
7743,ENSG00000136870,0
229,ENSG00000136872,0
9128,ENSG00000136875,1
55014,ENSG00000136874,0
329,ENSG00000110330,0
347516,ENSG00000184210,0
339287,ENSG00000188895,0
284485,ENSG00000178796,0
1901,ENSG00000170989,0
135932,ENSG00000178826,0
220032,ENSG00000178795,0
4487,ENSG00000163132,0
441873,ENSG00000229571,0
1520,ENSG00000163131,0
134121,ENSG00000215217,0
29100,ENSG00000168701,0
53353,ENSG00000168702,0
128488,ENSG00000168703,0
3268,ENSG00000106351,0
196051,ENSG00000203805,0
51115,ENSG00000176623,0
90701,ENSG00000166562,0
716,ENSG00000182326,0
284695,ENSG00000162664,0
3770,ENSG00000182324,0
56955,ENSG00000152595,0
164045,ENSG00000162669,0
5727,ENSG00000185920,0
339302,ENSG00000166569,0
119749,ENSG00000185926,0
23194,ENSG00000183580,0
3882,ENSG00000108759,0
51277,ENSG00000115137,0
346171,ENSG00000234669,0
3134,ENSG00000137403,0
56900,ENSG00000215717,0
129521,ENSG00000204640,0
9083,ENSG00000183753,0
1759,ENSG00000106976,0
476,ENSG00000163399,1
886,ENSG00000163394,0
91156,ENSG00000163395,0
55356,ENSG00000163393,0
6711,ENSG00000115306,0
550,ENSG00000115307,0
27295,ENSG00000154553,0
29995,ENSG00000071282,0
5438,ENSG00000105258,1
100506084,ENSG00000275748,0
26227,ENSG00000092621,0
58,ENSG00000143632,0
1155,ENSG00000105254,1
56987,ENSG00000114439,0
220869,ENSG00000147996,1
51142,ENSG00000106153,0
116443,ENSG00000198785,0
128,ENSG00000197894,0
100526739,ENSG00000251503,0
283373,ENSG00000139645,0
57538,ENSG00000136383,0
55150,ENSG00000221916,0
3658,ENSG00000136381,0
79583,ENSG00000205084,0
140831,ENSG00000132801,0
135948,ENSG00000284965,0
114990,ENSG00000274334,0
29881,ENSG00000015520,0
91373,ENSG00000197355,0
10287,ENSG00000171700,0
200316,ENSG00000128394,0
729085,ENSG00000144649,0
548645,ENSG00000059769,0
22994,ENSG00000141577,0
113402,ENSG00000198818,0
200959,ENSG00000183185,0
57332,ENSG00000141570,0
55716,ENSG00000139636,0
60314,ENSG00000139637,0
282969,ENSG00000148803,0
79048,ENSG00000187742,0
23608,ENSG00000133606,0
54971,ENSG00000172530,0
647286,ENSG00000227729,0
3054,ENSG00000172534,1
22887,ENSG00000198815,0
84833,ENSG00000173915,0
3212,ENSG00000173917,0
2710,ENSG00000198814,0
80835,ENSG00000173662,0
116843,ENSG00000146409,0
7388,ENSG00000173660,1
55630,ENSG00000285243,0
79866,ENSG00000136122,1
245910,ENSG00000186572,0
4783,ENSG00000165030,0
8862,ENSG00000171388,0
254773,ENSG00000185674,0
518,ENSG00000154518,0
130940,ENSG00000153237,0
23279,ENSG00000030066,1
10483,ENSG00000101310,0
55612,ENSG00000101311,0
57626,ENSG00000150361,0
10907,ENSG00000141759,1
58510,ENSG00000250799,0
79874,ENSG00000177548,0
64798,ENSG00000155792,0
3487,ENSG00000141753,0
342667,ENSG00000141750,0
55075,ENSG00000137831,0
4091,ENSG00000137834,0
283463,ENSG00000205592,0
60682,ENSG00000112305,0
55856,ENSG00000112304,0
5754,ENSG00000112655,0
6206,ENSG00000112306,1
378884,ENSG00000187566,0
51069,ENSG00000112651,0
79939,ENSG00000127526,0
26034,ENSG00000074706,0
10365,ENSG00000127528,0
5217,ENSG00000070087,0
135152,ENSG00000112309,0
81688,ENSG00000112308,0
23113,ENSG00000112659,0
6722,ENSG00000112658,1
57179,ENSG00000122203,0
79908,ENSG00000113303,0
57472,ENSG00000113300,0
338657,ENSG00000186166,1
54543,ENSG00000196683,0
8626,ENSG00000073282,0
9678,ENSG00000106443,0
8841,ENSG00000171720,1
91056,ENSG00000254470,0
169611,ENSG00000185585,0
3397,ENSG00000125968,0
253143,ENSG00000183530,0
64860,ENSG00000125962,0
9937,ENSG00000198924,0
29888,ENSG00000090372,0
57062,ENSG00000089737,1
10893,ENSG00000125966,0
8200,ENSG00000125965,0
11213,ENSG00000090376,0
64849,ENSG00000158296,0
121642,ENSG00000189046,0
26053,ENSG00000158321,0
100996939,ENSG00000145337,0
4162,ENSG00000076706,0
23376,ENSG00000014123,0
440,ENSG00000070669,0
2046,ENSG00000070886,0
914,ENSG00000116824,0
2897,ENSG00000171189,0
26031,ENSG00000070882,0
59285,ENSG00000130433,0
54905,ENSG00000073067,0
387509,ENSG00000158292,0
949,ENSG00000073060,0
284680,ENSG00000171722,0
112817,ENSG00000241935,0
119548,ENSG00000203837,0
643988,ENSG00000228594,0
27072,ENSG00000006715,0
2668,ENSG00000168621,0
8813,ENSG00000000419,0
374354,ENSG00000196865,0
3013,ENSG00000196866,0
387990,ENSG00000196860,0
127731,ENSG00000158816,0
8822,ENSG00000158815,0
8786,ENSG00000076344,0
388799,ENSG00000213714,0
818,ENSG00000148660,0
56154,ENSG00000133863,0
1856,ENSG00000004975,0
4836,ENSG00000136448,1
79734,ENSG00000100379,0
6286,ENSG00000163993,0
1133,ENSG00000184984,0
10243,ENSG00000171723,0
90161,ENSG00000171004,0
8482,ENSG00000138623,0
7380,ENSG00000100373,0
10478,ENSG00000100372,0
28391,ENSG00000211970,0
26524,ENSG00000150457,0
55007,ENSG00000100376,0
114609,ENSG00000150455,0
6574,ENSG00000144136,1
9210,ENSG00000130385,0
26502,ENSG00000141562,0
63933,ENSG00000050393,0
2527,ENSG00000130383,0
4298,ENSG00000130382,0
5910,ENSG00000138698,0
8355,ENSG00000273983,0
203076,ENSG00000171060,0
10667,ENSG00000145982,1
57687,ENSG00000171724,0
6565,ENSG00000163406,0
79789,ENSG00000165959,0
83734,ENSG00000152348,0
319,ENSG00000175336,0
975,ENSG00000110651,0
4486,ENSG00000164078,0
51123,ENSG00000120963,0
387103,ENSG00000203760,1
115509,ENSG00000156853,0
3607,ENSG00000141568,0
5294,ENSG00000105851,0
22824,ENSG00000164070,0
9985,ENSG00000100918,0
3543,ENSG00000128322,0
78994,ENSG00000156858,0
80167,ENSG00000164074,0
1565,ENSG00000280905,0
11015,ENSG00000100196,0
84993,ENSG00000138629,0
55722,ENSG00000112877,0
253314,ENSG00000175766,0
6527,ENSG00000100191,0
83594,ENSG00000112874,0
8718,ENSG00000215788,0
2,ENSG00000175899,0
5293,ENSG00000171608,1
91012,ENSG00000139624,0
25946,ENSG00000161642,0
400709,ENSG00000161643,0
114132,ENSG00000161640,0
2993,ENSG00000170180,0
4356,ENSG00000161647,0
59349,ENSG00000117153,0
5999,ENSG00000117152,0
1486,ENSG00000117151,0
146894,ENSG00000161649,0
117178,ENSG00000117155,0
84966,ENSG00000117154,0
2797,ENSG00000125787,0
126074,ENSG00000173928,0
7053,ENSG00000125780,0
8050,ENSG00000110435,0
79760,ENSG00000142252,0
6506,ENSG00000110436,0
10149,ENSG00000173698,0
81623,ENSG00000125788,0
26090,ENSG00000100997,0
5834,ENSG00000100994,0
26133,ENSG00000100991,0
149840,ENSG00000171984,0
91137,ENSG00000164209,0
26007,ENSG00000149476,0
158056,ENSG00000177943,0
9564,ENSG00000050820,0
28877,ENSG00000228325,0
221037,ENSG00000171988,0
92483,ENSG00000171989,0
55680,ENSG00000204130,0
29904,ENSG00000284161,0
340980,ENSG00000187747,0
57057,ENSG00000164532,0
7783,ENSG00000284588,0
1787,ENSG00000107614,0
54926,ENSG00000107341,0
4210,ENSG00000103313,0
8029,ENSG00000107611,0
130752,ENSG00000138400,0
1428,ENSG00000103316,0
113746,ENSG00000177947,0
127943,ENSG00000162746,0
55613,ENSG00000102043,0
28959,ENSG00000106565,0
26157,ENSG00000106560,0
140462,ENSG00000102048,0
391194,ENSG00000198601,0
6310,ENSG00000124788,0
9972,ENSG00000124789,0
3115,ENSG00000229295,0
149175,ENSG00000185090,0
83732,ENSG00000124784,1
51299,ENSG00000124785,0
51000,ENSG00000124786,0
10799,ENSG00000124787,1
89822,ENSG00000124780,0
200879,ENSG00000163898,0
6239,ENSG00000124782,0
6745,ENSG00000124783,0
50511,ENSG00000139351,0
121441,ENSG00000139350,1
429,ENSG00000139352,0
7060,ENSG00000113296,0
8697,ENSG00000094880,1
342898,ENSG00000179751,0
9582,ENSG00000179750,0
55086,ENSG00000147231,0
5119,ENSG00000131165,0
5893,ENSG00000002016,0
2707,ENSG00000188910,0
84443,ENSG00000147234,0
79169,ENSG00000143793,0
5208,ENSG00000123836,0
285386,ENSG00000188001,0
2059,ENSG00000151491,0
10147,ENSG00000064607,0
1009,ENSG00000140937,0
91768,ENSG00000134508,0
123920,ENSG00000140931,0
722,ENSG00000123838,0
3766,ENSG00000177807,0
83641,ENSG00000065809,0
79823,ENSG00000143919,0
55757,ENSG00000102595,0
7076,ENSG00000102265,0
101927581,ENSG00000166329,0
51665,ENSG00000065802,0
84503,ENSG00000189164,0
129880,ENSG00000163093,0
129446,ENSG00000163092,0
116844,ENSG00000171236,0
344758,ENSG00000174948,0
56341,ENSG00000111218,0
11122,ENSG00000196090,0
25903,ENSG00000162745,0
154810,ENSG00000166025,0
28957,ENSG00000147586,0
6546,ENSG00000183023,0
1326,ENSG00000107968,0
7529,ENSG00000166913,0
5005,ENSG00000228278,0
26136,ENSG00000135269,0
5375,ENSG00000147588,0
79991,ENSG00000107960,0
8712,ENSG00000068985,0
79134,ENSG00000226479,0
8644,ENSG00000196139,0
7336,ENSG00000169139,0
25961,ENSG00000166321,0
9378,ENSG00000179915,0
22809,ENSG00000169136,0
7798,ENSG00000169641,0
6940,ENSG00000169131,0
253012,ENSG00000188175,0
389289,ENSG00000177721,0
124460,ENSG00000167208,0
4880,ENSG00000163273,0
1307,ENSG00000084636,0
10648,ENSG00000168515,0
23102,ENSG00000167202,0
1592,ENSG00000095596,0
8351,ENSG00000197409,0
2205,ENSG00000179639,0
6649,ENSG00000109610,0
10620,ENSG00000179361,0
203562,ENSG00000179363,0
57646,ENSG00000048028,0
51091,ENSG00000109618,0
54579,ENSG00000288705,0
341392,ENSG00000215009,0
25948,ENSG00000170852,0
81839,ENSG00000173218,0
12,ENSG00000196136,0
7276,ENSG00000118271,0
150350,ENSG00000176177,0
9331,ENSG00000118276,0
84864,ENSG00000170854,0
3706,ENSG00000137825,0
10489,ENSG00000132128,0
359845,ENSG00000183688,0
55177,ENSG00000137824,0
54558,ENSG00000132122,0
375190,ENSG00000219626,0
28512,ENSG00000197885,0
28468,ENSG00000211945,0
6256,ENSG00000186350,0
70,ENSG00000159251,0
728400,ENSG00000231051,0
440503,ENSG00000214456,0
260334,ENSG00000173213,0
22870,ENSG00000105063,0
11187,ENSG00000184363,0
54629,ENSG00000128923,0
348378,ENSG00000182183,0
116496,ENSG00000135842,0
3712,ENSG00000128928,0
9993,ENSG00000070413,0
56912,ENSG00000118096,0
646799,ENSG00000189167,0
11181,ENSG00000118094,0
116138,ENSG00000124702,0
85445,ENSG00000152910,0
644019,ENSG00000215126,0
55006,ENSG00000171103,0
85021,ENSG00000135597,0
4807,ENSG00000171786,0
55540,ENSG00000056736,0
2830,ENSG00000146360,0
284428,ENSG00000237247,0
150681,ENSG00000178586,0
125963,ENSG00000170929,0
220074,ENSG00000284922,0
53981,ENSG00000165934,1
341346,ENSG00000165935,0
223082,ENSG00000180233,0
486,ENSG00000137731,0
113828,ENSG00000133477,0
1188,ENSG00000184908,0
8192,ENSG00000125656,0
118672,ENSG00000179988,1
30,ENSG00000060971,0
94101,ENSG00000128699,0
2167,ENSG00000170323,0
64172,ENSG00000128694,0
729458,ENSG00000196589,0
25988,ENSG00000172273,1
9219,ENSG00000149480,0
5623,ENSG00000125650,0
221150,ENSG00000165480,0
55670,ENSG00000215193,0
5493,ENSG00000118898,0
196483,ENSG00000118894,0
85459,ENSG00000166004,1
3747,ENSG00000166006,0
754,ENSG00000183255,0
4116,ENSG00000162385,1
11190,ENSG00000126001,0
158135,ENSG00000175764,0
54903,ENSG00000011143,0
3346,ENSG00000126550,0
653784,ENSG00000173272,0
8658,ENSG00000285372,0
203523,ENSG00000173275,0
49854,ENSG00000173276,0
6512,ENSG00000162383,0
197257,ENSG00000166816,0
28791,ENSG00000211658,0
79618,ENSG00000147421,0
25972,ENSG00000115446,0
29842,ENSG00000115112,0
7143,ENSG00000116147,0
1812,ENSG00000184845,0
6879,ENSG00000178913,0
4139,ENSG00000116141,0
63917,ENSG00000178234,0
6318,ENSG00000206073,0
89778,ENSG00000206072,0
2119,ENSG00000244405,0
84792,ENSG00000178397,0
81797,ENSG00000224487,0
374654,ENSG00000166813,0
201501,ENSG00000184828,0
81442,ENSG00000188340,0
345930,ENSG00000203734,0
7159,ENSG00000143514,0
51300,ENSG00000113845,0
57198,ENSG00000143515,0
1411,ENSG00000108255,0
5725,ENSG00000011304,0
120406,ENSG00000204361,0
57498,ENSG00000134313,0
8727,ENSG00000119326,0
137964,ENSG00000158669,0
2838,ENSG00000154165,0
1478,ENSG00000101811,0
1010,ENSG00000154162,0
23307,ENSG00000119321,0
125476,ENSG00000153391,0
647042,ENSG00000274042,0
349075,ENSG00000178665,0
79888,ENSG00000153395,0
54942,ENSG00000119328,0
330,ENSG00000023445,0
148170,ENSG00000273633,0
151636,ENSG00000163840,0
64766,ENSG00000116497,0
90427,ENSG00000104081,0
140809,ENSG00000271303,0
4173,ENSG00000104738,1
56919,ENSG00000005100,1
4222,ENSG00000005102,0
5081,ENSG00000009709,0
152007,ENSG00000122694,0
92014,ENSG00000122696,0
7291,ENSG00000122691,0
55234,ENSG00000122692,1
158131,ENSG00000165202,0
6880,ENSG00000276463,0
158724,ENSG00000185448,0
55691,ENSG00000151474,0
910,ENSG00000158485,0
55567,ENSG00000158486,0
23051,ENSG00000174306,0
9825,ENSG00000158480,0
9271,ENSG00000275051,0
10659,ENSG00000048740,0
6789,ENSG00000101109,0
202018,ENSG00000169762,0
913,ENSG00000158488,0
55340,ENSG00000196329,0
84078,ENSG00000120696,0
29880,ENSG00000120697,0
10808,ENSG00000120694,0
9208,ENSG00000124831,0
84444,ENSG00000104885,0
4093,ENSG00000120693,0
1997,ENSG00000120690,0
10535,ENSG00000104889,1
57030,ENSG00000104888,0
132228,ENSG00000179564,0
8450,ENSG00000158290,0
1264,ENSG00000130176,0
1843,ENSG00000120129,0
11340,ENSG00000120699,1
414899,ENSG00000259571,0
60343,ENSG00000071889,0
7404,ENSG00000183878,0
6006,ENSG00000188672,0
1039,ENSG00000140743,0
7385,ENSG00000140740,1
51118,ENSG00000183520,1
8477,ENSG00000140030,0
27127,ENSG00000077935,0
23187,ENSG00000019144,0
10261,ENSG00000283934,0
8330,ENSG00000275221,0
779,ENSG00000081248,0
85315,ENSG00000170915,0
11162,ENSG00000170917,0
25996,ENSG00000076043,1
88455,ENSG00000076513,0
135114,ENSG00000111911,0
89866,ENSG00000120341,0
9750,ENSG00000111913,0
135112,ENSG00000111912,0
1184,ENSG00000171365,0
23507,ENSG00000197147,0
5076,ENSG00000075891,0
90589,ENSG00000257591,0
341416,ENSG00000179695,0
55159,ENSG00000168411,0
9129,ENSG00000117360,1
51107,ENSG00000117362,0
133491,ENSG00000185056,0
320,ENSG00000107282,0
4543,ENSG00000168412,0
80853,ENSG00000006459,0
56654,ENSG00000107281,0
55971,ENSG00000006453,0
5898,ENSG00000006451,0
7031,ENSG00000160182,0
64699,ENSG00000160183,0
7033,ENSG00000160180,0
64428,ENSG00000103245,1
83439,ENSG00000152284,0
28912,ENSG00000239951,0
53347,ENSG00000160185,0
152138,ENSG00000253548,0
27147,ENSG00000146966,0
80204,ENSG00000138081,0
51631,ENSG00000146963,1
23731,ENSG00000106771,0
6967,ENSG00000227191,0
158471,ENSG00000106772,0
338811,ENSG00000198673,0
2188,ENSG00000183161,0
4018,ENSG00000198670,0
5742,ENSG00000095303,0
5603,ENSG00000156711,0
283870,ENSG00000182685,0
390313,ENSG00000198678,0
163351,ENSG00000183347,0
55512,ENSG00000103056,0
23026,ENSG00000041515,0
653427,ENSG00000204779,0
143187,ENSG00000151532,0
25839,ENSG00000103051,1
10423,ENSG00000103502,1
282890,ENSG00000235589,0
376267,ENSG00000139998,0
1002,ENSG00000179242,0
256536,ENSG00000176769,0
253635,ENSG00000152133,0
11076,ENSG00000171368,0
10725,ENSG00000102908,0
29909,ENSG00000174946,0
155185,ENSG00000174945,0
9934,ENSG00000174944,0
6424,ENSG00000106483,0
9688,ENSG00000102900,1
55815,ENSG00000102904,0
4232,ENSG00000106484,0
399,ENSG00000168421,0
64651,ENSG00000144655,0
7220,ENSG00000144935,0
81607,ENSG00000143217,0
6210,ENSG00000134419,1
3581,ENSG00000124334,0
1272,ENSG00000018236,0
6902,ENSG00000171530,1
6845,ENSG00000292366,0
4761,ENSG00000171532,0
55107,ENSG00000131620,0
100131439,ENSG00000204345,0
8500,ENSG00000288198,0
256144,ENSG00000176547,0
79346,ENSG00000176540,0
4130,ENSG00000166963,0
206358,ENSG00000123643,0
51759,ENSG00000136819,1
10529,ENSG00000078114,0
23392,ENSG00000136813,0
4957,ENSG00000136811,0
7295,ENSG00000136810,1
27348,ENSG00000136816,0
4351,ENSG00000178802,0
83889,ENSG00000171804,0
389336,ENSG00000178776,0
1797,ENSG00000224313,0
55917,ENSG00000143079,0
1370,ENSG00000178772,0
27132,ENSG00000178773,0
136259,ENSG00000266265,0
134218,ENSG00000168724,0
375593,ENSG00000178809,0
401546,ENSG00000188959,0
390066,ENSG00000181609,0
11226,ENSG00000139629,0
55012,ENSG00000092020,1
128366,ENSG00000186440,0
84249,ENSG00000146005,0
439915,ENSG00000277291,0
10308,ENSG00000185947,0
55599,ENSG00000185946,1
50512,ENSG00000114631,0
5193,ENSG00000108733,0
257313,ENSG00000188958,0
286514,ENSG00000176774,0
9343,ENSG00000108883,1
7348,ENSG00000114638,0
10399,ENSG00000204628,1
2254,ENSG00000102678,0
23348,ENSG00000088387,0
6564,ENSG00000088386,0
57540,ENSG00000204624,0
3983,ENSG00000099204,0
944,ENSG00000106952,0
79413,ENSG00000177494,0
1796,ENSG00000115325,0
9757,ENSG00000272333,0
157574,ENSG00000214050,0
602,ENSG00000069399,0
25999,ENSG00000105270,0
54065,ENSG00000205670,0
54726,ENSG00000164164,0
23217,ENSG00000105278,0
22861,ENSG00000091592,0
59345,ENSG00000114450,0
28457,ENSG00000211937,0
11148,ENSG00000114455,0
9495,ENSG00000179841,0
81562,ENSG00000114988,0
10955,ENSG00000132824,0
5509,ENSG00000132825,0
4512,ENSG00000198804,0
6119,ENSG00000106399,0
128434,ENSG00000132821,0
390260,ENSG00000221931,0
255220,ENSG00000204193,0
392138,ENSG00000285496,0
641654,ENSG00000221932,0
259286,ENSG00000221937,0
158833,ENSG00000204195,0
57509,ENSG00000129422,0
1068,ENSG00000177143,0
9569,ENSG00000006704,0
10643,ENSG00000136231,0
283189,ENSG00000172457,0
4706,ENSG00000004779,1
128497,ENSG00000149634,0
7157,ENSG00000141510,0
6441,ENSG00000133661,0
728379,ENSG00000229579,0
126393,ENSG00000004776,0
115703,ENSG00000004777,0
4673,ENSG00000187109,0
10869,ENSG00000172046,0
23014,ENSG00000135108,0
10507,ENSG00000187764,0
386681,ENSG00000187766,0
114803,ENSG00000162601,0
115209,ENSG00000162600,0
6927,ENSG00000135100,0
6602,ENSG00000066117,0
27129,ENSG00000173641,0
7544,ENSG00000067646,0
5568,ENSG00000165059,0
6534,ENSG00000011083,0
252884,ENSG00000186496,0
5340,ENSG00000122194,0
51028,ENSG00000136100,0
440097,ENSG00000185610,0
6993,ENSG00000146425,0
79621,ENSG00000136104,1
55798,ENSG00000165055,0
26230,ENSG00000146426,0
10184,ENSG00000145685,0
8019,ENSG00000169925,0
23635,ENSG00000145687,0
3938,ENSG00000115850,0
1404,ENSG00000145681,0
3234,ENSG00000175879,0
5937,ENSG00000153250,0
84666,ENSG00000163515,0
55139,ENSG00000163516,0
6328,ENSG00000153253,0
57703,ENSG00000163510,1
64343,ENSG00000163512,0
7048,ENSG00000163513,0
29803,ENSG00000214022,0
9843,ENSG00000089472,0
79980,ENSG00000149636,0
124274,ENSG00000180269,0
728492,ENSG00000205572,0
6607,ENSG00000277773,1
7350,ENSG00000109424,0
347088,ENSG00000180264,0
101060200,ENSG00000214029,0
10975,ENSG00000127540,0
4259,ENSG00000143198,0
55785,ENSG00000180263,0
123720,ENSG00000156232,0
8518,ENSG00000070061,1
56940,ENSG00000112679,0
3914,ENSG00000196878,0
10563,ENSG00000156234,0
2975,ENSG00000077235,1
54431,ENSG00000077232,0
93129,ENSG00000175938,0
7107,ENSG00000077585,0
3566,ENSG00000077238,0
80818,ENSG00000125945,0
10236,ENSG00000282958,0
654483,ENSG00000169627,0
10296,ENSG00000090316,0
51507,ENSG00000022277,1
257236,ENSG00000173013,0
286204,ENSG00000148204,0
9201,ENSG00000133083,0
10738,ENSG00000128276,0
28464,ENSG00000211968,0
23270,ENSG00000187189,0
339768,ENSG00000144488,0
4257,ENSG00000008394,0
7709,ENSG00000116809,0
221496,ENSG00000161904,0
79054,ENSG00000144481,0
1805,ENSG00000143196,0
55502,ENSG00000144485,0
58504,ENSG00000128805,0
84498,ENSG00000275333,0
283629,ENSG00000285140,0
4705,ENSG00000130414,0
22844,ENSG00000070601,0
84944,ENSG00000143194,0
617,ENSG00000074582,1
28424,ENSG00000211964,0
387597,ENSG00000143195,0
387775,ENSG00000184999,0
5733,ENSG00000050628,0
126868,ENSG00000173212,0
256714,ENSG00000184368,0
402569,ENSG00000185467,0
1054,ENSG00000153879,0
5817,ENSG00000073008,0
2326,ENSG00000010932,0
23347,ENSG00000101596,0
151835,ENSG00000144550,0
10865,ENSG00000196843,0
200558,ENSG00000169621,0
2615,ENSG00000137507,0
58487,ENSG00000137504,0
5977,ENSG00000133884,0
27314,ENSG00000137502,0
51633,ENSG00000155100,0
60492,ENSG00000137500,0
54843,ENSG00000137501,0
51163,ENSG00000138231,1
10345,ENSG00000186439,0
10922,ENSG00000164896,0
83590,ENSG00000164897,0
23209,ENSG00000100427,0
23112,ENSG00000100354,0
23774,ENSG00000100425,0
5256,ENSG00000044446,0
80020,ENSG00000100350,0
8664,ENSG00000100353,1
25987,ENSG00000182704,0
27352,ENSG00000100359,0
158219,ENSG00000155158,0
83933,ENSG00000100429,0
100132406,ENSG00000271425,0
23362,ENSG00000156011,0
10245,ENSG00000292215,0
83698,ENSG00000183166,0
8193,ENSG00000011332,0
4063,ENSG00000122224,0
2002,ENSG00000126767,0
644414,ENSG00000186146,0
3188,ENSG00000126945,0
51744,ENSG00000122223,0
51309,ENSG00000126947,0
375611,ENSG00000170615,0
4620,ENSG00000125414,0
153745,ENSG00000170613,0
79633,ENSG00000196159,0
51428,ENSG00000183258,1
6275,ENSG00000196154,0
605,ENSG00000110987,0
58500,ENSG00000196150,0
151525,ENSG00000196151,0
28991,ENSG00000170619,0
576,ENSG00000121753,0
22869,ENSG00000081386,0
401152,ENSG00000164096,0
58986,ENSG00000129925,0
56944,ENSG00000116774,0
79998,ENSG00000144031,0
3976,ENSG00000128342,0
728888,ENSG00000284454,0
55914,ENSG00000112851,0
79814,ENSG00000116771,0
84645,ENSG00000128346,0
56133,ENSG00000291672,0
92745,ENSG00000017483,0
81027,ENSG00000101162,0
374355,ENSG00000182645,0
119772,ENSG00000197790,0
55751,ENSG00000164168,0
23382,ENSG00000158467,0
54680,ENSG00000117174,0
820,ENSG00000164047,0
2712,ENSG00000196475,0
57555,ENSG00000169992,0
51012,ENSG00000101166,1
4670,ENSG00000099783,0
8823,ENSG00000196468,1
55743,ENSG00000072609,0
337979,ENSG00000186924,0
100532737,ENSG00000254870,0
100533107,ENSG00000026036,0
5609,ENSG00000076984,0
8681,ENSG00000168970,0
55787,ENSG00000086712,0
7428,ENSG00000134086,0
121130,ENSG00000175398,0
5475,ENSG00000086717,0
219749,ENSG00000175395,0
81492,ENSG00000104941,0
93426,ENSG00000171772,0
23370,ENSG00000104880,0
83715,ENSG00000187017,0
28776,ENSG00000211652,0
26609,ENSG00000182583,0
993,ENSG00000164045,0
3758,ENSG00000151704,0
64397,ENSG00000103994,0
60677,ENSG00000140488,0
2313,ENSG00000151702,0
9780,ENSG00000103335,0
7166,ENSG00000129167,0
146691,ENSG00000175662,0
4050,ENSG00000236925,0
196,ENSG00000106546,0
6821,ENSG00000139531,0
23517,ENSG00000039123,1
79797,ENSG00000175213,0
54830,ENSG00000198088,0
9814,ENSG00000198089,0
23288,ENSG00000106012,0
10551,ENSG00000106541,0
5923,ENSG00000058335,0
6007,ENSG00000187010,0
7434,ENSG00000106018,0
7541,ENSG00000198081,0
55082,ENSG00000134884,0
81870,ENSG00000262594,0
1444,ENSG00000204414,0
63979,ENSG00000132436,0
133522,ENSG00000155846,0
246721,ENSG00000228049,1
9844,ENSG00000155849,0
57122,ENSG00000111581,1
22843,ENSG00000175175,0
728734,ENSG00000255524,0
641455,ENSG00000222036,0
85478,ENSG00000139537,0
83716,ENSG00000103196,0
7249,ENSG00000103197,0
9100,ENSG00000103194,1
23480,ENSG00000132432,0
5159,ENSG00000113721,0
1044,ENSG00000113722,0
10798,ENSG00000167825,0
80776,ENSG00000123810,0
79934,ENSG00000123815,0
3064,ENSG00000197386,0
9139,ENSG00000078699,0
27292,ENSG00000086189,1
6652,ENSG00000140263,0
6938,ENSG00000140262,0
146050,ENSG00000140265,0
10169,ENSG00000140264,0
1265,ENSG00000064666,0
503542,ENSG00000203772,0
4635,ENSG00000198336,0
200373,ENSG00000163075,0
4638,ENSG00000065534,0
115677,ENSG00000163072,0
132671,ENSG00000163071,0
219844,ENSG00000198331,0
9604,ENSG00000013561,0
5192,ENSG00000157911,0
1774,ENSG00000013563,0
285601,ENSG00000178015,0
2222,ENSG00000079459,0
57542,ENSG00000087448,0
284273,ENSG00000180011,0
58538,ENSG00000082126,0
51312,ENSG00000147454,0
403313,ENSG00000205808,0
56647,ENSG00000107949,1
3040,ENSG00000188536,0
64232,ENSG00000166930,0
353143,ENSG00000187238,0
72,ENSG00000163017,0
57047,ENSG00000163746,0
25849,ENSG00000169116,0
27334,ENSG00000078589,0
1234,ENSG00000160791,0
375519,ENSG00000164411,0
28940,ENSG00000243290,0
140258,ENSG00000198390,0
619208,ENSG00000203778,0
151903,ENSG00000160799,0
9802,ENSG00000183283,0
5343,ENSG00000183281,0
27302,ENSG00000163217,0
150726,ENSG00000163013,0
84064,ENSG00000167220,0
55151,ENSG00000095209,0
2592,ENSG00000213930,0
391109,ENSG00000173285,0
9938,ENSG00000163219,0
29097,ENSG00000143771,0
3047,ENSG00000213934,0
54566,ENSG00000095203,0
9080,ENSG00000213937,0
344787,ENSG00000197385,0
79575,ENSG00000127220,0
55781,ENSG00000058729,1
1731,ENSG00000180096,0
3119,ENSG00000206302,0
165545,ENSG00000144045,0
2624,ENSG00000179348,0
100996331,ENSG00000288347,0
389396,ENSG00000203972,0
2675,ENSG00000168546,0
6943,ENSG00000118526,0
8828,ENSG00000118257,0
284001,ENSG00000176155,0
1490,ENSG00000118523,0
2877,ENSG00000176153,0
98,ENSG00000170634,0
383,ENSG00000118520,0
131920,ENSG00000198398,0
50618,ENSG00000198399,0
9177,ENSG00000149305,0
51557,ENSG00000146166,0
64405,ENSG00000149654,0
2201,ENSG00000138829,0
391253,ENSG00000149651,0
4343,ENSG00000155363,0
959,ENSG00000102245,0
5009,ENSG00000036473,0
27336,ENSG00000102241,1
64116,ENSG00000138821,0
51442,ENSG00000102243,0
4547,ENSG00000138823,0
65980,ENSG00000028310,0
1455,ENSG00000133275,0
80254,ENSG00000182923,0
23094,ENSG00000105738,0
81168,ENSG00000167822,0
54617,ENSG00000128908,1
9328,ENSG00000148308,1
2901,ENSG00000105737,0
29911,ENSG00000095066,0
219527,ENSG00000183908,0
64763,ENSG00000105732,1
333926,ENSG00000155367,0
10228,ENSG00000135823,0
146562,ENSG00000166246,0
2752,ENSG00000135821,0
100131137,ENSG00000188334,0
85397,ENSG00000135824,0
1660,ENSG00000135829,1
3709,ENSG00000123104,0
4007,ENSG00000012211,0
79364,ENSG00000070476,0
219793,ENSG00000166220,0
115827,ENSG00000152932,0
54715,ENSG00000078328,0
7518,ENSG00000152422,0
147906,ENSG00000197380,0
8570,ENSG00000088247,0
22894,ENSG00000083520,1
29763,ENSG00000165912,0
23306,ENSG00000166881,0
389333,ENSG00000228672,0
5702,ENSG00000165916,1
5913,ENSG00000165917,0
145567,ENSG00000165914,0
91252,ENSG00000165915,0
55888,ENSG00000196345,0
6047,ENSG00000063978,1
389792,ENSG00000188483,0
79689,ENSG00000127954,0
2770,ENSG00000127955,0
50809,ENSG00000127483,0
51657,ENSG00000127952,0
23352,ENSG00000127481,0
9446,ENSG00000148834,0
441027,ENSG00000249242,0
28982,ENSG00000162769,0
6757,ENSG00000241476,0
26260,ENSG00000147364,0
5479,ENSG00000166794,0
84191,ENSG00000166797,0
3948,ENSG00000166796,0
254528,ENSG00000162039,0
145942,ENSG00000166069,0
9992,ENSG00000159197,0
25981,ENSG00000114841,0
375748,ENSG00000182150,0
388795,ENSG00000215529,0
10655,ENSG00000173253,0
134391,ENSG00000173250,0
7293,ENSG00000186827,0
113230,ENSG00000141854,0
28919,ENSG00000243238,0
157695,ENSG00000180190,0
158399,ENSG00000173258,0
441871,ENSG00000204510,0
8313,ENSG00000168646,0
9736,ENSG00000115464,0
79634,ENSG00000144306,0
3488,ENSG00000115461,0
140803,ENSG00000119121,0
8772,ENSG00000168040,0
11320,ENSG00000071073,0
80303,ENSG00000115468,0
57718,ENSG00000119698,0
27101,ENSG00000116161,0
3605,ENSG00000112115,0
112744,ENSG00000112116,0
29074,ENSG00000112110,0
10815,ENSG00000168993,0
7421,ENSG00000111424,0
51175,ENSG00000074935,1
401250,ENSG00000231975,0
23034,ENSG00000020577,0
4172,ENSG00000112118,1
91120,ENSG00000197124,0
90523,ENSG00000146147,0
9229,ENSG00000170579,0
23396,ENSG00000186111,0
23566,ENSG00000171517,0
7410,ENSG00000160293,0
50854,ENSG00000234728,0
150678,ENSG00000172428,0
1259,ENSG00000198515,0
9716,ENSG00000021776,1
6036,ENSG00000169385,0
8301,ENSG00000073921,0
9353,ENSG00000145147,0
389763,ENSG00000214929,0
11037,ENSG00000243244,0
55196,ENSG00000174718,0
3303,ENSG00000234475,0
90378,ENSG00000288488,0
118611,ENSG00000154493,0
128674,ENSG00000101292,0
93109,ENSG00000145014,0
8760,ENSG00000101290,0
23253,ENSG00000101745,0
84897,ENSG00000154144,0
81502,ENSG00000101294,0
916,ENSG00000198851,0
834,ENSG00000137752,0
9635,ENSG00000137975,0
9751,ENSG00000101298,0
838,ENSG00000137757,0
343071,ENSG00000187545,0
1006,ENSG00000150394,0
157697,ENSG00000104714,0
6706,ENSG00000159516,0
340307,ENSG00000285123,1
353497,ENSG00000130997,0
6898,ENSG00000198650,0
219432,ENSG00000181903,0
8905,ENSG00000182287,0
5454,ENSG00000184486,0
54058,ENSG00000160298,0
4303,ENSG00000184481,0
5116,ENSG00000160299,1
55175,ENSG00000178502,0
64754,ENSG00000185420,0
1028,ENSG00000129757,0
4712,ENSG00000165264,0
8798,ENSG00000010219,0
200035,ENSG00000186364,0
364,ENSG00000165269,0
2551,ENSG00000154727,0
23394,ENSG00000101126,0
58494,ENSG00000154721,0
522,ENSG00000154723,0
389813,ENSG00000232434,0
84946,ENSG00000135521,1
285590,ENSG00000174705,0
84515,ENSG00000125885,0
140836,ENSG00000125888,0
122961,ENSG00000165898,0
114788,ENSG00000164796,0
7554,ENSG00000278129,0
27012,ENSG00000164794,0
390883,ENSG00000170920,0
652968,ENSG00000239282,0
340204,ENSG00000204140,0
51337,ENSG00000130193,0
9577,ENSG00000158019,0
29937,ENSG00000117691,0
7903,ENSG00000113532,0
25936,ENSG00000117697,1
1352,ENSG00000006695,1
6777,ENSG00000173757,0
27133,ENSG00000140015,0
89782,ENSG00000185621,0
54436,ENSG00000125089,0
79594,ENSG00000090432,0
51364,ENSG00000004838,0
1903,ENSG00000213694,0
7471,ENSG00000125084,0
282616,ENSG00000183709,0
392517,ENSG00000170935,0
80271,ENSG00000086544,0
5939,ENSG00000076067,0
26338,ENSG00000205030,0
5163,ENSG00000152256,0
256297,ENSG00000168267,0
29927,ENSG00000058262,1
93035,ENSG00000205038,0
146713,ENSG00000167281,0
345643,ENSG00000234602,0
22999,ENSG00000079841,0
23505,ENSG00000075568,0
54521,ENSG00000131725,0
59343,ENSG00000163904,0
10267,ENSG00000132329,0
137835,ENSG00000165071,0
2299,ENSG00000168269,0
10189,ENSG00000183684,1
5678,ENSG00000183668,0
554251,ENSG00000204923,0
11063,ENSG00000039600,0
3600,ENSG00000164136,0
80155,ENSG00000164134,1
7104,ENSG00000169903,0
79937,ENSG00000106714,0
7732,ENSG00000128482,0
92521,ENSG00000128487,0
26497,ENSG00000197309,0
361,ENSG00000171885,0
6430,ENSG00000100650,0
6554,ENSG00000100652,0
3787,ENSG00000124134,0
81318,ENSG00000221840,0
3576,ENSG00000169429,0
282973,ENSG00000188385,0
240,ENSG00000012779,0
55355,ENSG00000123485,1
57405,ENSG00000152253,1
56156,ENSG00000170925,0
51141,ENSG00000125629,0
136227,ENSG00000160963,0
136,ENSG00000170425,0
121214,ENSG00000170426,0
3094,ENSG00000169567,0
3856,ENSG00000170421,0
84107,ENSG00000174963,0
79724,ENSG00000169957,0
255758,ENSG00000213123,0
57552,ENSG00000144959,0
2165,ENSG00000291998,0
85378,ENSG00000128159,1
6514,ENSG00000163581,0
22986,ENSG00000156395,0
441478,ENSG00000198435,0
118980,ENSG00000156398,0
56142,ENSG00000291654,0
7296,ENSG00000198431,0
440590,ENSG00000203995,0
84218,ENSG00000275954,1
341676,ENSG00000197168,0
7381,ENSG00000156467,0
6844,ENSG00000220205,0
100130311,ENSG00000205710,0
146540,ENSG00000197162,0
9587,ENSG00000124688,0
6799,ENSG00000197165,0
28892,ENSG00000211633,0
27238,ENSG00000292204,1
5093,ENSG00000169564,0
2705,ENSG00000169562,0
347168,ENSG00000136834,0
6664,ENSG00000176887,0
100526694,ENSG00000251349,0
64855,ENSG00000136830,0
154881,ENSG00000243335,0
342850,ENSG00000181626,0
394263,ENSG00000204544,0
83538,ENSG00000204815,0
79008,ENSG00000181625,0
286362,ENSG00000136839,0
170679,ENSG00000206458,0
415117,ENSG00000178750,0
29889,ENSG00000134697,1
159989,ENSG00000165325,0
85369,ENSG00000143093,1
100652748,ENSG00000204152,0
53904,ENSG00000095777,0
24,ENSG00000198691,0
255743,ENSG00000168743,0
192670,ENSG00000134698,0
121275,ENSG00000172640,0
9086,ENSG00000198692,0
1215,ENSG00000092009,0
644591,ENSG00000236334,0
3549,ENSG00000163501,0
10194,ENSG00000179981,0
169841,ENSG00000175787,0
1845,ENSG00000108861,0
401612,ENSG00000269743,0
646174,ENSG00000215131,0
25891,ENSG00000149090,0
863,ENSG00000129993,0
6861,ENSG00000129990,0
7137,ENSG00000129991,0
130589,ENSG00000143891,0
22846,ENSG00000071246,0
100526761,ENSG00000250709,0
26751,ENSG00000035115,0
6196,ENSG00000071242,0
54556,ENSG00000071243,0
1147,ENSG00000213341,0
7837,ENSG00000130508,0
83943,ENSG00000184903,0
10086,ENSG00000132297,0
51678,ENSG00000105926,0
50617,ENSG00000105929,0
1687,ENSG00000105928,0
9464,ENSG00000164107,0
53840,ENSG00000258659,0
10207,ENSG00000132849,0
8339,ENSG00000273802,0
8837,ENSG00000003402,0
843,ENSG00000003400,0
10621,ENSG00000132664,1
9047,ENSG00000027869,0
121129,ENSG00000179615,0
2736,ENSG00000074047,0
84327,ENSG00000132846,0
283093,ENSG00000284255,0
6622,ENSG00000145335,0
79605,ENSG00000177614,0
56252,ENSG00000119596,1
93587,ENSG00000145331,0
57563,ENSG00000145332,0
11102,ENSG00000163684,1
845,ENSG00000118729,0
57406,ENSG00000163686,0
84220,ENSG00000015568,0
26094,ENSG00000119599,0
4084,ENSG00000059728,0
6133,ENSG00000163682,1
201895,ENSG00000163683,0
221786,ENSG00000221909,0
10161,ENSG00000139679,0
91298,ENSG00000133641,0
84125,ENSG00000133640,0
22984,ENSG00000148843,1
54805,ENSG00000148842,0
54344,ENSG00000179085,0
6606,ENSG00000172062,1
8038,ENSG00000148848,0
286499,ENSG00000179083,0
144983,ENSG00000139675,0
92558,ENSG00000135127,0
5025,ENSG00000135124,0
639,ENSG00000057657,0
266977,ENSG00000153292,0
127253,ENSG00000162623,0
9682,ENSG00000066135,0
353145,ENSG00000185966,0
80728,ENSG00000147799,0
23299,ENSG00000185963,0
283232,ENSG00000177042,0
399694,ENSG00000185634,0
1102,ENSG00000136161,0
1910,ENSG00000136160,0
3936,ENSG00000136167,0
27179,ENSG00000136694,0
84639,ENSG00000136697,0
27177,ENSG00000136696,0
55627,ENSG00000292130,0
55997,ENSG00000136698,0
83852,ENSG00000136169,0
6432,ENSG00000115875,1
57094,ENSG00000165078,0
3760,ENSG00000162989,0
5274,ENSG00000163536,0
140699,ENSG00000101353,1
9371,ENSG00000101350,0
151246,ENSG00000163535,0
8470,ENSG00000154556,0
151871,ENSG00000163530,0
23114,ENSG00000163531,0
4071,ENSG00000169908,0
483,ENSG00000069849,0
6277,ENSG00000197956,0
56776,ENSG00000155816,0
23122,ENSG00000163539,1
200150,ENSG00000180287,0
9088,ENSG00000127564,1
5961,ENSG00000112619,0
84948,ENSG00000278016,0
9143,ENSG00000291941,0
653656,ENSG00000205718,0
23042,ENSG00000179889,0
2073,ENSG00000134899,0
347730,ENSG00000162951,0
22977,ENSG00000162482,0
11231,ENSG00000025796,0
57661,ENSG00000070047,0
1875,ENSG00000133740,0
51072,ENSG00000162959,0
3898,ENSG00000159166,0
84223,ENSG00000114473,0
3383,ENSG00000090339,0
159963,ENSG00000148942,0
105375355,ENSG00000276184,0
80179,ENSG00000278259,0
7173,ENSG00000115705,0
8270,ENSG00000196976,0
399947,ENSG00000185742,0
51626,ENSG00000138036,0
87178,ENSG00000138035,1
91074,ENSG00000148513,0
5495,ENSG00000138032,0
109,ENSG00000138031,0
3795,ENSG00000138030,0
79807,ENSG00000138780,0
57117,ENSG00000138785,0
3973,ENSG00000138039,0
3237,ENSG00000128713,0
837,ENSG00000196954,0
100129842,ENSG00000237440,0
3236,ENSG00000128710,0
339175,ENSG00000087995,0
9696,ENSG00000058453,0
5275,ENSG00000197641,0
123169,ENSG00000166477,1
8529,ENSG00000186115,0
440026,ENSG00000166471,0
8630,ENSG00000025423,0
114780,ENSG00000166473,0
122786,ENSG00000139926,0
92154,ENSG00000132613,0
4599,ENSG00000157601,0
84187,ENSG00000157600,0
8331,ENSG00000276368,0
6483,ENSG00000157350,0
197258,ENSG00000157353,0
5737,ENSG00000122420,0
403314,ENSG00000173627,0
100128327,ENSG00000173626,0
387882,ENSG00000235162,0
221710,ENSG00000224531,0
201163,ENSG00000154803,0
29966,ENSG00000196792,0
57147,ENSG00000000457,0
285782,ENSG00000164304,0
7274,ENSG00000137561,0
201973,ENSG00000164306,0
8836,ENSG00000137563,0
256987,ENSG00000164300,0
9943,ENSG00000172939,0
79645,ENSG00000034239,0
116535,ENSG00000172935,0
4615,ENSG00000172936,0
64167,ENSG00000164308,0
202333,ENSG00000164309,0
338692,ENSG00000172932,0
5905,ENSG00000100401,1
23264,ENSG00000100403,0
54332,ENSG00000104381,0
85293,ENSG00000212899,0
10481,ENSG00000159184,0
83699,ENSG00000198478,0
5862,ENSG00000104388,0
714,ENSG00000159189,0
64793,ENSG00000130695,1
3615,ENSG00000178035,1
3831,ENSG00000126214,0
7517,ENSG00000126215,1
10426,ENSG00000126216,1
23263,ENSG00000126217,0
388588,ENSG00000235169,0
220965,ENSG00000148541,0
7216,ENSG00000067445,0
129685,ENSG00000137413,1
2159,ENSG00000126218,0
10436,ENSG00000126749,1
7564,ENSG00000170631,0
9953,ENSG00000125430,0
10657,ENSG00000121774,0
55116,ENSG00000121775,0
148213,ENSG00000196172,0
399512,ENSG00000125434,0
363,ENSG00000086159,0
10290,ENSG00000072195,0
80305,ENSG00000170638,0
353091,ENSG00000203722,0
833,ENSG00000110619,1
54540,ENSG00000146067,0
55167,ENSG00000174579,0
9295,ENSG00000116754,0
348235,ENSG00000182628,0
10286,ENSG00000116752,1
152098,ENSG00000206559,0
51377,ENSG00000116750,0
129868,ENSG00000292076,0
340602,ENSG00000187690,0
23236,ENSG00000182621,0
131405,ENSG00000206557,0
10098,ENSG00000168785,0
150223,ENSG00000161179,0
339976,ENSG00000184108,0
2702,ENSG00000265107,0
134147,ENSG00000164237,0
78991,ENSG00000145882,0
727910,ENSG00000185561,0
4826,ENSG00000053438,0
9724,ENSG00000253797,0
4522,ENSG00000100714,1
645425,ENSG00000204478,0
388021,ENSG00000258986,0
57591,ENSG00000196588,0
10716,ENSG00000136535,0
642799,ENSG00000254852,0
94134,ENSG00000165322,0
282974,ENSG00000165752,0
4076,ENSG00000135387,0
9254,ENSG00000007402,0
7462,ENSG00000086730,0
51282,ENSG00000171222,0
3965,ENSG00000168961,0
4858,ENSG00000104967,0
166,ENSG00000104964,0
7226,ENSG00000142185,0
53635,ENSG00000104960,0
3741,ENSG00000130037,0
26290,ENSG00000130035,0
79057,ENSG00000130032,0
23095,ENSG00000054523,0
377630,ENSG00000223443,0
752,ENSG00000184922,0
100134938,ENSG00000267368,0
23609,ENSG00000075975,0
2180,ENSG00000151726,0
5271,ENSG00000166401,0
79682,ENSG00000151725,0
123970,ENSG00000166152,0
1543,ENSG00000140465,0
5371,ENSG00000140464,0
585,ENSG00000140463,0
256646,ENSG00000291987,0
83853,ENSG00000145491,0
10299,ENSG00000145495,0
4726,ENSG00000145494,0
340156,ENSG00000145949,0
87769,ENSG00000134864,0
6235,ENSG00000213741,1
57037,ENSG00000106524,0
9443,ENSG00000155868,1
653857,ENSG00000106526,0
50650,ENSG00000163947,0
6224,ENSG00000008988,0
116236,ENSG00000168792,0
254251,ENSG00000178177,0
56945,ENSG00000175110,1
362,ENSG00000161798,0
55690,ENSG00000175115,0
284613,ENSG00000174151,0
91523,ENSG00000179715,0
55113,ENSG00000158156,0
2619,ENSG00000180447,0
5021,ENSG00000180914,0
1848,ENSG00000139318,0
100288323,ENSG00000231068,0
4160,ENSG00000166603,0
124817,ENSG00000176563,0
7700,ENSG00000131127,0
9936,ENSG00000241399,0
9922,ENSG00000144711,0
159091,ENSG00000156500,0
100287441,ENSG00000250745,0
755,ENSG00000160226,0
326,ENSG00000160224,0
23308,ENSG00000160223,0
8209,ENSG00000160221,0
55900,ENSG00000089335,0
3981,ENSG00000174405,0
9197,ENSG00000169359,0
138009,ENSG00000176566,0
56997,ENSG00000163050,0
151473,ENSG00000163053,0
4693,ENSG00000124479,0
50865,ENSG00000013583,0
415116,ENSG00000198355,0
51475,ENSG00000167791,0
4710,ENSG00000065518,0
54898,ENSG00000197977,0
9052,ENSG00000013588,0
28234,ENSG00000111700,0
7145,ENSG00000079308,0
55869,ENSG00000147099,0
8227,ENSG00000292343,0
79923,ENSG00000111704,0
4628,ENSG00000133026,0
64426,ENSG00000111707,1
2778,ENSG00000087460,0
391107,ENSG00000180708,0
343406,ENSG00000198965,0
9641,ENSG00000263528,0
23326,ENSG00000124422,0
56267,ENSG00000137944,0
4490,ENSG00000169688,0
11183,ENSG00000012983,0
57217,ENSG00000068724,0
23185,ENSG00000107929,0
22928,ENSG00000179918,0
83985,ENSG00000169682,0
9921,ENSG00000022840,0
219738,ENSG00000171224,0
56265,ENSG00000088882,0
126328,ENSG00000292058,0
51031,ENSG00000167699,0
57593,ENSG00000088881,0
255738,ENSG00000169174,0
140738,ENSG00000171227,0
2128,ENSG00000106038,0
6732,ENSG00000096063,0
57506,ENSG00000088888,0
2289,ENSG00000096060,0
5355,ENSG00000102007,0
1312,ENSG00000093010,0
3209,ENSG00000106031,0
1014,ENSG00000166589,0
3481,ENSG00000167244,0
114769,ENSG00000204397,0
5711,ENSG00000095261,0
4973,ENSG00000173391,0
2804,ENSG00000173230,0
23321,ENSG00000109654,0
284076,ENSG00000170703,0
2330,ENSG00000131781,0
10102,ENSG00000123297,0
255324,ENSG00000182585,0
51285,ENSG00000103710,0
10401,ENSG00000131788,0
53832,ENSG00000016402,0
26166,ENSG00000132554,0
9465,ENSG00000118507,0
10981,ENSG00000118508,0
5558,ENSG00000146143,0
7710,ENSG00000179909,0
23558,ENSG00000132471,0
3691,ENSG00000132470,0
1519,ENSG00000263238,0
10584,ENSG00000184374,0
3021,ENSG00000132475,0
1435,ENSG00000184371,0
9061,ENSG00000138801,0
81928,ENSG00000149679,0
84517,ENSG00000184378,0
101059953,ENSG00000214940,0
80714,ENSG00000105717,0
54470,ENSG00000198960,0
64283,ENSG00000214944,0
27315,ENSG00000148985,0
7504,ENSG00000047597,0
6324,ENSG00000105711,0
23075,ENSG00000133789,0
255928,ENSG00000143469,0
27097,ENSG00000135801,1
79094,ENSG00000128965,0
83604,ENSG00000147027,0
55829,ENSG00000131871,0
252983,ENSG00000166263,0
22856,ENSG00000131873,0
2137,ENSG00000012232,0
3654,ENSG00000184216,0
6627,ENSG00000131876,1
133746,ENSG00000152409,0
196446,ENSG00000166268,0
143884,ENSG00000152404,1
2977,ENSG00000152402,0
11059,ENSG00000123124,0
54578,ENSG00000167165,0
5527,ENSG00000078304,0
8590,ENSG00000184933,0
140564,ENSG00000243811,0
84866,ENSG00000149582,0
4595,ENSG00000132781,0
4678,ENSG00000132780,0
90293,ENSG00000003096,0
503497,ENSG00000204979,0
7122,ENSG00000184113,0
669,ENSG00000172331,0
126668,ENSG00000163239,0
5729,ENSG00000168229,0
29063,ENSG00000168228,0
7039,ENSG00000163235,0
23272,ENSG00000163946,0
57654,ENSG00000163945,0
3622,ENSG00000168556,0
259266,ENSG00000066279,0
566,ENSG00000172232,0
1975,ENSG00000063046,1
139135,ENSG00000166049,0
7177,ENSG00000172236,0
55450,ENSG00000162545,0
10605,ENSG00000172239,0
255394,ENSG00000166046,0
64746,ENSG00000182827,0
255104,ENSG00000162542,0
127733,ENSG00000162543,0
1981,ENSG00000114867,1
27086,ENSG00000114861,0
79810,ENSG00000049883,0
115795,ENSG00000163705,0
3861,ENSG00000186847,0
133015,ENSG00000163138,0
56063,ENSG00000160055,0
245929,ENSG00000215547,0
3074,ENSG00000049860,0
439996,ENSG00000204010,0
6570,ENSG00000036565,0
55137,ENSG00000182263,0
10771,ENSG00000015171,0
203413,ENSG00000204019,0
9454,ENSG00000051128,0
55135,ENSG00000141499,0
8440,ENSG00000071051,0
8968,ENSG00000277775,0
84225,ENSG00000141497,0
2863,ENSG00000183840,0
9448,ENSG00000071054,0
730005,ENSG00000214491,0
136541,ENSG00000258223,0
10960,ENSG00000169223,0
7957,ENSG00000112425,0
23601,ENSG00000258227,0
123879,ENSG00000188215,0
170680,ENSG00000227246,0
9276,ENSG00000184432,1
8726,ENSG00000074266,0
64419,ENSG00000163719,0
1298,ENSG00000049089,0
64922,ENSG00000184434,0
392862,ENSG00000215045,0
6143,ENSG00000108298,1
631,ENSG00000125864,0
640,ENSG00000136573,0
64745,ENSG00000165792,1
29986,ENSG00000165794,0
57447,ENSG00000165795,0
79960,ENSG00000077684,0
283298,ENSG00000183801,0
56172,ENSG00000154122,0
26233,ENSG00000182325,0
84959,ENSG00000154127,0
254050,ENSG00000158113,0
90268,ENSG00000154124,0
10964,ENSG00000137959,0
79811,ENSG00000137776,0
51496,ENSG00000137770,1
2934,ENSG00000148180,0
653689,ENSG00000278695,0
100,ENSG00000196839,0
645864,ENSG00000182798,0
5876,ENSG00000137955,1
26577,ENSG00000163710,0
92399,ENSG00000148187,0
5819,ENSG00000130202,0
10870,ENSG00000126264,0
220323,ENSG00000184232,0
54476,ENSG00000011275,0
121665,ENSG00000157837,0
341,ENSG00000130208,0
80301,ENSG00000241839,0
150946,ENSG00000157833,0
5214,ENSG00000067057,0
2339,ENSG00000168522,0
55721,ENSG00000160051,0
538,ENSG00000165240,0
22829,ENSG00000165246,0
195828,ENSG00000165244,0
928,ENSG00000010278,0
83696,ENSG00000167632,0
55190,ENSG00000196368,0
1995,ENSG00000196361,0
8295,ENSG00000196367,1
9361,ENSG00000196365,0
56895,ENSG00000026652,0
94039,ENSG00000181896,0
8674,ENSG00000117533,0
266727,ENSG00000112139,0
221692,ENSG00000112137,0
2043,ENSG00000116106,0
9025,ENSG00000112130,1
23499,ENSG00000127603,0
347862,ENSG00000177225,0
126321,ENSG00000161091,0
6500,ENSG00000113558,1
81858,ENSG00000179526,0
114757,ENSG00000161544,0
6427,ENSG00000161547,1
389816,ENSG00000184709,0
10007,ENSG00000113552,0
85474,ENSG00000179528,0
2256,ENSG00000161958,0
51294,ENSG00000113555,0
5348,ENSG00000266964,0
29940,ENSG00000111817,0
79672,ENSG00000141560,0
4651,ENSG00000145555,0
25940,ENSG00000119812,0
147179,ENSG00000171475,0
64976,ENSG00000185608,0
1388,ENSG00000168468,0
146223,ENSG00000183723,0
10186,ENSG00000183722,0
26074,ENSG00000089101,0
1591,ENSG00000019186,0
2831,ENSG00000288611,0
89970,ENSG00000159579,0
89781,ENSG00000100099,0
22806,ENSG00000161405,0
23616,ENSG00000100092,0
347736,ENSG00000181322,0
3956,ENSG00000100097,0
23544,ENSG00000100095,0
7329,ENSG00000103275,1
4682,ENSG00000103274,1
533,ENSG00000117410,1
8704,ENSG00000117411,0
2783,ENSG00000172354,0
116068,ENSG00000176018,0
79033,ENSG00000117419,0
115106,ENSG00000152240,1
147339,ENSG00000152242,0
4646,ENSG00000196586,0
8741,ENSG00000161955,0
139793,ENSG00000204279,0
50835,ENSG00000273086,0
79370,ENSG00000121380,0
80817,ENSG00000164118,0
81544,ENSG00000158555,0
25764,ENSG00000242028,0
25907,ENSG00000249992,0
54981,ENSG00000106733,0
28829,ENSG00000211681,0
308,ENSG00000164111,0
142684,ENSG00000172476,0
132612,ENSG00000164113,0
9440,ENSG00000042429,1
389072,ENSG00000178385,0
79884,ENSG00000164114,0
26269,ENSG00000164117,0
2982,ENSG00000164116,0
5621,ENSG00000171867,0
203859,ENSG00000171714,0
9692,ENSG00000100890,1
140686,ENSG00000124116,0
1673,ENSG00000285181,0
80344,ENSG00000100897,0
55178,ENSG00000171861,0
719,ENSG00000171860,0
54586,ENSG00000120160,0
283807,ENSG00000197361,0
79817,ENSG00000120162,0
340385,ENSG00000197363,0
6547,ENSG00000100678,0
254552,ENSG00000167799,0
10039,ENSG00000041880,0
1814,ENSG00000151577,0
79691,ENSG00000151576,0
55848,ENSG00000107020,0
54662,ENSG00000107021,0
5073,ENSG00000274829,0
643803,ENSG00000188694,0
80777,ENSG00000103018,1
79798,ENSG00000140691,0
6972,ENSG00000211688,0
219431,ENSG00000174982,0
22929,ENSG00000086475,0
124535,ENSG00000176160,0
51550,ENSG00000100865,1
26259,ENSG00000174989,0
55713,ENSG00000198185,0
129607,ENSG00000134326,0
9235,ENSG00000008517,0
4613,ENSG00000134323,0
79585,ENSG00000282725,0
91543,ENSG00000134321,0
6482,ENSG00000008513,0
51170,ENSG00000198189,0
27005,ENSG00000143258,0
9521,ENSG00000124802,0
115399,ENSG00000161328,0
140688,ENSG00000197183,0
117283,ENSG00000161896,0
8462,ENSG00000172059,0
79828,ENSG00000123600,0
348093,ENSG00000166831,0
629,ENSG00000204359,0
55108,ENSG00000160058,0
79809,ENSG00000123607,0
9111,ENSG00000123609,0
647087,ENSG00000243317,0
10325,ENSG00000083750,0
79140,ENSG00000160050,0
54102,ENSG00000159212,0
84461,ENSG00000288301,0
84883,ENSG00000042286,0
867,ENSG00000110395,0
85508,ENSG00000215397,0
2814,ENSG00000178732,0
57628,ENSG00000175497,0
10885,ENSG00000065183,1
54815,ENSG00000167491,0
100133093,ENSG00000189090,0
54790,ENSG00000168769,0
66000,ENSG00000144868,0
51642,ENSG00000175581,1
5870,ENSG00000175582,0
159119,ENSG00000169953,0
255783,ENSG00000257704,0
164127,ENSG00000178395,0
390928,ENSG00000183760,0
10014,ENSG00000108840,0
8714,ENSG00000108846,0
5539,ENSG00000108849,0
51747,ENSG00000108848,1
58477,ENSG00000144867,1
10858,ENSG00000036530,0
2022,ENSG00000106991,0
930,ENSG00000177455,0
55664,ENSG00000106993,0
5141,ENSG00000065989,0
5083,ENSG00000198807,0
167359,ENSG00000177453,0
203111,ENSG00000177459,0
9833,ENSG00000165304,0
284098,ENSG00000275600,0
4801,ENSG00000120837,0
6199,ENSG00000175634,0
79989,ENSG00000105948,0
80298,ENSG00000120832,0
8835,ENSG00000120833,0
28559,ENSG00000211753,0
112609,ENSG00000135324,0
55194,ENSG00000142694,0
401207,ENSG00000164241,0
1069,ENSG00000147400,0
6134,ENSG00000147403,1
4814,ENSG00000131669,0
56033,ENSG00000131668,0
84970,ENSG00000142698,0
57497,ENSG00000156564,0
5111,ENSG00000132646,1
85456,ENSG00000149115,0
26686,ENSG00000221977,0
56603,ENSG00000003137,0
22903,ENSG00000132640,0
51318,ENSG00000132313,1
391196,ENSG00000177186,0
85300,ENSG00000167654,0
157807,ENSG00000177182,0
80117,ENSG00000179674,0
284716,ENSG00000177181,0
276,ENSG00000237763,0
4062,ENSG00000176956,0
165100,ENSG00000177673,0
1632,ENSG00000167969,0
114800,ENSG00000055813,0
93589,ENSG00000284953,0
286075,ENSG00000274352,0
723790,ENSG00000288859,1
7556,ENSG00000256223,0
119395,ENSG00000183128,0
55206,ENSG00000139697,1
221400,ENSG00000180113,0
4618,ENSG00000111046,0
80032,ENSG00000172000,0
4617,ENSG00000111049,0
4118,ENSG00000172005,0
115196,ENSG00000172006,0
83452,ENSG00000172007,0
129804,ENSG00000144152,0
84631,ENSG00000185985,0
5520,ENSG00000221914,0
1840,ENSG00000135144,0
947,ENSG00000174059,0
100526825,ENSG00000254959,0
4542,ENSG00000142347,0
10906,ENSG00000135148,0
9928,ENSG00000118193,1
79858,ENSG00000114670,0
83479,ENSG00000118197,0
7139,ENSG00000118194,0
126520,ENSG00000185988,0
146206,ENSG00000159753,0
168002,ENSG00000164488,0
4734,ENSG00000069869,0
729428,ENSG00000275113,0
83756,ENSG00000169962,0
10746,ENSG00000169967,0
10153,ENSG00000115816,1
91869,ENSG00000163933,1
28513,ENSG00000071991,0
5134,ENSG00000071994,1
973,ENSG00000105369,0
5584,ENSG00000163558,0
27181,ENSG00000105366,0
2978,ENSG00000048545,0
51073,ENSG00000105364,1
10863,ENSG00000042980,0
341947,ENSG00000187581,0
84069,ENSG00000187583,0
28410,ENSG00000225698,0
11275,ENSG00000109466,0
84643,ENSG00000141200,0
3754,ENSG00000162975,0
130814,ENSG00000162976,0
129450,ENSG00000162971,0
79568,ENSG00000162972,0
54908,ENSG00000040275,0
9429,ENSG00000118777,0
11216,ENSG00000108599,0
775,ENSG00000285479,0
56171,ENSG00000118997,0
7372,ENSG00000114491,1
117246,ENSG00000108592,1
11285,ENSG00000027847,0
51003,ENSG00000108590,0
58513,ENSG00000127527,0
84196,ENSG00000090686,0
28591,ENSG00000253291,0
3206,ENSG00000253293,0
1780,ENSG00000158560,0
16,ENSG00000090861,1
2734,ENSG00000090863,0
10198,ENSG00000051825,0
1761,ENSG00000137090,0
8263,ENSG00000288722,0
6638,ENSG00000128739,0
127623,ENSG00000177535,0
26206,ENSG00000137098,0
85465,ENSG00000138018,0
8826,ENSG00000140575,0
8924,ENSG00000128731,0
119504,ENSG00000166295,0
55179,ENSG00000158234,0
123775,ENSG00000166455,0
56672,ENSG00000166452,0
283659,ENSG00000166450,0
55839,ENSG00000166451,0
201232,ENSG00000174327,0
6222,ENSG00000226225,1
8575,ENSG00000180228,0
162515,ENSG00000174326,0
114804,ENSG00000141576,0
6125,ENSG00000122406,1
7432,ENSG00000146469,0
84976,ENSG00000154309,0
8408,ENSG00000177169,0
55213,ENSG00000136144,0
51131,ENSG00000136147,0
29079,ENSG00000136146,0
23143,ENSG00000136141,0
5590,ENSG00000067606,0
8803,ENSG00000136143,0
54461,ENSG00000159069,0
130888,ENSG00000153832,0
310,ENSG00000138279,0
9156,ENSG00000174371,0
284532,ENSG00000196772,0
167153,ENSG00000164329,0
9607,ENSG00000164326,0
253260,ENSG00000164327,0
1268,ENSG00000118432,0
53836,ENSG00000138271,0
29088,ENSG00000137547,0
23440,ENSG00000171540,0
26960,ENSG00000172915,0
8505,ENSG00000227345,0
1261,ENSG00000144191,0
26985,ENSG00000185009,0
10419,ENSG00000100462,1
55147,ENSG00000100461,0
9601,ENSG00000155660,0
79831,ENSG00000155666,1
151313,ENSG00000144199,0
6648,ENSG00000291237,1
170370,ENSG00000172538,0
3214,ENSG00000182742,0
338557,ENSG00000186188,0
340146,ENSG00000182747,0
164091,ENSG00000182749,0
2101,ENSG00000173153,0
146909,ENSG00000186185,0
57152,ENSG00000126233,0
83394,ENSG00000091622,0
8858,ENSG00000126231,0
1641,ENSG00000077279,0
7923,ENSG00000228712,0
139599,ENSG00000186675,0
359787,ENSG00000187569,0
386593,ENSG00000254413,0
165530,ENSG00000152672,0
3732,ENSG00000085117,0
162655,ENSG00000175322,0
827,ENSG00000077274,0
134701,ENSG00000203877,0
148808,ENSG00000174514,0
51561,ENSG00000110944,0
29990,ENSG00000121716,0
128387,ENSG00000203705,0
388886,ENSG00000178026,0
27257,ENSG00000175324,0
51380,ENSG00000139631,0
2664,ENSG00000203879,0
54657,ENSG00000244474,0
157769,ENSG00000176853,0
7799,ENSG00000116731,0
4124,ENSG00000112893,0
22906,ENSG00000182606,0
9951,ENSG00000182601,0
8392,ENSG00000159961,0
9659,ENSG00000178104,1
2865,ENSG00000185897,0
2543,ENSG00000205777,0
114786,ENSG00000206579,0
10594,ENSG00000274442,1
55608,ENSG00000088448,0
374887,ENSG00000250067,0
79465,ENSG00000131019,0
10009,ENSG00000177485,0
84870,ENSG00000146374,0
7155,ENSG00000077097,0
9590,ENSG00000131016,0
81831,ENSG00000171208,0
5915,ENSG00000077092,0
54752,ENSG00000073598,0
23228,ENSG00000284017,0
6720,ENSG00000072310,0
2328,ENSG00000007933,0
6303,ENSG00000130066,0
7224,ENSG00000072315,0
1120,ENSG00000100288,0
4956,ENSG00000155087,0
4744,ENSG00000100285,0
10043,ENSG00000100284,0
28445,ENSG00000211946,0
10042,ENSG00000100281,0
162,ENSG00000100280,0
27120,ENSG00000104901,0
4066,ENSG00000104903,0
5771,ENSG00000175354,0
55621,ENSG00000104907,0
5149,ENSG00000139053,0
121506,ENSG00000139055,0
60485,ENSG00000151748,0
54888,ENSG00000037474,0
83593,ENSG00000266094,0
653567,ENSG00000148483,0
353274,ENSG00000185219,0
7975,ENSG00000198517,0
221074,ENSG00000148482,0
93487,ENSG00000168175,0
636,ENSG00000151746,0
440956,ENSG00000214686,0
4648,ENSG00000169994,0
55154,ENSG00000125459,0
30833,ENSG00000125458,0
341567,ENSG00000187166,0
11016,ENSG00000170653,0
79188,ENSG00000170876,0
9990,ENSG00000140199,0
113178,ENSG00000227500,0
9778,ENSG00000170871,0
60386,ENSG00000125454,0
25769,ENSG00000155886,0
51187,ENSG00000137876,1
51458,ENSG00000140519,0
163059,ENSG00000197647,0
80380,ENSG00000197646,0
80851,ENSG00000175137,0
2590,ENSG00000143641,0
84365,ENSG00000155438,1
83887,ENSG00000120440,0
390792,ENSG00000262164,0
6452,ENSG00000087266,0
55239,ENSG00000087263,0
81849,ENSG00000117069,0
84456,ENSG00000198945,0
245936,ENSG00000180424,0
120796,ENSG00000180934,0
8602,ENSG00000087269,1
134548,ENSG00000198944,0
23567,ENSG00000113761,0
92312,ENSG00000254726,0
90249,ENSG00000113763,0
26693,ENSG00000185372,0
200894,ENSG00000169379,0
91151,ENSG00000140993,0
5170,ENSG00000140992,0
51768,ENSG00000064115,0
8738,ENSG00000169372,0
54849,ENSG00000140995,0
10073,ENSG00000169371,0
7307,ENSG00000160201,1
2079,ENSG00000100632,1
1409,ENSG00000160202,0
2532,ENSG00000213088,0
51065,ENSG00000185088,0
57644,ENSG00000078814,0
9848,ENSG00000198948,0
8566,ENSG00000160209,0
4192,ENSG00000110492,0
51124,ENSG00000134049,0
55626,ENSG00000110497,0
4068,ENSG00000183918,0
9509,ENSG00000087116,0
80210,ENSG00000135931,0
6489,ENSG00000111728,0
50856,ENSG00000111729,0
7180,ENSG00000124490,0
2162,ENSG00000124491,0
2914,ENSG00000124493,0
55907,ENSG00000111726,0
29915,ENSG00000111727,0
5564,ENSG00000111725,0
5636,ENSG00000141127,0
51719,ENSG00000135932,1
80829,ENSG00000186660,0
64131,ENSG00000103489,0
29090,ENSG00000075336,0
100137049,ENSG00000243708,0
23475,ENSG00000103485,0
55349,ENSG00000016391,0
10017,ENSG00000137875,0
64077,ENSG00000107902,0
9702,ENSG00000166037,1
147685,ENSG00000177025,0
84233,ENSG00000171202,0
404672,ENSG00000272047,0
28822,ENSG00000211648,0
115273,ENSG00000188060,0
137362,ENSG00000169154,0
130340,ENSG00000152056,0
5358,ENSG00000102024,0
51114,ENSG00000188706,0
51213,ENSG00000102021,0
343170,ENSG00000153230,0
8887,ENSG00000106052,0
388650,ENSG00000154511,0
419,ENSG00000156219,0
57188,ENSG00000156218,0
136319,ENSG00000105887,0
54531,ENSG00000105556,0
100507421,ENSG00000261115,0
26291,ENSG00000105550,0
55294,ENSG00000109670,1
1808,ENSG00000092964,0
126917,ENSG00000169991,0
127670,ENSG00000203730,0
7042,ENSG00000092969,0
57715,ENSG00000095539,0
256227,ENSG00000105889,0
344558,ENSG00000172985,0
145748,ENSG00000183060,0
2308,ENSG00000150907,0
1196,ENSG00000176444,0
26234,ENSG00000118564,0
9828,ENSG00000110237,0
2905,ENSG00000161509,0
23500,ENSG00000146122,0
23559,ENSG00000239779,0
729533,ENSG00000196550,0
337882,ENSG00000184351,0
116534,ENSG00000184350,0
5691,ENSG00000275903,1
2564,ENSG00000102287,0
83606,ENSG00000138867,0
7447,ENSG00000163032,0
23219,ENSG00000143756,0
11051,ENSG00000167005,1
163859,ENSG00000143751,1
79768,ENSG00000134152,0
56851,ENSG00000134153,1
56006,ENSG00000105771,0
3444,ENSG00000214042,0
7322,ENSG00000131508,0
10463,ENSG00000014824,0
90417,ENSG00000128944,0
4892,ENSG00000197893,0
23080,ENSG00000105778,0
60681,ENSG00000141756,0
85481,ENSG00000147613,0
80762,ENSG00000131507,0
60495,ENSG00000172987,0
245972,ENSG00000147614,0
54882,ENSG00000131503,0
5585,ENSG00000123143,0
10988,ENSG00000111142,1
116085,ENSG00000197891,0
976,ENSG00000123146,0
79002,ENSG00000123144,0
55301,ENSG00000152463,0
10557,ENSG00000152464,1
9202,ENSG00000146463,0
23049,ENSG00000157106,1
284312,ENSG00000152467,0
84210,ENSG00000260691,0
8886,ENSG00000088205,1
2782,ENSG00000078369,0
727936,ENSG00000172986,0
339500,ENSG00000181450,0
732,ENSG00000021852,0
2558,ENSG00000186297,0
6259,ENSG00000163785,1
126637,ENSG00000182898,0
11073,ENSG00000163781,0
341350,ENSG00000187950,0
60509,ENSG00000084693,0
26043,ENSG00000163960,0
64174,ENSG00000167261,0
54861,ENSG00000163788,0
54920,ENSG00000167264,0
23641,ENSG00000182195,0
2131,ENSG00000182197,0
51329,ENSG00000182196,0
8875,ENSG00000112303,0
6300,ENSG00000188130,0
401498,ENSG00000188133,0
100526773,ENSG00000249139,0
203569,ENSG00000234068,0
219771,ENSG00000108100,0
23007,ENSG00000114805,0
51776,ENSG00000091436,0
5198,ENSG00000178921,1
440400,ENSG00000219200,0
4137,ENSG00000186868,0
340745,ENSG00000204033,0
10138,ENSG00000015153,0
55894,ENSG00000177243,0
9898,ENSG00000143569,0
63899,ENSG00000178694,0
51606,ENSG00000047249,0
122060,ENSG00000139737,0
729920,ENSG00000214960,0
9709,ENSG00000051108,0
10943,ENSG00000005302,0
3593,ENSG00000113302,0
8519,ENSG00000185885,0
25890,ENSG00000154175,0
23512,ENSG00000178691,1
149018,ENSG00000203784,0
283652,ENSG00000188467,0
284254,ENSG00000178690,0
1008,ENSG00000040731,0
527,ENSG00000185883,1
29924,ENSG00000063245,0
79763,ENSG00000063241,0
146547,ENSG00000178226,0
10,ENSG00000156006,0
25880,ENSG00000184857,0
286676,ENSG00000145103,0
57761,ENSG00000101255,0
116211,ENSG00000145107,0
80343,ENSG00000101251,0
5524,ENSG00000119383,1
284110,ENSG00000167914,0
1353,ENSG00000166260,1
22807,ENSG00000030419,0
1581,ENSG00000167910,0
22878,ENSG00000153339,1
84692,ENSG00000138483,0
152100,ENSG00000187118,0
169270,ENSG00000172748,0
8412,ENSG00000137936,0
10663,ENSG00000172215,0
64789,ENSG00000164002,0
11261,ENSG00000187446,0
1051,ENSG00000172216,0
10142,ENSG00000127914,0
340665,ENSG00000187553,0
256472,ENSG00000179292,0
54799,ENSG00000011258,0
84654,ENSG00000164299,0
83786,ENSG00000126391,0
65059,ENSG00000173166,0
11155,ENSG00000122367,0
140290,ENSG00000242220,0
390445,ENSG00000169327,0
150684,ENSG00000173163,0
23588,ENSG00000165516,0
55790,ENSG00000147408,0
7570,ENSG00000165512,0
83986,ENSG00000167930,0
56106,ENSG00000253846,0
6238,ENSG00000125844,0
650,ENSG00000125845,0
7692,ENSG00000125846,0
7384,ENSG00000010256,1
80023,ENSG00000125841,0
3118,ENSG00000231526,0
26984,ENSG00000121542,0
654502,ENSG00000214216,0
3656,ENSG00000134070,0
23767,ENSG00000125848,0
6138,ENSG00000174748,1
255809,ENSG00000214212,0
375346,ENSG00000213533,0
23195,ENSG00000112159,1
7840,ENSG00000116127,0
414060,ENSG00000278299,1
10056,ENSG00000116120,1
55636,ENSG00000171316,0
23761,ENSG00000241878,0
51696,ENSG00000112406,0
607,ENSG00000116128,0
128653,ENSG00000258713,0
728269,ENSG00000267978,0
5515,ENSG00000113575,1
4751,ENSG00000117650,0
594857,ENSG00000214285,0
146429,ENSG00000259803,1
390594,ENSG00000234438,0
2246,ENSG00000113578,0
142940,ENSG00000165832,0
100132386,ENSG00000262121,0
3475,ENSG00000006652,0
122481,ENSG00000140057,0
56891,ENSG00000006659,0
10081,ENSG00000090470,0
123876,ENSG00000183747,0
55617,ENSG00000089123,0
124044,ENSG00000158792,0
4817,ENSG00000158793,0
11023,ENSG00000148704,0
653240,ENSG00000292038,0
3026,ENSG00000148702,0
63940,ENSG00000234243,0
120,ENSG00000148700,0
63941,ENSG00000125967,0
3963,ENSG00000205076,0
2515,ENSG00000276286,0
6576,ENSG00000100075,0
4067,ENSG00000254087,0
157,ENSG00000100077,0
730755,ENSG00000262862,0
1804,ENSG00000130226,0
23039,ENSG00000130227,0
57631,ENSG00000130224,0
54585,ENSG00000163818,0
50487,ENSG00000100078,0
3957,ENSG00000100079,0
682,ENSG00000172270,0
873,ENSG00000159228,0
643707,ENSG00000184206,0
65990,ENSG00000103254,0
8140,ENSG00000103257,0
57821,ENSG00000117477,0
5741,ENSG00000152266,0
10560,ENSG00000117479,0
4293,ENSG00000006432,0
64434,ENSG00000146909,1
343563,ENSG00000292017,0
440955,ENSG00000183396,0
163486,ENSG00000213047,0
5955,ENSG00000117906,0
2041,ENSG00000146904,0
128368,ENSG00000198967,0
4338,ENSG00000164172,0
3673,ENSG00000164171,0
259230,ENSG00000198964,0
6096,ENSG00000198963,0
10085,ENSG00000164176,0
51151,ENSG00000164175,0
10920,ENSG00000198612,0
11098,ENSG00000150687,0
92815,ENSG00000181218,0
56884,ENSG00000168843,0
51224,ENSG00000206181,0
64407,ENSG00000150681,0
4815,ENSG00000171840,0
51635,ENSG00000100612,0
441933,ENSG00000197437,0
5494,ENSG00000100614,0
55138,ENSG00000171847,0
219927,ENSG00000197345,1
6241,ENSG00000171848,1
4488,ENSG00000120149,0
60488,ENSG00000061794,1
100287399,ENSG00000288113,0
5457,ENSG00000152192,0
79596,ENSG00000152193,0
219970,ENSG00000156689,0
284697,ENSG00000189195,0
5739,ENSG00000160013,0
202052,ENSG00000170464,0
286887,ENSG00000170465,0
4013,ENSG00000110002,0
808,ENSG00000160014,0
6793,ENSG00000072786,0
6561,ENSG00000081800,0
93664,ENSG00000081803,0
137970,ENSG00000156687,0
23324,ENSG00000013288,0
55061,ENSG00000143502,0
23190,ENSG00000144224,0
11221,ENSG00000143507,0
80731,ENSG00000144229,0
10971,ENSG00000134308,0
27189,ENSG00000124391,0
10316,ENSG00000171596,0
64446,ENSG00000171595,0
54551,ENSG00000254585,0
55052,ENSG00000242485,1
170589,ENSG00000149735,0
2709,ENSG00000189280,0
64175,ENSG00000117385,0
3217,ENSG00000260027,0
1785,ENSG00000079805,1
283150,ENSG00000176302,0
55728,ENSG00000078177,0
4804,ENSG00000064300,0
83858,ENSG00000160072,0
402415,ENSG00000182489,0
50937,ENSG00000064309,0
161502,ENSG00000156206,0
57469,ENSG00000204851,0
284459,ENSG00000181666,0
29902,ENSG00000204856,0
883,ENSG00000286112,0
54913,ENSG00000178718,0
2907,ENSG00000178719,0
6095,ENSG00000069667,0
257106,ENSG00000186517,0
267020,ENSG00000249222,0
64718,ENSG00000059145,0
2327,ENSG00000094963,0
7879,ENSG00000075785,0
114134,ENSG00000151229,0
50943,ENSG00000049768,0
65009,ENSG00000103034,0
79918,ENSG00000103037,0
4143,ENSG00000151224,0
57700,ENSG00000151553,0
5860,ENSG00000151552,0
11279,ENSG00000102349,0
10425,ENSG00000177479,0
81469,ENSG00000177476,0
90550,ENSG00000156026,0
79948,ENSG00000282283,0
8345,ENSG00000275713,0
56897,ENSG00000124535,0
79658,ENSG00000071205,0
9823,ENSG00000184867,0
9107,ENSG00000139505,0
22797,ENSG00000105967,0
11033,ENSG00000105963,0
131118,ENSG00000205981,0
160335,ENSG00000179104,0
51701,ENSG00000087095,0
51085,ENSG00000009950,0
283537,ENSG00000139508,0
94239,ENSG00000105968,0
9031,ENSG00000009954,0
5453,ENSG00000185668,0
388610,ENSG00000253368,0
28891,ENSG00000242580,0
23732,ENSG00000260230,0
55884,ENSG00000176871,0
54084,ENSG00000175894,0
116835,ENSG00000132622,0
63926,ENSG00000132623,0
54059,ENSG00000182362,0
9246,ENSG00000156587,0
112487,ENSG00000129480,0
387921,ENSG00000188811,0
10038,ENSG00000291803,0
166378,ENSG00000145375,1
333929,ENSG00000185669,0
23495,ENSG00000240505,0
2950,ENSG00000084207,0
25904,ENSG00000291502,0
4112,ENSG00000214107,0
4107,ENSG00000156009,0
28560,ENSG00000211752,0
23476,ENSG00000141867,0
23212,ENSG00000179041,1
1896,ENSG00000158813,0
2596,ENSG00000172020,0
6783,ENSG00000109193,0
283849,ENSG00000179044,0
205860,ENSG00000179046,0
253017,ENSG00000205678,0
121643,ENSG00000139445,0
2538,ENSG00000131482,0
54464,ENSG00000114127,0
7029,ENSG00000114126,0
55379,ENSG00000108829,0
57501,ENSG00000114656,0
22937,ENSG00000114650,1
55186,ENSG00000114120,0
6442,ENSG00000108823,0
1277,ENSG00000108821,0
51264,ENSG00000108826,0
100885850,ENSG00000108825,0
4277,ENSG00000224378,0
23451,ENSG00000115524,1
8869,ENSG00000115525,0
9486,ENSG00000115526,0
79745,ENSG00000115295,0
80219,ENSG00000115520,0
285190,ENSG00000196862,0
2888,ENSG00000115290,0
10578,ENSG00000115523,0
349334,ENSG00000184659,0
64084,ENSG00000158258,0
22930,ENSG00000115839,0
151651,ENSG00000163576,0
56648,ENSG00000163577,0
344022,ENSG00000214513,0
57139,ENSG00000205517,0
153218,ENSG00000214510,0
51400,ENSG00000214517,0
5602,ENSG00000109339,0
2286,ENSG00000173486,0
55101,ENSG00000105341,0
175,ENSG00000038002,0
85301,ENSG00000196739,0
142680,ENSG00000198569,0
7323,ENSG00000109332,0
27309,ENSG00000109445,0
10223,ENSG00000143167,0
2214,ENSG00000203747,0
130162,ENSG00000162994,0
4760,ENSG00000162992,0
487,ENSG00000196296,0
6490,ENSG00000185664,0
65993,ENSG00000074071,0
92369,ENSG00000175093,0
187,ENSG00000134817,0
2487,ENSG00000162998,0
57461,ENSG00000240682,1
81282,ENSG00000176893,0
55298,ENSG00000137522,0
6749,ENSG00000149136,1
113829,ENSG00000176087,0
5791,ENSG00000132334,0
728419,ENSG00000228856,0
338674,ENSG00000149133,0
51540,ENSG00000132330,0
8804,ENSG00000143162,0
4690,ENSG00000158092,0
6519,ENSG00000138079,0
9581,ENSG00000138078,0
952,ENSG00000004468,0
28508,ENSG00000227108,0
10113,ENSG00000138073,1
9019,ENSG00000197965,0
10097,ENSG00000138071,1
55303,ENSG00000133574,0
10284,ENSG00000150459,1
64240,ENSG00000138075,0
8884,ENSG00000138074,0
65065,ENSG00000144426,0
84750,ENSG00000172728,0
4700,ENSG00000273397,0
4342,ENSG00000172680,0
79081,ENSG00000162194,0
51035,ENSG00000162191,0
25960,ENSG00000020181,0
3683,ENSG00000005844,0
84460,ENSG00000166432,0
254225,ENSG00000166439,0
644994,ENSG00000185662,0
143570,ENSG00000166435,0
9866,ENSG00000166436,0
29926,ENSG00000144591,0
146456,ENSG00000157315,0
284992,ENSG00000144395,0
43849,ENSG00000186474,0
27445,ENSG00000186472,0
11118,ENSG00000186470,0
403341,ENSG00000177125,0
28786,ENSG00000211672,0
113277,ENSG00000184988,0
712,ENSG00000173372,0
83643,ENSG00000151468,0
2331,ENSG00000122176,0
11041,ENSG00000174684,0
201254,ENSG00000169689,0
26999,ENSG00000055163,0
6045,ENSG00000121481,0
128977,ENSG00000242259,0
81627,ENSG00000121486,0
6612,ENSG00000184900,0
7098,ENSG00000164342,0
2915,ENSG00000168959,0
3818,ENSG00000164344,0
7298,ENSG00000176890,1
10817,ENSG00000137218,0
11159,ENSG00000144134,0
56948,ENSG00000100445,0
51335,ENSG00000182768,0
23351,ENSG00000100441,0
55076,ENSG00000181458,0
2287,ENSG00000100442,0
3998,ENSG00000074695,0
51495,ENSG00000074696,0
283237,ENSG00000162222,0
1511,ENSG00000100448,0
10629,ENSG00000162227,1
1161,ENSG00000049167,0
2537,ENSG00000126709,0
389827,ENSG00000187616,0
84100,ENSG00000113966,0
2866,ENSG00000126251,0
7343,ENSG00000108312,1
27235,ENSG00000173085,0
27245,ENSG00000126705,0
23032,ENSG00000077254,0
88,ENSG00000077522,0
865,ENSG00000067955,0
874,ENSG00000159231,0
149281,ENSG00000203740,0
92400,ENSG00000119446,0
221424,ENSG00000204052,0
4026,ENSG00000145012,0
6261,ENSG00000196218,0
80852,ENSG00000144596,1
4170,ENSG00000143384,1
9262,ENSG00000081320,0
170572,ENSG00000178084,0
81491,ENSG00000112218,0
95,ENSG00000243989,0
5321,ENSG00000116711,0
222642,ENSG00000112212,0
51715,ENSG00000112210,0
30812,ENSG00000005513,0
128954,ENSG00000215568,0
64946,ENSG00000153044,0
3202,ENSG00000106004,0
6990,ENSG00000165169,0
1536,ENSG00000165168,0
56683,ENSG00000159079,1
80012,ENSG00000173889,0
286464,ENSG00000165164,0
340024,ENSG00000174358,0
23589,ENSG00000153048,0
90592,ENSG00000196757,0
6273,ENSG00000196754,0
23397,ENSG00000121152,1
10233,ENSG00000010626,0
221895,ENSG00000153814,0
80790,ENSG00000153815,0
84312,ENSG00000100916,0
4115,ENSG00000120289,0
51734,ENSG00000291928,0
5721,ENSG00000284889,0
10928,ENSG00000017797,0
50939,ENSG00000081148,0
3176,ENSG00000150540,0
2208,ENSG00000104921,0
3482,ENSG00000197081,0
80231,ENSG00000120280,0
646625,ENSG00000183463,0
51071,ENSG00000023697,0
387755,ENSG00000188487,0
83543,ENSG00000126878,0
2747,ENSG00000288118,0
50515,ENSG00000171310,0
57727,ENSG00000124160,0
170685,ENSG00000122824,0
55112,ENSG00000126870,0
181,ENSG00000159723,0
10196,ENSG00000185238,0
91975,ENSG00000145908,0
26015,ENSG00000103932,1
337977,ENSG00000187005,0
10318,ENSG00000145901,0
79029,ENSG00000171763,1
10146,ENSG00000145907,0
25870,ENSG00000129103,0
9230,ENSG00000185236,0
9306,ENSG00000170677,0
4684,ENSG00000149294,0
353500,ENSG00000183682,0
3284,ENSG00000203859,0
4661,ENSG00000276876,0
3283,ENSG00000203857,0
4598,ENSG00000110921,1
8732,ENSG00000111880,1
51499,ENSG00000170855,1
284958,ENSG00000144130,0
81566,ENSG00000110925,0
137814,ENSG00000180053,0
120787,ENSG00000175485,0
6647,ENSG00000142168,1
219958,ENSG00000197887,0
4534,ENSG00000171100,0
10930,ENSG00000124701,0
477,ENSG00000018625,0
26019,ENSG00000151461,1
7919,ENSG00000229496,1
89792,ENSG00000175229,0
10881,ENSG00000187003,0
126364,ENSG00000175489,0
55669,ENSG00000171109,0
144321,ENSG00000180481,0
245932,ENSG00000180483,0
3274,ENSG00000113749,0
4313,ENSG00000087245,0
85569,ENSG00000197487,0
9146,ENSG00000185359,1
80315,ENSG00000113742,0
374986,ENSG00000180488,0
51569,ENSG00000120686,0
266722,ENSG00000185352,0
283948,ENSG00000257108,0
55957,ENSG00000267796,0
25957,ENSG00000132424,1
150248,ENSG00000169314,0
378925,ENSG00000235631,0
127069,ENSG00000184022,0
283869,ENSG00000183971,0
51009,ENSG00000072849,0
151649,ENSG00000183977,0
28958,ENSG00000183978,0
256933,ENSG00000183979,0
55967,ENSG00000184752,0
54209,ENSG00000095970,0
26219,ENSG00000239590,0
2121,ENSG00000072840,0
440023,ENSG00000277389,0
55507,ENSG00000111291,0
55620,ENSG00000178078,0
387911,ENSG00000205863,0
55437,ENSG00000082146,0
387264,ENSG00000291433,0
399823,ENSG00000186766,0
442867,ENSG00000183795,0
55034,ENSG00000075643,0
25879,ENSG00000164934,0
84620,ENSG00000144057,0
9884,ENSG00000176681,0
388341,ENSG00000181350,0
115908,ENSG00000164932,0
643246,ENSG00000258102,0
253970,ENSG00000257520,0
3603,ENSG00000172349,0
84539,ENSG00000152034,0
79012,ENSG00000164076,0
8323,ENSG00000164930,0
8904,ENSG00000214078,0
389384,ENSG00000189325,0
91746,ENSG00000083896,1
84315,ENSG00000164077,0
728358,ENSG00000285176,0
6700,ENSG00000241794,0
2887,ENSG00000106070,0
55811,ENSG00000143199,0
83451,ENSG00000106077,1
53947,ENSG00000128274,0
165055,ENSG00000163006,0
23242,ENSG00000106078,0
9415,ENSG00000134824,0
135,ENSG00000128271,0
468,ENSG00000128272,0
6947,ENSG00000134827,0
29118,ENSG00000109832,0
27233,ENSG00000198075,0
85409,ENSG00000145506,0
9871,ENSG00000150961,0
10980,ENSG00000168090,1
23457,ENSG00000150967,0
440822,ENSG00000184571,0
221336,ENSG00000151917,0
56849,ENSG00000182916,0
257144,ENSG00000174500,0
347731,ENSG00000198739,0
55027,ENSG00000155393,1
8801,ENSG00000172340,0
80199,ENSG00000010361,0
10632,ENSG00000167283,0
55114,ENSG00000140750,0
128506,ENSG00000149635,0
24145,ENSG00000110218,0
1644,ENSG00000132437,0
79728,ENSG00000083093,1
54477,ENSG00000052126,0
642612,ENSG00000204449,0
85449,ENSG00000149633,0
23033,ENSG00000083097,0
55937,ENSG00000206409,0
57226,ENSG00000083099,0
170958,ENSG00000203326,0
29777,ENSG00000146109,1
140710,ENSG00000149639,0
100526737,ENSG00000248643,0
728215,ENSG00000204442,0
8476,ENSG00000143776,0
64710,ENSG00000069275,0
2987,ENSG00000143774,1
79853,ENSG00000168955,0
3707,ENSG00000143772,0
84696,ENSG00000143994,0
25912,ENSG00000143612,0
8986,ENSG00000162302,0
6416,ENSG00000065559,0
150290,ENSG00000167065,0
8879,ENSG00000166224,0
10576,ENSG00000166226,1
8667,ENSG00000147677,1
4009,ENSG00000162761,0
79893,ENSG00000275099,0
7075,ENSG00000066056,0
139741,ENSG00000123165,0
28970,ENSG00000182919,0
84294,ENSG00000147679,1
57830,ENSG00000241233,0
284525,ENSG00000162753,0
23339,ENSG00000166887,0
284309,ENSG00000152443,0
6877,ENSG00000148835,1
126823,ENSG00000162755,0
2688,ENSG00000259384,0
57539,ENSG00000118965,0
81550,ENSG00000083544,0
9122,ENSG00000168679,0
84941,ENSG00000196684,0
6135,ENSG00000142676,1
54112,ENSG00000181656,0
84940,ENSG00000167549,0
340371,ENSG00000185189,0
140461,ENSG00000177981,0
161829,ENSG00000178997,0
11156,ENSG00000275575,0
8031,ENSG00000266412,0
151531,ENSG00000007001,0
169522,ENSG00000168263,0
6184,ENSG00000163902,1
915,ENSG00000167286,0
90407,ENSG00000163900,0
64772,ENSG00000167280,0
144100,ENSG00000166689,0
8538,ENSG00000043039,0
26508,ENSG00000163909,0
64943,ENSG00000168268,0
5949,ENSG00000265203,0
1287,ENSG00000188153,0
10983,ENSG00000118816,0
60412,ENSG00000131558,1
375790,ENSG00000188157,0
386674,ENSG00000188155,0
83700,ENSG00000166086,0
10342,ENSG00000114354,0
1364,ENSG00000189143,0
390616,ENSG00000235711,0
4810,ENSG00000188158,0
2771,ENSG00000114353,0
2193,ENSG00000179115,1
57186,ENSG00000188559,0
56271,ENSG00000102409,0
8525,ENSG00000149091,0
7067,ENSG00000126351,0
89,ENSG00000248746,0
23167,ENSG00000132294,0
51566,ENSG00000102401,0
55333,ENSG00000213463,0
58478,ENSG00000145293,0
7781,ENSG00000115194,0
80127,ENSG00000119636,0
440193,ENSG00000015133,0
5228,ENSG00000119630,0
84417,ENSG00000119147,0
83982,ENSG00000119632,0
441150,ENSG00000221821,0
26246,ENSG00000203663,0
26065,ENSG00000262860,0
91754,ENSG00000119638,0
221092,ENSG00000214753,0
441376,ENSG00000205002,0
65082,ENSG00000139719,1
23067,ENSG00000139718,0
51393,ENSG00000187688,0
29919,ENSG00000141452,0
2048,ENSG00000133216,0
118491,ENSG00000156042,0
759,ENSG00000133742,0
3266,ENSG00000187682,0
4864,ENSG00000141458,0
7639,ENSG00000278091,0
283385,ENSG00000139714,0
23474,ENSG00000105755,0
51666,ENSG00000005981,0
1973,ENSG00000161960,1
9478,ENSG00000157782,0
54978,ENSG00000213699,0
30001,ENSG00000197930,0
255631,ENSG00000171502,0
912,ENSG00000158473,0
23243,ENSG00000206560,0
6326,ENSG00000136531,0
57608,ENSG00000165757,0
54980,ENSG00000115998,0
64844,ENSG00000136536,0
255374,ENSG00000214309,0
7414,ENSG00000035403,0
66008,ENSG00000115993,0
138883,ENSG00000171505,0
51571,ENSG00000153310,0
9184,ENSG00000154473,1
5596,ENSG00000141639,0
163688,ENSG00000169885,0
50807,ENSG00000153317,0
113278,ENSG00000101276,0
129881,ENSG00000154479,0
2849,ENSG00000154478,0
26504,ENSG00000158158,0
6037,ENSG00000169397,0
341277,ENSG00000183378,0
646658,ENSG00000183379,0
23023,ENSG00000172765,0
5747,ENSG00000169398,0
54621,ENSG00000176834,0
79612,ENSG00000172766,0
127003,ENSG00000179902,0
79000,ENSG00000127423,0
441608,ENSG00000172769,0
6550,ENSG00000066230,0
65999,ENSG00000127399,0
127281,ENSG00000275125,0
55330,ENSG00000186222,0
199870,ENSG00000009780,0
8764,ENSG00000157873,0
353135,ENSG00000186226,0
254065,ENSG00000165288,0
78988,ENSG00000173141,0
100133267,ENSG00000233050,0
22839,ENSG00000080845,0
84720,ENSG00000165282,0
30968,ENSG00000165283,0
7415,ENSG00000165280,1
147657,ENSG00000198464,0
55257,ENSG00000101189,0
4923,ENSG00000101188,0
440804,ENSG00000274600,0
11034,ENSG00000125868,0
24141,ENSG00000125869,0
152273,ENSG00000154783,0
5688,ENSG00000101182,1
26164,ENSG00000101181,1
11255,ENSG00000101180,0
28231,ENSG00000101187,0
8195,ENSG00000125863,0
64096,ENSG00000125861,0
494115,ENSG00000213516,0
257407,ENSG00000204128,0
388646,ENSG00000213512,0
79050,ENSG00000184967,1
644815,ENSG00000188522,0
133558,ENSG00000171495,0
285093,ENSG00000188011,0
25790,ENSG00000213085,0
653,ENSG00000112175,0
100132979,ENSG00000288344,0
29105,ENSG00000070761,1
3887,ENSG00000205426,0
5151,ENSG00000073417,0
6915,ENSG00000006638,0
440435,ENSG00000277399,0
5877,ENSG00000183155,0
166348,ENSG00000187715,0
389799,ENSG00000188523,0
9369,ENSG00000021645,0
10926,ENSG00000006634,0
11200,ENSG00000183765,0
2158,ENSG00000101981,0
113179,ENSG00000213638,0
215,ENSG00000101986,0
10293,ENSG00000183763,1
389170,ENSG00000197980,0
83552,ENSG00000235718,0
619279,ENSG00000164684,0
154075,ENSG00000164483,0
79820,ENSG00000133962,0
448831,ENSG00000274972,0
9812,ENSG00000081791,0
54977,ENSG00000144659,0
116379,ENSG00000164485,0
114801,ENSG00000164484,0
8220,ENSG00000100056,1
57554,ENSG00000033122,0
83742,ENSG00000155254,0
27128,ENSG00000100055,0
55361,ENSG00000155252,0
1417,ENSG00000100053,0
81691,ENSG00000005189,0
9498,ENSG00000050438,0
161394,ENSG00000100583,0
148523,ENSG00000159208,0
1122,ENSG00000203668,0
389075,ENSG00000182698,0
6296,ENSG00000005187,0
2895,ENSG00000152208,0
2652,ENSG00000268221,0
4731,ENSG00000160194,0
57657,ENSG00000263324,0
57105,ENSG00000152207,0
9121,ENSG00000170190,0
140838,ENSG00000170191,0
286827,ENSG00000213186,0
9715,ENSG00000159784,0
6662,ENSG00000125398,0
8645,ENSG00000164626,0
133874,ENSG00000234511,0
23379,ENSG00000164151,1
285613,ENSG00000164620,0
51234,ENSG00000128463,0
124512,ENSG00000181038,0
10785,ENSG00000160193,1
1756,ENSG00000198947,0
441061,ENSG00000183654,0
80314,ENSG00000120616,0
23729,ENSG00000197417,0
79674,ENSG00000197415,0
148268,ENSG00000171827,0
64412,ENSG00000125812,0
54798,ENSG00000197410,0
5394,ENSG00000171824,1
5701,ENSG00000161057,1
92304,ENSG00000161055,0
6195,ENSG00000281877,0
54675,ENSG00000088766,1
118813,ENSG00000155256,0
168507,ENSG00000158683,0
79085,ENSG00000125648,0
84124,ENSG00000160908,0
29907,ENSG00000110025,0
6271,ENSG00000160678,0
26097,ENSG00000160679,0
3035,ENSG00000170445,1
28893,ENSG00000251546,0
89796,ENSG00000134369,0
50855,ENSG00000102981,0
116028,ENSG00000175643,0
55565,ENSG00000102984,0
29887,ENSG00000086300,0
10468,ENSG00000134363,0
51441,ENSG00000198492,0
10877,ENSG00000134365,0
9426,ENSG00000182415,0
10473,ENSG00000292175,0
1213,ENSG00000141367,1
11171,ENSG00000023734,1
53919,ENSG00000139155,0
121536,ENSG00000139154,0
89869,ENSG00000139151,0
10479,ENSG00000198689,0
28947,ENSG00000211594,0
28869,ENSG00000211626,0
5052,ENSG00000117450,0
8637,ENSG00000243056,0
23586,ENSG00000107201,0
8411,ENSG00000102189,0
25978,ENSG00000083937,0
100820829,ENSG00000263155,0
3710,ENSG00000096433,0
100499483,ENSG00000197816,0
11036,ENSG00000242441,0
112616,ENSG00000153551,0
6503,ENSG00000155926,0
25827,ENSG00000153558,0
23436,ENSG00000219073,0
414059,ENSG00000278632,1
8773,ENSG00000092531,0
2529,ENSG00000180549,0
91582,ENSG00000187051,0
345778,ENSG00000177034,0
142689,ENSG00000198881,0
85453,ENSG00000180543,0
9231,ENSG00000151208,1
10856,ENSG00000183207,1
4632,ENSG00000168530,0
378951,ENSG00000226941,0
6322,ENSG00000047634,0
221178,ENSG00000182957,0
25895,ENSG00000123427,0
23555,ENSG00000099282,0
100287898,ENSG00000275571,0
94121,ENSG00000102362,0
219293,ENSG00000215915,0
55506,ENSG00000099284,0
83844,ENSG00000134588,0
5078,ENSG00000106331,0
64598,ENSG00000106330,0
5118,ENSG00000106333,0
23383,ENSG00000129933,1
148581,ENSG00000177414,0
54507,ENSG00000143382,0
11325,ENSG00000198231,0
26261,ENSG00000106336,0
30846,ENSG00000024422,0
51013,ENSG00000171311,1
2570,ENSG00000111886,0
4121,ENSG00000111885,0
6853,ENSG00000008056,0
5223,ENSG00000171314,1
1846,ENSG00000120875,0
4986,ENSG00000082556,0
23643,ENSG00000154589,0
79899,ENSG00000135362,0
4005,ENSG00000135363,0
51317,ENSG00000135365,0
3454,ENSG00000142166,0
170082,ENSG00000176896,0
119687,ENSG00000176895,0
5827,ENSG00000176894,0
54544,ENSG00000169509,0
1880,ENSG00000169508,0
51481,ENSG00000169059,0
60673,ENSG00000123395,0
4204,ENSG00000169057,0
25932,ENSG00000169504,0
151258,ENSG00000169507,0
3005,ENSG00000189060,0
219578,ENSG00000182348,0
5692,ENSG00000159377,1
493856,ENSG00000145354,0
8085,ENSG00000167548,0
9351,ENSG00000065054,0
753,ENSG00000168675,0
115265,ENSG00000145358,0
4913,ENSG00000065057,0
167127,ENSG00000168671,0
157638,ENSG00000168672,0
2735,ENSG00000111087,0
1018,ENSG00000250506,0
751071,ENSG00000214756,0
127707,ENSG00000179023,0
285237,ENSG00000179021,0
5710,ENSG00000159352,1
66004,ENSG00000180155,0
79161,ENSG00000135185,0
171586,ENSG00000158201,0
81850,ENSG00000262347,0
284099,ENSG00000278145,0
84215,ENSG00000118156,0
9807,ENSG00000176095,0
51316,ENSG00000145287,0
55057,ENSG00000176092,0
56180,ENSG00000101928,0
26575,ENSG00000091844,0
23469,ENSG00000118482,0
200008,ENSG00000157211,0
80321,ENSG00000114107,0
114876,ENSG00000141447,0
280,ENSG00000240038,0
10603,ENSG00000160999,1
286148,ENSG00000156162,0
130026,ENSG00000163596,0
151742,ENSG00000163590,0
85479,ENSG00000147570,0
1493,ENSG00000163599,0
80213,ENSG00000184277,0
11100,ENSG00000105323,0
26093,ENSG00000105321,0
27113,ENSG00000105327,0
51343,ENSG00000105325,0
440712,ENSG00000263961,0
7040,ENSG00000105329,0
388403,ENSG00000175155,0
341883,ENSG00000131951,0
386676,ENSG00000221837,0
29781,ENSG00000025770,0
10953,ENSG00000025772,0
23332,ENSG00000074054,0
651,ENSG00000152785,0
118427,ENSG00000118733,0
337963,ENSG00000186980,0
53354,ENSG00000152782,0
26257,ENSG00000136327,0
55071,ENSG00000135045,0
56254,ENSG00000155827,1
11179,ENSG00000198839,0
8501,ENSG00000149150,0
51388,ENSG00000132603,1
54496,ENSG00000132600,0
79075,ENSG00000136982,0
5562,ENSG00000132356,0
84674,ENSG00000132357,0
64425,ENSG00000137054,1
9373,ENSG00000137055,0
80745,ENSG00000138050,0
29982,ENSG00000148572,0
957,ENSG00000187097,0
885,ENSG00000187094,0
1464,ENSG00000173546,0
5333,ENSG00000187091,0
10157,ENSG00000008311,0
51179,ENSG00000116882,0
79844,ENSG00000188818,0
552,ENSG00000166148,0
5746,ENSG00000144407,0
127700,ENSG00000116885,0
7004,ENSG00000197905,0
6692,ENSG00000166145,0
55326,ENSG00000155189,0
84936,ENSG00000166140,0
132203,ENSG00000188817,0
389898,ENSG00000292243,0
283431,ENSG00000139354,0
11313,ENSG00000011009,0
151254,ENSG00000155754,0
653619,ENSG00000204501,0
6924,ENSG00000011007,0
414062,ENSG00000293545,0
8349,ENSG00000184678,0
7014,ENSG00000132604,1
55127,ENSG00000119285,1
5013,ENSG00000115507,0
23301,ENSG00000115504,0
79139,ENSG00000136986,0
84886,ENSG00000119280,0
440730,ENSG00000119283,0
3579,ENSG00000180871,0
8521,ENSG00000137270,0
348932,ENSG00000164363,0
1670,ENSG00000164816,0
2295,ENSG00000137273,0
670,ENSG00000137274,0
8737,ENSG00000137275,0
391356,ENSG00000184924,0
286256,ENSG00000184925,0
150353,ENSG00000172404,0
1630,ENSG00000187323,0
54919,ENSG00000164818,0
253558,ENSG00000172954,0
171024,ENSG00000172403,0
54069,ENSG00000159055,1
283130,ENSG00000162241,0
81392,ENSG00000244623,0
338442,ENSG00000182782,0
55631,ENSG00000066557,0
56990,ENSG00000158985,0
22915,ENSG00000138722,0
643596,ENSG00000233198,0
442038,ENSG00000196228,0
7179,ENSG00000274391,0
8787,ENSG00000108370,0
57084,ENSG00000091664,0
90441,ENSG00000173545,1
4102,ENSG00000292186,0
2835,ENSG00000132975,0
7473,ENSG00000108379,0
4286,ENSG00000187098,0
10810,ENSG00000132970,0
3273,ENSG00000113905,0
56163,ENSG00000132972,0
11177,ENSG00000198604,0
1290,ENSG00000204262,0
89872,ENSG00000143595,0
5696,ENSG00000231631,0
6891,ENSG00000206235,0
55041,ENSG00000115762,0
5800,ENSG00000151490,0
57448,ENSG00000115760,0
79954,ENSG00000115761,1
81793,ENSG00000174123,0
90121,ENSG00000158526,1
93979,ENSG00000158525,0
6814,ENSG00000116266,0
59336,ENSG00000112238,0
389136,ENSG00000206538,0
2765,ENSG00000104499,0
1944,ENSG00000143590,0
5768,ENSG00000116260,0
1487,ENSG00000159692,0
10020,ENSG00000159921,0
83988,ENSG00000104490,0
202559,ENSG00000112232,0
403277,ENSG00000206536,0
26235,ENSG00000112234,0
892,ENSG00000112237,1
348801,ENSG00000206535,0
6348,ENSG00000277632,0
284013,ENSG00000182853,0
161253,ENSG00000139890,0
140685,ENSG00000130584,0
389152,ENSG00000233701,0
85441,ENSG00000130589,0
727830,ENSG00000275969,0
151194,ENSG00000144401,0
3361,ENSG00000157219,0
10840,ENSG00000144908,0
28825,ENSG00000211653,0
80185,ENSG00000129696,1
9070,ENSG00000129691,1
10933,ENSG00000185787,0
5651,ENSG00000154646,0
134083,ENSG00000174339,0
140578,ENSG00000154645,0
23043,ENSG00000154310,0
23613,ENSG00000101040,1
7096,ENSG00000174125,0
27350,ENSG00000244509,0
10827,ENSG00000055147,0
5476,ENSG00000064601,0
353132,ENSG00000196734,0
83648,ENSG00000154319,0
10110,ENSG00000101049,0
1474,ENSG00000175315,0
5110,ENSG00000120265,0
4253,ENSG00000150527,0
80129,ENSG00000120262,0
28955,ENSG00000182108,0
54857,ENSG00000130055,0
51292,ENSG00000284752,0
9040,ENSG00000130725,1
27243,ENSG00000130724,1
84726,ENSG00000288701,0
10534,ENSG00000173465,0
9754,ENSG00000130052,0
11105,ENSG00000126856,0
353144,ENSG00000244057,0
9508,ENSG00000156140,0
9260,ENSG00000196923,0
3950,ENSG00000145826,0
7813,ENSG00000067208,0
2342,ENSG00000257365,1
1991,ENSG00000277571,0
219875,ENSG00000171014,0
55288,ENSG00000126858,0
81614,ENSG00000140157,0
7625,ENSG00000185252,0
117581,ENSG00000233608,0
9770,ENSG00000101265,0
91833,ENSG00000140153,0
4123,ENSG00000140400,0
8646,ENSG00000090539,0
3167,ENSG00000188816,0
7066,ENSG00000090534,0
84869,ENSG00000145439,0
55214,ENSG00000090530,0
55285,ENSG00000089682,0
83892,ENSG00000110906,0
2850,ENSG00000170837,0
11176,ENSG00000076108,0
27330,ENSG00000072133,0
79876,ENSG00000081307,0
54866,ENSG00000166143,0
286144,ENSG00000205133,0
26469,ENSG00000072135,0
22905,ENSG00000072134,0
65250,ENSG00000197603,0
84188,ENSG00000197601,0
255252,ENSG00000180979,0
862,ENSG00000079102,0
27098,ENSG00000079101,0
51614,ENSG00000125991,0
346389,ENSG00000183742,0
6948,ENSG00000185339,0
10000,ENSG00000275199,0
3313,ENSG00000113013,1
28783,ENSG00000211654,0
29992,ENSG00000085514,0
4998,ENSG00000085840,1
4216,ENSG00000085511,0
8170,ENSG00000132874,0
23251,ENSG00000169330,0
56104,ENSG00000254221,0
266740,ENSG00000292187,0
5349,ENSG00000089356,0
57655,ENSG00000089351,0
6579,ENSG00000084453,0
387893,ENSG00000183955,0
8974,ENSG00000072682,0
388523,ENSG00000269067,0
54820,ENSG00000072864,0
80097,ENSG00000292119,0
9189,ENSG00000214717,0
123099,ENSG00000168350,0
1674,ENSG00000175084,0
11232,ENSG00000256525,1
1945,ENSG00000243364,0
9583,ENSG00000197217,0
55922,ENSG00000292244,0
147111,ENSG00000185269,0
10015,ENSG00000170248,0
286749,ENSG00000068781,0
342035,ENSG00000186417,0
1750,ENSG00000006377,0
26707,ENSG00000234746,0
55133,ENSG00000068784,1
57124,ENSG00000174807,0
8322,ENSG00000174804,0
119467,ENSG00000180745,0
197135,ENSG00000229474,0
134145,ENSG00000150756,0
79663,ENSG00000169087,0
10069,ENSG00000291523,0
342933,ENSG00000197213,0
685,ENSG00000174808,0
29015,ENSG00000134802,0
80206,ENSG00000134775,0
90288,ENSG00000172771,0
55035,ENSG00000291347,1
5988,ENSG00000128250,0
3329,ENSG00000144381,1
170850,ENSG00000171126,0
2525,ENSG00000292063,0
26519,ENSG00000134809,1
9095,ENSG00000143178,0
4987,ENSG00000125510,0
1769,ENSG00000124721,0
5697,ENSG00000131096,0
10882,ENSG00000131094,0
2670,ENSG00000131095,0
84528,ENSG00000131721,0
79586,ENSG00000123989,0
56673,ENSG00000176029,0
51182,ENSG00000187522,1
2181,ENSG00000123983,0
730051,ENSG00000204514,0
349149,ENSG00000176402,0
5101,ENSG00000184226,0
4312,ENSG00000196611,0
9699,ENSG00000176406,0
53834,ENSG00000127418,0
220382,ENSG00000182103,0
84319,ENSG00000184220,0
401993,ENSG00000203661,0
7917,ENSG00000227761,0
374977,ENSG00000184313,0
22897,ENSG00000110274,0
51649,ENSG00000181610,0
55692,ENSG00000007392,0
9923,ENSG00000184677,0
29901,ENSG00000168061,0
10004,ENSG00000168060,0
116071,ENSG00000168062,0
27255,ENSG00000134115,0
5871,ENSG00000168067,0
1974,ENSG00000156976,0
139285,ENSG00000184675,0
728661,ENSG00000189339,0
5359,ENSG00000188313,0
401541,ENSG00000291348,0
29800,ENSG00000159714,0
79581,ENSG00000185803,0
1762,ENSG00000185800,0
5001,ENSG00000164815,0
84570,ENSG00000188517,0
84288,ENSG00000203666,0
202051,ENSG00000170469,0
51227,ENSG00000185808,0
343066,ENSG00000204518,0
94033,ENSG00000181867,0
79758,ENSG00000102796,0
730249,ENSG00000102794,0
83551,ENSG00000146385,0
58527,ENSG00000146386,0
10978,ENSG00000172409,1
84901,ENSG00000176953,0
258,ENSG00000178522,0
56339,ENSG00000165819,1
152519,ENSG00000163293,0
152559,ENSG00000163291,0
10060,ENSG00000069431,0
118429,ENSG00000163297,0
248,ENSG00000163295,0
8991,ENSG00000143416,0
828,ENSG00000105519,0
10891,ENSG00000109819,0
352999,ENSG00000184530,0
7358,ENSG00000109814,0
64376,ENSG00000095574,0
1628,ENSG00000105516,0
8287,ENSG00000114374,0
2760,ENSG00000196743,0
158830,ENSG00000204165,0
51616,ENSG00000187325,0
26149,ENSG00000274349,0
3373,ENSG00000114378,0
161291,ENSG00000182107,0
283985,ENSG00000172782,0
158931,ENSG00000204071,0
90196,ENSG00000204070,1
51077,ENSG00000119616,0
338917,ENSG00000119614,0
130,ENSG00000172955,0
127064,ENSG00000177201,0
57611,ENSG00000167178,0
171169,ENSG00000177202,0
401934,ENSG00000237330,0
6929,ENSG00000071564,0
390326,ENSG00000185821,0
3448,ENSG00000228083,0
116,ENSG00000141433,0
80816,ENSG00000141431,0
6291,ENSG00000148965,0
147407,ENSG00000141437,0
404037,ENSG00000187664,0
84467,ENSG00000142449,0
3996,ENSG00000131899,0
347517,ENSG00000147127,0
1496,ENSG00000066032,0
90580,ENSG00000142444,0
27345,ENSG00000135643,0
29967,ENSG00000147650,0
55634,ENSG00000147121,0
86,ENSG00000136518,1
55622,ENSG00000018699,1
55332,ENSG00000136048,0
26285,ENSG00000156282,0
23052,ENSG00000149218,0
90379,ENSG00000132017,0
79173,ENSG00000288152,0
60529,ENSG00000052850,0
6159,ENSG00000162244,1
10154,ENSG00000136040,0
64108,ENSG00000136514,0
7568,ENSG00000132010,0
22848,ENSG00000115977,0
5075,ENSG00000125813,0
375567,ENSG00000188730,0
89876,ENSG00000183833,0
63892,ENSG00000115970,0
5753,ENSG00000101213,0
1999,ENSG00000163435,0
1917,ENSG00000101210,0
26205,ENSG00000101216,0
5506,ENSG00000154415,0
11167,ENSG00000163430,0
10269,ENSG00000084073,0
10450,ENSG00000084072,1
64744,ENSG00000084070,0
284656,ENSG00000183317,0
388333,ENSG00000183318,0
1059,ENSG00000125817,0
25861,ENSG00000095397,0
147808,ENSG00000179922,0
83891,ENSG00000109762,0
151306,ENSG00000179921,0
81931,ENSG00000184635,0
57648,ENSG00000162522,0
81493,ENSG00000162520,0
63908,ENSG00000125814,0
81629,ENSG00000162526,0
5673,ENSG00000204941,0
22992,ENSG00000173120,1
59274,ENSG00000140406,0
64127,ENSG00000167207,0
28931,ENSG00000239862,0
387,ENSG00000067560,1
440829,ENSG00000234965,0
58157,ENSG00000165553,0
56650,ENSG00000080822,0
5891,ENSG00000080823,0
3320,ENSG00000080824,0
55701,ENSG00000165801,0
26012,ENSG00000165802,0
122945,ENSG00000165555,0
124790,ENSG00000168517,0
53829,ENSG00000181631,0
6834,ENSG00000280627,0
6835,ENSG00000148291,0
100316904,ENSG00000205307,0
55835,ENSG00000151849,0
6838,ENSG00000281309,0
6837,ENSG00000148297,1
594855,ENSG00000213578,0
148022,ENSG00000127666,0
90416,ENSG00000128891,0
23446,ENSG00000070214,0
85291,ENSG00000244537,0
490,ENSG00000070961,0
5042,ENSG00000151846,0
26165,ENSG00000276040,0
84876,ENSG00000293604,0
1103,ENSG00000070748,0
9419,ENSG00000119878,0
353323,ENSG00000221864,0
10083,ENSG00000006611,0
51479,ENSG00000185722,0
59348,ENSG00000256683,0
9729,ENSG00000189367,0
223117,ENSG00000153993,0
28423,ENSG00000211965,0
100505876,ENSG00000218739,0
132789,ENSG00000163281,0
23409,ENSG00000089163,0
8342,ENSG00000273703,0
342918,ENSG00000235034,0
1605,ENSG00000173402,0
79154,ENSG00000275397,0
25788,ENSG00000197275,0
128077,ENSG00000271601,0
80017,ENSG00000133943,0
8693,ENSG00000257594,0
22895,ENSG00000089169,0
4722,ENSG00000213619,0
8940,ENSG00000100038,0
10217,ENSG00000144677,0
2803,ENSG00000144674,0
22876,ENSG00000198825,0
2913,ENSG00000198822,0
54480,ENSG00000033100,0
9389,ENSG00000144671,0
5594,ENSG00000100030,0
2678,ENSG00000100031,0
23562,ENSG00000159261,0
5625,ENSG00000100033,0
7082,ENSG00000104067,0
339665,ENSG00000100036,0
2553,ENSG00000104064,1
55607,ENSG00000158528,0
728588,ENSG00000214782,0
440574,ENSG00000173436,1
66002,ENSG00000186204,0
339983,ENSG00000185818,0
25884,ENSG00000054938,0
26060,ENSG00000157500,0
139221,ENSG00000157502,0
122665,ENSG00000173431,0
57724,ENSG00000152223,0
9824,ENSG00000198826,0
92340,ENSG00000224383,0
2693,ENSG00000121853,0
51603,ENSG00000010165,0
84265,ENSG00000121851,0
9050,ENSG00000152229,0
442117,ENSG00000174473,0
282991,ENSG00000196072,0
1408,ENSG00000121671,0
10569,ENSG00000164609,1
9722,ENSG00000198929,0
83931,ENSG00000196182,0
9887,ENSG00000116698,1
81327,ENSG00000181961,0
63974,ENSG00000164600,0
154743,ENSG00000164603,0
9851,ENSG00000198920,0
4762,ENSG00000181965,0
54329,ENSG00000164604,0
60672,ENSG00000116691,0
10216,ENSG00000116690,0
161823,ENSG00000168803,0
54921,ENSG00000168802,1
92342,ENSG00000171806,0
6645,ENSG00000168807,0
9836,ENSG00000168806,0
57116,ENSG00000197472,0
29941,ENSG00000160447,0
200407,ENSG00000175874,0
29103,ENSG00000120675,0
135886,ENSG00000175877,0
27164,ENSG00000277015,0
348262,ENSG00000288213,0
25949,ENSG00000117614,0
57035,ENSG00000117616,0
5007,ENSG00000110048,1
768206,ENSG00000214140,0
7314,ENSG00000170315,0
983,ENSG00000170312,1
28466,ENSG00000211961,0
9482,ENSG00000170310,0
2591,ENSG00000115339,0
23220,ENSG00000110042,0
23130,ENSG00000110046,0
10938,ENSG00000110047,0
5872,ENSG00000143545,0
6279,ENSG00000143546,0
8797,ENSG00000104689,0
10067,ENSG00000263290,0
3690,ENSG00000259207,0
55223,ENSG00000116525,0
251,ENSG00000163286,0
25998,ENSG00000283068,0
118738,ENSG00000265763,0
1891,ENSG00000104823,0
84216,ENSG00000139173,0
144165,ENSG00000139174,0
29127,ENSG00000161800,1
89944,ENSG00000149328,0
573,ENSG00000107262,0
3053,ENSG00000099937,0
55779,ENSG00000206530,0
9355,ENSG00000106689,0
6505,ENSG00000106688,0
344807,ENSG00000206531,0
283933,ENSG00000176723,0
2870,ENSG00000198055,0
8354,ENSG00000275379,0
3984,ENSG00000106683,0
7458,ENSG00000106682,0
338872,ENSG00000240654,0
440145,ENSG00000204899,0
55064,ENSG00000106686,0
55005,ENSG00000155906,0
93190,ENSG00000157330,0
22934,ENSG00000153574,0
3211,ENSG00000120094,0
128486,ENSG00000197296,0
1638,ENSG00000080166,0
338324,ENSG00000184330,0
3213,ENSG00000120093,0
2890,ENSG00000155511,0
1572,ENSG00000197446,0
170302,ENSG00000004848,0
55299,ENSG00000113460,1
9051,ENSG00000140368,0
3228,ENSG00000123407,0
904,ENSG00000129315,0
917,ENSG00000160654,0
83448,ENSG00000129317,0
126669,ENSG00000169291,0
4838,ENSG00000156574,0
266812,ENSG00000177432,0
7483,ENSG00000143816,0
2245,ENSG00000102302,0
83855,ENSG00000129911,0
5303,ENSG00000102309,0
141,ENSG00000144843,0
84679,ENSG00000065923,0
7769,ENSG00000167380,0
2052,ENSG00000143819,0
777,ENSG00000198216,0
50846,ENSG00000139549,0
10174,ENSG00000120896,0
5269,ENSG00000124570,0
3007,ENSG00000124575,0
89845,ENSG00000124574,0
283375,ENSG00000139540,0
9592,ENSG00000160888,0
2185,ENSG00000120899,0
7479,ENSG00000075290,0
79180,ENSG00000142634,0
84070,ENSG00000135436,0
6885,ENSG00000135341,0
1081,ENSG00000135346,0
28881,ENSG00000239571,0
128272,ENSG00000142632,0
6770,ENSG00000147465,0
5236,ENSG00000079739,0
30811,ENSG00000142149,0
3748,ENSG00000131398,0
51684,ENSG00000107882,0
134860,ENSG00000237110,0
28558,ENSG00000232869,0
375318,ENSG00000184945,0
81606,ENSG00000213626,0
4920,ENSG00000169071,0
6526,ENSG00000198743,0
53820,ENSG00000183145,0
1893,ENSG00000143369,0
131450,ENSG00000163606,0
29083,ENSG00000163607,1
29851,ENSG00000163600,0
4725,ENSG00000168653,0
23429,ENSG00000281766,0
6263,ENSG00000198838,0
25871,ENSG00000163608,1
64210,ENSG00000155229,1
200403,ENSG00000168658,0
57701,ENSG00000167566,0
57545,ENSG00000048342,0
80834,ENSG00000179002,0
90411,ENSG00000180398,0
2557,ENSG00000109158,0
317761,ENSG00000179008,0
378807,ENSG00000188782,0
5549,ENSG00000188783,0
2524,ENSG00000176920,0
4520,ENSG00000188786,0
84669,ENSG00000170832,0
30814,ENSG00000188784,0
653505,ENSG00000291978,0
64072,ENSG00000107736,0
8850,ENSG00000114166,0
335,ENSG00000118137,0
53938,ENSG00000240344,0
861,ENSG00000159216,0
3798,ENSG00000155980,0
2203,ENSG00000165140,0
100131390,ENSG00000217236,0
51465,ENSG00000198833,0
125962,ENSG00000161807,0
339231,ENSG00000214087,0
140606,ENSG00000198832,0
8178,ENSG00000105656,1
51477,ENSG00000105655,0
403273,ENSG00000236032,0
57101,ENSG00000047617,0
2643,ENSG00000131979,0
386680,ENSG00000241123,0
9909,ENSG00000198837,0
3221,ENSG00000198353,0
4976,ENSG00000198836,1
51348,ENSG00000150045,0
8495,ENSG00000166387,0
9776,ENSG00000175224,0
170371,ENSG00000204161,0
10160,ENSG00000152767,0
118932,ENSG00000152766,0
1351,ENSG00000176340,0
79819,ENSG00000152763,0
728373,ENSG00000230430,0
200132,ENSG00000152760,0
5279,ENSG00000135845,0
258010,ENSG00000198168,0
7402,ENSG00000152818,0
369,ENSG00000078061,0
10742,ENSG00000131831,0
908,ENSG00000146731,1
5723,ENSG00000146733,0
51763,ENSG00000132376,0
5795,ENSG00000149177,0
340578,ENSG00000198354,0
54149,ENSG00000154642,0
2787,ENSG00000174021,0
79096,ENSG00000149179,0
54943,ENSG00000262911,0
26682,ENSG00000177693,0
148229,ENSG00000130270,0
23593,ENSG00000051620,0
4626,ENSG00000133020,0
728386,ENSG00000227140,0
84236,ENSG00000144468,0
10950,ENSG00000154640,0
10400,ENSG00000133027,0
6049,ENSG00000127870,0
55132,ENSG00000138709,0
6341,ENSG00000133028,0
57045,ENSG00000128791,0
57624,ENSG00000144460,0
10905,ENSG00000198162,0
8945,ENSG00000166167,0
29117,ENSG00000166164,0
1152,ENSG00000166165,0
1445,ENSG00000103653,0
23421,ENSG00000142856,0
100526760,ENSG00000114786,0
10093,ENSG00000241553,1
10289,ENSG00000114784,0
399968,ENSG00000237353,0
148979,ENSG00000174332,0
27343,ENSG00000166169,0
128822,ENSG00000173335,0
10221,ENSG00000173334,0
1185,ENSG00000011021,0
5047,ENSG00000122133,0
40,ENSG00000108684,0
9902,ENSG00000011028,0
6354,ENSG00000108688,0
10089,ENSG00000173338,0
3117,ENSG00000206305,0
7701,ENSG00000115568,0
441864,ENSG00000275806,0
9074,ENSG00000184697,0
56135,ENSG00000291670,0
51652,ENSG00000115561,0
1056,ENSG00000170835,0
390059,ENSG00000184698,0
221421,ENSG00000172426,0
8573,ENSG00000147044,0
143941,ENSG00000172425,0
5467,ENSG00000112033,0
2956,ENSG00000116062,0
146779,ENSG00000172421,0
259295,ENSG00000282612,0
3699,ENSG00000162267,0
53405,ENSG00000112782,0
497189,ENSG00000255833,0
91409,ENSG00000292118,0
57666,ENSG00000112787,0
4988,ENSG00000112038,0
9477,ENSG00000124641,1
1811,ENSG00000091138,0
56098,ENSG00000242419,0
5775,ENSG00000088179,0
27067,ENSG00000040341,0
257629,ENSG00000284290,0
3837,ENSG00000108424,1
51195,ENSG00000108352,0
280658,ENSG00000187754,0
1302,ENSG00000206290,0
2697,ENSG00000152661,0
10208,ENSG00000132952,1
5165,ENSG00000067992,0
3081,ENSG00000113924,0
3556,ENSG00000196083,0
84226,ENSG00000221843,0
138803,ENSG00000204246,0
93492,ENSG00000132958,0
26147,ENSG00000119403,0
26190,ENSG00000119402,0
22954,ENSG00000119401,0
344658,ENSG00000187033,0
84243,ENSG00000204160,0
27240,ENSG00000137078,0
23098,ENSG00000004139,0
7094,ENSG00000137076,0
6366,ENSG00000137077,0
54840,ENSG00000137074,0
10783,ENSG00000119408,0
147183,ENSG00000204897,0
55833,ENSG00000137073,0
3590,ENSG00000137070,0
401409,ENSG00000146955,0
10417,ENSG00000159674,0
127428,ENSG00000116205,0
54108,ENSG00000104472,0
9528,ENSG00000116209,0
389766,ENSG00000187753,0
55902,ENSG00000131069,0
27023,ENSG00000171956,0
5091,ENSG00000173599,0
11163,ENSG00000173598,0
160728,ENSG00000256870,0
117285,ENSG00000131068,0
55339,ENSG00000136709,1
3786,ENSG00000184156,0
84929,ENSG00000130720,0
390245,ENSG00000235268,0
56998,ENSG00000178585,0
782,ENSG00000067191,0
10276,ENSG00000173848,0
266,ENSG00000099721,0
9459,ENSG00000129675,0
112802,ENSG00000139648,0
15,ENSG00000129673,0
374569,ENSG00000166183,0
55503,ENSG00000276971,0
64850,ENSG00000164089,0
57491,ENSG00000063438,0
55511,ENSG00000181433,0
7621,ENSG00000187792,0
5239,ENSG00000154330,0
9087,ENSG00000154620,0
353299,ENSG00000121446,0
23024,ENSG00000121440,0
339479,ENSG00000162670,0
81472,ENSG00000196242,0
6540,ENSG00000010379,0
81328,ENSG00000181958,0
27283,ENSG00000137251,0
219873,ENSG00000196248,0
147658,ENSG00000198633,0
55074,ENSG00000164830,0
51063,ENSG00000138172,0
309,ENSG00000197043,0
5157,ENSG00000104213,0
2764,ENSG00000197045,0
126068,ENSG00000197044,0
284266,ENSG00000197046,0
79848,ENSG00000104218,0
51201,ENSG00000104219,0
9885,ENSG00000130703,0
7181,ENSG00000120798,0
445,ENSG00000130707,0
1821,ENSG00000102385,0
5552,ENSG00000122862,0
5328,ENSG00000122861,0
2826,ENSG00000184451,0
84614,ENSG00000185278,0
9399,ENSG00000067221,0
64409,ENSG00000185274,0
225689,ENSG00000181085,0
5315,ENSG00000067225,1
26128,ENSG00000198954,0
1781,ENSG00000077380,1
128061,ENSG00000143633,0
388567,ENSG00000186230,0
8419,ENSG00000170819,0
92345,ENSG00000145414,0
1382,ENSG00000143320,0
8659,ENSG00000159423,0
26998,ENSG00000090512,0
11321,ENSG00000198522,1
8337,ENSG00000288825,1
8224,ENSG00000185666,0
3429,ENSG00000275214,0
9811,ENSG00000134030,0
87,ENSG00000072110,0
80045,ENSG00000180758,0
353332,ENSG00000187175,0
344387,ENSG00000205111,0
8000,ENSG00000167653,0
440686,ENSG00000273213,0
4668,ENSG00000198951,0
56288,ENSG00000148498,0
389203,ENSG00000250317,0
57684,ENSG00000171448,0
113026,ENSG00000161714,0
51720,ENSG00000087206,0
8564,ENSG00000117009,0
27092,ENSG00000075461,0
100310812,ENSG00000173678,0
146705,ENSG00000167302,0
100528016,ENSG00000288534,0
6018,ENSG00000117000,0
92346,ENSG00000180999,0
93099,ENSG00000161249,0
1839,ENSG00000113070,0
6336,ENSG00000185313,0
83697,ENSG00000113073,0
56953,ENSG00000205309,0
84166,ENSG00000140853,0
256586,ENSG00000140280,0
3067,ENSG00000140287,0
79748,ENSG00000140506,0
2252,ENSG00000140285,0
11001,ENSG00000140284,0
8294,ENSG00000276180,0
83660,ENSG00000171914,0
55466,ENSG00000140403,0
728276,ENSG00000261210,0
339541,ENSG00000198520,0
2153,ENSG00000198734,0
23291,ENSG00000072803,1
284422,ENSG00000095932,0
10615,ENSG00000076382,1
27035,ENSG00000007952,0
143098,ENSG00000150054,0
4208,ENSG00000081189,0
283078,ENSG00000150051,0
28614,ENSG00000211734,0
634,ENSG00000079385,0
28608,ENSG00000211731,0
29843,ENSG00000079387,0
56950,ENSG00000143499,0
10367,ENSG00000107745,0
8320,ENSG00000163508,0
9806,ENSG00000107742,0
220441,ENSG00000176641,0
57650,ENSG00000163507,0
124976,ENSG00000183018,0
2996,ENSG00000197465,0
142683,ENSG00000158764,0
10528,ENSG00000101361,1
84513,ENSG00000147535,0
6205,ENSG00000142534,1
56935,ENSG00000166002,0
84986,ENSG00000213390,0
84867,ENSG00000110786,0
51444,ENSG00000134758,0
55250,ENSG00000134759,0
29922,ENSG00000143156,0
3595,ENSG00000081985,0
1824,ENSG00000134755,0
163071,ENSG00000178150,0
481,ENSG00000143153,0
10474,ENSG00000171148,0
81578,ENSG00000124749,0
54626,ENSG00000069812,0
1939,ENSG00000143486,0
377,ENSG00000134287,0
55486,ENSG00000175193,0
401265,ENSG00000124743,0
1649,ENSG00000175197,0
91966,ENSG00000197620,0
8493,ENSG00000170836,0
200728,ENSG00000186889,0
155382,ENSG00000176428,0
5831,ENSG00000183010,0
57486,ENSG00000123213,0
332,ENSG00000089685,1
9785,ENSG00000140829,1
147645,ENSG00000186806,0
283377,ENSG00000176422,0
644096,ENSG00000205138,0
260293,ENSG00000186377,0
64105,ENSG00000123219,0
7268,ENSG00000243725,0
7626,ENSG00000186376,0
149478,ENSG00000222009,0
346673,ENSG00000146857,0
79639,ENSG00000126106,0
28612,ENSG00000211715,0
8357,ENSG00000278828,0
100302736,ENSG00000251201,0
4212,ENSG00000134138,0
57418,ENSG00000065268,1
5326,ENSG00000126003,0
9679,ENSG00000189319,0
124997,ENSG00000276021,0
5436,ENSG00000168002,1
26580,ENSG00000168000,0
144097,ENSG00000168005,0
5345,ENSG00000167711,0
539,ENSG00000241837,1
80308,ENSG00000160688,0
961,ENSG00000196776,0
5992,ENSG00000111783,0
55188,ENSG00000111785,0
8683,ENSG00000111786,0
158798,ENSG00000186471,0
339512,ENSG00000185860,0
2124,ENSG00000185862,0
100505993,ENSG00000185863,0
64118,ENSG00000169718,0
523,ENSG00000114573,1
7555,ENSG00000169714,0
4493,ENSG00000169715,0
140625,ENSG00000169717,0
2194,ENSG00000169710,1
8705,ENSG00000236802,0
140870,ENSG00000243543,0
126069,ENSG00000177599,0
644139,ENSG00000233670,0
414332,ENSG00000187922,0
55367,ENSG00000177595,0
28584,ENSG00000229769,0
54328,ENSG00000184194,0
256329,ENSG00000185522,0
126969,ENSG00000143036,0
57787,ENSG00000007047,0
4879,ENSG00000120937,0
6453,ENSG00000205726,0
340485,ENSG00000177076,0
54751,ENSG00000162458,0
28882,ENSG00000243264,0
7980,ENSG00000105825,0
9939,ENSG00000265241,1
121278,ENSG00000139287,0
27000,ENSG00000105821,0
90019,ENSG00000149043,0
28617,ENSG00000211710,0
10282,ENSG00000105829,0
79616,ENSG00000135083,0
161931,ENSG00000140955,0
622,ENSG00000161267,0
3280,ENSG00000114315,0
7375,ENSG00000114316,0
122011,ENSG00000180138,0
83605,ENSG00000136280,0
64005,ENSG00000136286,0
64978,ENSG00000204316,1
400916,ENSG00000273607,0
1827,ENSG00000159200,0
3833,ENSG00000233450,0
80183,ENSG00000102445,0
100131902,ENSG00000232263,0
10954,ENSG00000065485,0
10965,ENSG00000119673,0
6001,ENSG00000148908,0
192134,ENSG00000198488,0
653499,ENSG00000282902,0
2621,ENSG00000183087,0
64109,ENSG00000292363,0
3845,ENSG00000133703,1
79846,ENSG00000105792,0
85865,ENSG00000105793,0
51520,ENSG00000133706,1
3765,ENSG00000162728,0
93185,ENSG00000162729,0
3440,ENSG00000188379,0
169200,ENSG00000180694,0
6406,ENSG00000124233,0
254102,ENSG00000173442,0
11009,ENSG00000162892,0
6567,ENSG00000147100,0
25893,ENSG00000162722,0
89886,ENSG00000162723,0
5284,ENSG00000162896,0
83953,ENSG00000162897,0
9214,ENSG00000162894,0
127059,ENSG00000162727,0
161145,ENSG00000198133,0
83877,ENSG00000169490,0
26958,ENSG00000158623,0
4148,ENSG00000132031,0
168400,ENSG00000184735,0
118426,ENSG00000165714,0
344,ENSG00000234906,0
2317,ENSG00000136068,0
55911,ENSG00000184730,0
643677,ENSG00000175820,0
27173,ENSG00000143570,0
23524,ENSG00000167978,1
219409,ENSG00000169840,0
140862,ENSG00000101230,0
5341,ENSG00000115956,0
21,ENSG00000167972,0
317649,ENSG00000163412,0
552900,ENSG00000183336,0
136991,ENSG00000154438,0
115294,ENSG00000168300,0
63967,ENSG00000092853,1
27285,ENSG00000092850,0
200845,ENSG00000168301,0
79738,ENSG00000179941,0
683,ENSG00000109743,0
23065,ENSG00000127463,1
166815,ENSG00000180346,0
223075,ENSG00000180347,0
10456,ENSG00000143575,0
337968,ENSG00000212938,0
1314,ENSG00000122218,1
1230,ENSG00000163823,0
392390,ENSG00000171459,0
84649,ENSG00000062282,0
59351,ENSG00000254440,0
341405,ENSG00000167612,0
574414,ENSG00000203783,0
64747,ENSG00000118855,0
4850,ENSG00000080802,0
4919,ENSG00000185483,0
55010,ENSG00000185480,0
79290,ENSG00000277495,0
6297,ENSG00000165821,0
343702,ENSG00000260903,0
79442,ENSG00000163827,0
56138,ENSG00000249158,0
51011,ENSG00000292086,0
30818,ENSG00000115041,0
386746,ENSG00000182170,0
128817,ENSG00000125823,0
4821,ENSG00000125820,0
92675,ENSG00000125821,0
10616,ENSG00000125826,0
56255,ENSG00000125827,0
403282,ENSG00000205328,0
254786,ENSG00000205329,0
403284,ENSG00000205327,0
149297,ENSG00000188859,0
165215,ENSG00000144369,0
84324,ENSG00000205323,1
65061,ENSG00000138395,0
440854,ENSG00000214711,0
50840,ENSG00000261984,0
9043,ENSG00000008294,0
146845,ENSG00000166596,0
51647,ENSG00000166595,1
23036,ENSG00000188994,0
6236,ENSG00000166592,0
729025,ENSG00000188991,0
400745,ENSG00000189410,0
285556,ENSG00000248713,0
504180,ENSG00000186599,0
1258,ENSG00000070729,0
163154,ENSG00000212123,0
5601,ENSG00000050748,0
5880,ENSG00000128340,0
1758,ENSG00000152592,0
220992,ENSG00000198298,0
6839,ENSG00000101945,0
203427,ENSG00000077713,0
64743,ENSG00000101940,0
139170,ENSG00000198889,0
4509,ENSG00000228253,0
26503,ENSG00000119899,0
340719,ENSG00000188613,0
728642,ENSG00000008128,0
996,ENSG00000004897,1
167838,ENSG00000164440,0
11119,ENSG00000026950,0
55601,ENSG00000137628,0
84131,ENSG00000148019,0
266629,ENSG00000100012,0
4948,ENSG00000277361,0
56986,ENSG00000104047,0
51714,ENSG00000198843,0
22899,ENSG00000198844,0
2209,ENSG00000150337,0
23384,ENSG00000100014,0
10277,ENSG00000130939,0
1066,ENSG00000262243,0
152330,ENSG00000144619,0
25926,ENSG00000130935,1
130540,ENSG00000155749,0
140873,ENSG00000125975,0
8689,ENSG00000126337,0
83591,ENSG00000173451,0
256130,ENSG00000173452,0
387082,ENSG00000177688,0
5620,ENSG00000122304,0
26472,ENSG00000173457,0
23157,ENSG00000125354,0
55026,ENSG00000125355,0
4694,ENSG00000125356,0
55660,ENSG00000196504,0
22865,ENSG00000121871,0
65109,ENSG00000125351,0
7737,ENSG00000125352,0
57484,ENSG00000170153,0
124751,ENSG00000184619,0
283685,ENSG00000174450,0
9479,ENSG00000121653,0
3096,ENSG00000095951,0
5290,ENSG00000121879,0
283951,ENSG00000174109,0
400073,ENSG00000174456,0
25862,ENSG00000164663,0
25836,ENSG00000164190,1
728591,ENSG00000242715,0
9055,ENSG00000198901,1
51362,ENSG00000168438,1
285671,ENSG00000164197,0
3872,ENSG00000128422,0
84059,ENSG00000164199,0
27065,ENSG00000168824,0
55079,ENSG00000153266,0
54918,ENSG00000091317,0
4215,ENSG00000198909,0
148789,ENSG00000162885,0
10071,ENSG00000205277,0
3182,ENSG00000197451,0
6883,ENSG00000120656,0
202309,ENSG00000175857,0
375757,ENSG00000175854,0
11282,ENSG00000284501,0
55068,ENSG00000120658,0
11173,ENSG00000136378,0
254122,ENSG00000172803,0
3925,ENSG00000117632,0
55889,ENSG00000215186,0
64147,ENSG00000088727,0
55287,ENSG00000088726,0
1992,ENSG00000021355,0
55715,ENSG00000125170,0
28960,ENSG00000110063,1
83480,ENSG00000110060,0
1469,ENSG00000170373,0
51111,ENSG00000110066,0
285966,ENSG00000170379,0
57585,ENSG00000007545,0
28426,ENSG00000232216,0
9091,ENSG00000007541,0
400629,ENSG00000182459,0
342184,ENSG00000248905,0
9183,ENSG00000086827,0
50801,ENSG00000182450,0
2069,ENSG00000124882,0
3626,ENSG00000175189,0
153562,ENSG00000152939,0
23710,ENSG00000139112,0
9733,ENSG00000075856,1
144402,ENSG00000139117,0
55605,ENSG00000139116,0
375033,ENSG00000187800,0
6293,ENSG00000223618,1
8395,ENSG00000107242,0
51586,ENSG00000099917,1
2741,ENSG00000145888,0
5264,ENSG00000107537,0
196513,ENSG00000151065,0
84861,ENSG00000099910,0
5682,ENSG00000129084,1
169792,ENSG00000107249,0
89894,ENSG00000198270,0
1315,ENSG00000129083,1
114818,ENSG00000119771,0
1395,ENSG00000106113,0
474383,ENSG00000288709,0
1527,ENSG00000278057,0
25921,ENSG00000156599,0
286436,ENSG00000101812,0
153201,ENSG00000186335,0
116442,ENSG00000155961,0
1193,ENSG00000155962,0
57449,ENSG00000171680,0
9356,ENSG00000197901,0
2334,ENSG00000155966,0
85236,ENSG00000197903,0
4159,ENSG00000124089,0
116224,ENSG00000187866,0
5144,ENSG00000113448,0
6150,ENSG00000288141,1
4012,ENSG00000113441,0
57658,ENSG00000012822,0
79726,ENSG00000103091,0
285641,ENSG00000186334,0
26974,ENSG00000267508,0
22982,ENSG00000151240,0
9967,ENSG00000054118,0
100190949,ENSG00000187658,0
253935,ENSG00000187151,0
727909,ENSG00000282773,0
60592,ENSG00000153130,0
5469,ENSG00000125686,1
128239,ENSG00000291754,0
121391,ENSG00000170484,0
161247,ENSG00000285321,0
9963,ENSG00000170482,0
100129543,ENSG00000183850,0
5588,ENSG00000065675,0
22989,ENSG00000144821,0
84873,ENSG00000144820,0
55347,ENSG00000144827,0
54963,ENSG00000198276,0
55661,ENSG00000124228,1
140731,ENSG00000124227,0
55905,ENSG00000124226,0
56937,ENSG00000124225,0
1195,ENSG00000013441,0
8675,ENSG00000124222,0
64979,ENSG00000171421,0
4940,ENSG00000111331,0
10215,ENSG00000205927,0
4939,ENSG00000111335,0
94,ENSG00000139567,0
51702,ENSG00000280549,0
420,ENSG00000111339,0
2517,ENSG00000179163,0
7520,ENSG00000079246,1
63036,ENSG00000142615,0
25929,ENSG00000082516,1
90070,ENSG00000135413,0
29093,ENSG00000082515,1
50486,ENSG00000123689,0
255275,ENSG00000185105,0
11124,ENSG00000185104,0
54758,ENSG00000104731,0
338440,ENSG00000185101,0
122622,ENSG00000185100,0
9926,ENSG00000123684,0
55509,ENSG00000123685,0
26280,ENSG00000189108,0
90693,ENSG00000169193,0
2669,ENSG00000164949,0
126,ENSG00000248144,0
1876,ENSG00000169016,0
90134,ENSG00000184611,0
5230,ENSG00000102144,1
2623,ENSG00000102145,0
9623,ENSG00000213231,0
83481,ENSG00000261150,1
135656,ENSG00000168631,0
64848,ENSG00000047188,0
126695,ENSG00000175707,0
8605,ENSG00000105499,0
645027,ENSG00000214860,0
197370,ENSG00000169189,1
7728,ENSG00000105497,0
4597,ENSG00000167508,1
100287284,ENSG00000205693,0
946,ENSG00000105492,0
54708,ENSG00000198060,1
6717,ENSG00000075142,0
55706,ENSG00000058804,0
57733,ENSG00000249948,0
85417,ENSG00000147082,0
83899,ENSG00000262573,0
400793,ENSG00000239887,0
4317,ENSG00000118113,0
51454,ENSG00000144366,0
27301,ENSG00000169188,0
374739,ENSG00000159648,0
285195,ENSG00000181804,0
4154,ENSG00000152601,1
6240,ENSG00000167325,1
140947,ENSG00000251380,0
55184,ENSG00000089091,0
23295,ENSG00000102858,0
10232,ENSG00000102854,0
9530,ENSG00000156735,0
26330,ENSG00000105679,0
114987,ENSG00000148225,0
116984,ENSG00000047365,0
51306,ENSG00000031003,0
54555,ENSG00000105671,1
2116,ENSG00000105672,0
495,ENSG00000105675,0
116113,ENSG00000137166,0
10430,ENSG00000105677,0
93436,ENSG00000105676,0
84627,ENSG00000225614,0
221981,ENSG00000005108,0
729355,ENSG00000261509,0
8431,ENSG00000131910,0
27158,ENSG00000188566,1
79727,ENSG00000131914,0
7278,ENSG00000198033,0
120776,ENSG00000166368,0
1020,ENSG00000164885,0
8341,ENSG00000233822,0
388551,ENSG00000213892,0
57529,ENSG00000243978,0
10974,ENSG00000148671,0
51008,ENSG00000138303,0
160897,ENSG00000152749,0
9063,ENSG00000078043,0
23047,ENSG00000083642,0
168374,ENSG00000146757,0
1263,ENSG00000173846,0
135892,ENSG00000146755,0
57463,ENSG00000181754,0
10376,ENSG00000123416,1
2580,ENSG00000178950,1
7284,ENSG00000178952,1
285521,ENSG00000163626,0
1040,ENSG00000163624,0
23001,ENSG00000163625,0
374659,ENSG00000184508,0
4825,ENSG00000163623,0
6258,ENSG00000143171,0
151050,ENSG00000144445,0
154141,ENSG00000172197,0
115207,ENSG00000178695,0
54107,ENSG00000148229,0
3491,ENSG00000142871,0
5567,ENSG00000142875,0
116039,ENSG00000164920,0
28444,ENSG00000211947,0
25829,ENSG00000198792,0
112937,ENSG00000166105,0
170689,ENSG00000166106,0
400451,ENSG00000185442,0
54885,ENSG00000133138,0
2108,ENSG00000140374,0
4969,ENSG00000106809,0
727,ENSG00000106804,0
10952,ENSG00000106803,0
25941,ENSG00000134779,0
9784,ENSG00000115234,0
25843,ENSG00000115540,0
80212,ENSG00000119242,0
3676,ENSG00000115232,0
10213,ENSG00000115233,1
55818,ENSG00000115548,0
27094,ENSG00000171121,0
51130,ENSG00000115239,0
3597,ENSG00000131724,0
150221,ENSG00000183246,0
4862,ENSG00000170485,0
7036,ENSG00000106327,0
54875,ENSG00000044459,0
4103,ENSG00000147381,0
51287,ENSG00000181924,0
100272147,ENSG00000182712,0
58190,ENSG00000144579,0
4101,ENSG00000268606,0
8394,ENSG00000143398,0
284498,ENSG00000215910,0
51517,ENSG00000213672,0
83990,ENSG00000136492,0
79665,ENSG00000108406,0
55183,ENSG00000080345,0
30849,ENSG00000196455,0
51761,ENSG00000132932,0
6035,ENSG00000129538,0
60558,ENSG00000151806,0
84519,ENSG00000111644,0
4901,ENSG00000129535,0
2189,ENSG00000221829,0
28447,ENSG00000211944,0
832,ENSG00000077549,1
6480,ENSG00000073849,0
26528,ENSG00000071626,0
2923,ENSG00000167004,0
8999,ENSG00000138769,0
1116,ENSG00000133048,0
642489,ENSG00000198225,0
56931,ENSG00000141994,0
201799,ENSG00000170006,0
950,ENSG00000138760,0
246175,ENSG00000138767,0
901,ENSG00000138764,0
92359,ENSG00000130545,0
79230,ENSG00000130544,0
1107,ENSG00000170004,0
25830,ENSG00000130540,0
7832,ENSG00000159388,0
5993,ENSG00000143390,0
80336,ENSG00000101104,0
10319,ENSG00000050555,0
728096,ENSG00000236371,0
440567,ENSG00000233954,1
1678,ENSG00000126953,0
3636,ENSG00000165458,0
158158,ENSG00000165105,0
9394,ENSG00000136720,0
93661,ENSG00000177938,0
11104,ENSG00000186625,0
138050,ENSG00000165102,0
9218,ENSG00000101558,0
91694,ENSG00000154359,0
56920,ENSG00000010319,0
51533,ENSG00000010318,0
6397,ENSG00000129657,0
84287,ENSG00000171307,0
9837,ENSG00000101003,1
10544,ENSG00000101000,0
2696,ENSG00000010310,0
5478,ENSG00000196262,0
22981,ENSG00000101004,0
26689,ENSG00000141194,0
2852,ENSG00000164850,0
4780,ENSG00000116044,0
84909,ENSG00000148120,0
404550,ENSG00000154102,0
84859,ENSG00000186001,0
10848,ENSG00000104881,0
83667,ENSG00000285069,0
4114,ENSG00000198798,0
23596,ENSG00000054277,0
5286,ENSG00000011405,0
83637,ENSG00000122515,0
27293,ENSG00000130768,0
54996,ENSG00000117791,0
411,ENSG00000113273,0
79666,ENSG00000175895,0
2017,ENSG00000288401,0
3563,ENSG00000185291,0
5507,ENSG00000119938,0
344901,ENSG00000188729,0
51604,ENSG00000124155,0
54505,ENSG00000067248,0
285440,ENSG00000145476,0
2068,ENSG00000104884,1
4087,ENSG00000175387,0
133022,ENSG00000174599,0
57798,ENSG00000157259,0
9860,ENSG00000198799,0
6407,ENSG00000124157,0
221061,ENSG00000148468,0
100526664,ENSG00000248672,0
953,ENSG00000138185,0
161835,ENSG00000150667,0
8214,ENSG00000183628,0
9585,ENSG00000138182,0
646962,ENSG00000196196,0
9034,ENSG00000121797,0
8785,ENSG00000124159,0
9586,ENSG00000146592,0
100131378,ENSG00000205177,0
10385,ENSG00000124508,0
9813,ENSG00000159658,0
55908,ENSG00000130173,0
64121,ENSG00000116954,0
338662,ENSG00000181518,0
152065,ENSG00000180697,0
51253,ENSG00000116221,1
154150,ENSG00000112273,0
1969,ENSG00000142627,0
389541,ENSG00000188186,1
285343,ENSG00000179152,0
9827,ENSG00000107185,0
79571,ENSG00000179562,0
8022,ENSG00000107187,0
8777,ENSG00000107186,0
8881,ENSG00000130177,1
57549,ENSG00000085552,0
51573,ENSG00000006007,0
10298,ENSG00000130669,0
25923,ENSG00000184743,0
29943,ENSG00000281459,0
5589,ENSG00000130175,0
24140,ENSG00000068438,0
6609,ENSG00000166311,0
642968,ENSG00000196990,0
100507607,ENSG00000196993,0
11152,ENSG00000196998,0
55359,ENSG00000060140,0
3360,ENSG00000164270,0
23430,ENSG00000095917,0
6942,ENSG00000100207,0
11144,ENSG00000100206,0
9497,ENSG00000033867,0
10521,ENSG00000100201,0
389124,ENSG00000214681,0
10469,ENSG00000104980,1
541578,ENSG00000197021,0
729440,ENSG00000104983,0
5360,ENSG00000100979,0
6101,ENSG00000104237,0
150274,ENSG00000100209,1
57478,ENSG00000103404,0
22943,ENSG00000107984,0
3698,ENSG00000151655,0
203102,ENSG00000197140,0
391114,ENSG00000203757,0
27287,ENSG00000151650,0
101,ENSG00000151651,0
79694,ENSG00000172469,0
727905,ENSG00000276581,1
23132,ENSG00000164080,0
51320,ENSG00000176624,0
23491,ENSG00000172828,0
140775,ENSG00000283741,0
100287045,ENSG00000229924,0
11146,ENSG00000174842,0
25934,ENSG00000136783,0
143425,ENSG00000170743,0
7916,ENSG00000206427,0
3790,ENSG00000170745,0
201625,ENSG00000174844,0
126017,ENSG00000198346,0
139378,ENSG00000156920,0
29802,ENSG00000128218,0
7547,ENSG00000156925,0
205147,ENSG00000178171,0
5127,ENSG00000102225,0
115416,ENSG00000156928,0
5683,ENSG00000106588,1
9037,ENSG00000112902,0
51314,ENSG00000086288,0
8993,ENSG00000008438,0
1026,ENSG00000124762,0
55657,ENSG00000171163,0
118812,ENSG00000171160,0
79894,ENSG00000171161,0
6659,ENSG00000124766,0
2739,ENSG00000124767,0
283209,ENSG00000165434,0
55867,ENSG00000168065,0
132160,ENSG00000164088,0
149708,ENSG00000175121,0
30012,ENSG00000164438,0
9312,ENSG00000182674,0
81127,ENSG00000169488,0
79541,ENSG00000180658,0
9619,ENSG00000160179,0
170960,ENSG00000182903,0
122740,ENSG00000169484,0
5108,ENSG00000078674,1
7536,ENSG00000168066,1
85407,ENSG00000140807,0
389376,ENSG00000206465,0
80741,ENSG00000226404,0
6000,ENSG00000182901,0
253175,ENSG00000172352,0
138639,ENSG00000158079,0
140628,ENSG00000130700,0
7267,ENSG00000182670,0
80739,ENSG00000204420,0
284353,ENSG00000179846,0
7920,ENSG00000236063,0
259215,ENSG00000240957,0
2149,ENSG00000181104,0
84926,ENSG00000167778,0
3489,ENSG00000167779,0
199223,ENSG00000168026,0
5586,ENSG00000065243,0
3502,ENSG00000211897,0
283248,ENSG00000167771,0
51129,ENSG00000167772,0
51293,ENSG00000167775,0
84933,ENSG00000189376,0
25885,ENSG00000068654,1
5954,ENSG00000049449,0
28586,ENSG00000211716,0
28585,ENSG00000211717,0
28595,ENSG00000211714,0
83987,ENSG00000169515,0
28603,ENSG00000211713,0
60,ENSG00000075624,1
727837,ENSG00000268447,0
785,ENSG00000182389,0
94086,ENSG00000260325,0
5986,ENSG00000169733,0
55616,ENSG00000282854,0
22803,ENSG00000088930,1
7161,ENSG00000078900,0
54472,ENSG00000291426,0
497661,ENSG00000177576,0
9332,ENSG00000177575,0
401474,ENSG00000177570,0
375341,ENSG00000188315,0
57523,ENSG00000205978,0
2066,ENSG00000178568,0
8842,ENSG00000007062,0
64429,ENSG00000023041,0
154043,ENSG00000153721,0
648,ENSG00000168283,0
4247,ENSG00000168282,0
10156,ENSG00000105808,0
57215,ENSG00000168286,0
146712,ENSG00000175711,0
5533,ENSG00000120910,0
64236,ENSG00000120913,0
387712,ENSG00000188316,0
2053,ENSG00000120915,0
256643,ENSG00000173681,0
139422,ENSG00000177689,0
9413,ENSG00000135063,0
84436,ENSG00000167555,0
127062,ENSG00000228198,0
933,ENSG00000012124,0
29968,ENSG00000135069,0
2319,ENSG00000132589,0
1607,ENSG00000136267,0
3356,ENSG00000102468,0
80143,ENSG00000052723,0
6388,ENSG00000132581,0
2259,ENSG00000102466,0
51438,ENSG00000046774,0
83650,ENSG00000285084,0
400581,ENSG00000189152,0
146378,ENSG00000167194,0
653641,ENSG00000167195,0
26263,ENSG00000167196,0
199,ENSG00000204472,0
51704,ENSG00000167191,0
1398,ENSG00000167193,0
133,ENSG00000148926,0
25824,ENSG00000126432,0
84280,ENSG00000148925,0
2738,ENSG00000250571,0
400566,ENSG00000283985,0
100141515,ENSG00000187997,0
2932,ENSG00000082701,0
400966,ENSG00000187627,0
116983,ENSG00000131584,0
8473,ENSG00000147162,1
290,ENSG00000166825,0
158835,ENSG00000147160,0
57863,ENSG00000162706,0
26548,ENSG00000147166,0
7006,ENSG00000135605,0
8676,ENSG00000135604,0
127602,ENSG00000185842,0
5361,ENSG00000114554,0
59283,ENSG00000142408,0
91461,ENSG00000162878,0
6340,ENSG00000166828,0
9188,ENSG00000165732,1
9790,ENSG00000165733,1
50649,ENSG00000136002,0
23479,ENSG00000136003,1
871,ENSG00000149257,0
26011,ENSG00000149256,0
2113,ENSG00000134954,0
5510,ENSG00000115685,0
23178,ENSG00000115687,0
11047,ENSG00000130706,0
51703,ENSG00000197142,0
7456,ENSG00000115935,0
79363,ENSG00000132881,0
5866,ENSG00000167994,0
84283,ENSG00000163472,0
115024,ENSG00000141698,0
10681,ENSG00000069966,0
6746,ENSG00000163479,0
89858,ENSG00000254521,0
10609,ENSG00000141696,0
8445,ENSG00000127334,0
4501,ENSG00000187193,0
8089,ENSG00000127337,0
79366,ENSG00000198157,0
5300,ENSG00000127445,0
54460,ENSG00000266472,1
26525,ENSG00000136695,0
2235,ENSG00000066926,0
811,ENSG00000179218,0
7258,ENSG00000258992,0
10734,ENSG00000066923,0
8832,ENSG00000066294,0
55259,ENSG00000118307,0
344838,ENSG00000188582,0
4477,ENSG00000263639,0
25782,ENSG00000118873,0
23527,ENSG00000114331,0
64858,ENSG00000118655,0
4033,ENSG00000118308,0
1557,ENSG00000165841,0
115352,ENSG00000160856,0
388533,ENSG00000188508,0
919,ENSG00000198821,0
26046,ENSG00000198862,0
50485,ENSG00000138375,0
580,ENSG00000138376,0
729767,ENSG00000213822,0
9411,ENSG00000137962,0
319100,ENSG00000146383,0
6775,ENSG00000138378,0
2660,ENSG00000138379,0
100144748,ENSG00000283059,0
9125,ENSG00000144580,1
100130771,ENSG00000185055,0
57574,ENSG00000144583,0
1235,ENSG00000112486,0
91522,ENSG00000050767,0
79168,ENSG00000274148,0
3674,ENSG00000005961,0
221491,ENSG00000186577,0
219874,ENSG00000181499,0
4771,ENSG00000186575,0
131375,ENSG00000157093,0
23498,ENSG00000162882,0
5004,ENSG00000229314,0
245909,ENSG00000284937,0
115572,ENSG00000158246,0
85414,ENSG00000158715,0
54935,ENSG00000158716,0
2960,ENSG00000153767,1
8407,ENSG00000158710,0
2005,ENSG00000158711,0
331,ENSG00000101966,0
51602,ENSG00000055044,1
138240,ENSG00000204669,0
6985,ENSG00000211693,0
23508,ENSG00000133985,0
4750,ENSG00000137601,0
51241,ENSG00000133983,0
55237,ENSG00000133980,0
8533,ENSG00000141030,1
254042,ENSG00000172878,0
153222,ENSG00000164463,0
285761,ENSG00000164465,0
116832,ENSG00000163923,0
10490,ENSG00000100568,0
94081,ENSG00000164466,0
3775,ENSG00000135750,0
5684,ENSG00000100567,1
5283,ENSG00000100564,0
145497,ENSG00000100565,0
50859,ENSG00000196104,0
219858,ENSG00000170953,0
8324,ENSG00000155760,0
51143,ENSG00000144635,0
11046,ENSG00000130958,0
3043,ENSG00000244734,0
6635,ENSG00000182004,1
54754,ENSG00000130950,0
56903,ENSG00000218823,0
5462,ENSG00000212993,0
64897,ENSG00000157895,0
283471,ENSG00000186452,0
22927,ENSG00000130956,0
8789,ENSG00000130957,0
1859,ENSG00000157540,1
129303,ENSG00000168890,0
3763,ENSG00000157542,0
387885,ENSG00000186710,0
63935,ENSG00000100982,0
51622,ENSG00000122674,0
493860,ENSG00000186714,0
4660,ENSG00000077157,0
27434,ENSG00000122678,0
10268,ENSG00000122679,0
29089,ENSG00000077152,0
100526842,ENSG00000215472,0
4791,ENSG00000077150,0
158584,ENSG00000165591,0
386685,ENSG00000189169,0
55536,ENSG00000164649,0
6970,ENSG00000211691,0
2703,ENSG00000121634,0
219557,ENSG00000164645,0
51255,ENSG00000168894,0
28962,ENSG00000081087,0
128308,ENSG00000162910,0
643812,ENSG00000206107,0
100288287,ENSG00000206106,0
100151643,ENSG00000206105,0
7032,ENSG00000160181,0
728299,ENSG00000206102,0
100507588,ENSG00000260001,0
81603,ENSG00000171206,0
9947,ENSG00000155495,0
23405,ENSG00000100697,0
647589,ENSG00000227059,0
8390,ENSG00000183024,0
1180,ENSG00000188037,0
222229,ENSG00000161036,0
114770,ENSG00000161031,0
84874,ENSG00000144026,0
9545,ENSG00000105514,0
8790,ENSG00000254685,0
353514,ENSG00000274113,0
100132476,ENSG00000240871,0
171023,ENSG00000171456,0
165140,ENSG00000162881,0
89765,ENSG00000160188,0
846,ENSG00000036828,0
8972,ENSG00000282607,0
399949,ENSG00000183644,0
115939,ENSG00000007520,0
79042,ENSG00000274129,0
6421,ENSG00000116560,1
130075,ENSG00000258083,0
147968,ENSG00000292260,0
23265,ENSG00000182473,0
7259,ENSG00000189241,0
81616,ENSG00000130377,0
51067,ENSG00000139131,1
4707,ENSG00000183648,0
84920,ENSG00000139133,0
121512,ENSG00000139132,0
100129792,ENSG00000198865,0
9652,ENSG00000198677,0
26033,ENSG00000107518,0
2941,ENSG00000170899,0
339105,ENSG00000151006,0
8776,ENSG00000063601,0
4851,ENSG00000148400,0
100037417,ENSG00000099974,0
114898,ENSG00000145861,0
5646,ENSG00000010438,0
1652,ENSG00000275003,0
10750,ENSG00000154016,0
27109,ENSG00000125375,0
3784,ENSG00000282076,0
23127,ENSG00000198756,0
6983,ENSG00000211695,0
91603,ENSG00000198783,1
4698,ENSG00000128609,0
26049,ENSG00000198780,0
113622,ENSG00000153531,0
4540,ENSG00000198786,0
4583,ENSG00000293532,0
54545,ENSG00000150712,0
388585,ENSG00000273529,0
80174,ENSG00000161692,0
54870,ENSG00000198218,0
400830,ENSG00000186458,0
206412,ENSG00000203872,0
9294,ENSG00000267534,0
84656,ENSG00000140632,0
10552,ENSG00000241685,0
22893,ENSG00000140320,0
3609,ENSG00000129351,1
83744,ENSG00000127081,0
10053,ENSG00000129354,0
1032,ENSG00000129355,0
146059,ENSG00000140326,0
1029,ENSG00000147889,0
114787,ENSG00000169258,0
6331,ENSG00000183873,0
80014,ENSG00000151718,0
3933,ENSG00000160349,0
340075,ENSG00000183876,0
57403,ENSG00000124209,0
387522,ENSG00000124208,1
2967,ENSG00000111358,1
1589,ENSG00000232414,0
56547,ENSG00000167346,0
57169,ENSG00000124201,0
221527,ENSG00000206366,0
128611,ENSG00000124203,0
170626,ENSG00000171402,0
1908,ENSG00000124205,0
1434,ENSG00000124207,1
3663,ENSG00000128604,0
100130827,ENSG00000231274,0
3750,ENSG00000292214,0
11262,ENSG00000079263,0
51700,ENSG00000166394,0
26279,ENSG00000117215,0
23017,ENSG00000135472,0
10234,ENSG00000128606,0
10256,ENSG00000142675,0
55100,ENSG00000082068,1
58985,ENSG00000142677,0
146722,ENSG00000186074,0
8710,ENSG00000166396,0
127,ENSG00000198099,0
387263,ENSG00000185127,0
1016,ENSG00000145526,0
6376,ENSG00000006210,0
4943,ENSG00000068354,0
6871,ENSG00000276234,0
5604,ENSG00000169032,0
999,ENSG00000039068,0
6369,ENSG00000106178,0
8387,ENSG00000180016,0
7366,ENSG00000196620,0
84960,ENSG00000213213,0
26211,ENSG00000284866,0
6901,ENSG00000102125,1
124626,ENSG00000186075,0
57649,ENSG00000109118,0
729475,ENSG00000214842,0
6320,ENSG00000105472,0
26286,ENSG00000242247,0
51654,ENSG00000101391,0
93233,ENSG00000105479,0
6531,ENSG00000276996,0
255725,ENSG00000255307,0
124842,ENSG00000181291,0
1288,ENSG00000197565,0
441525,ENSG00000189326,0
81871,ENSG00000198090,0
3151,ENSG00000198830,0
133686,ENSG00000152620,0
5253,ENSG00000197724,0
222194,ENSG00000187257,0
8985,ENSG00000106397,0
84451,ENSG00000143674,0
56913,ENSG00000106392,0
8717,ENSG00000102871,0
25917,ENSG00000134077,0
120103,ENSG00000180773,0
5778,ENSG00000143851,0
143,ENSG00000102699,0
8536,ENSG00000134072,0
3299,ENSG00000102878,0
11151,ENSG00000102879,0
1777,ENSG00000105612,0
10661,ENSG00000105610,0
79165,ENSG00000276959,0
22881,ENSG00000135299,0
7546,ENSG00000043355,0
5896,ENSG00000166349,0
8379,ENSG00000002822,0
1528,ENSG00000166347,0
29844,ENSG00000276504,0
26121,ENSG00000277953,1
55145,ENSG00000131931,0
51534,ENSG00000009844,0
1200,ENSG00000166340,0
84675,ENSG00000147573,0
3291,ENSG00000176387,0
246184,ENSG00000176386,1
11060,ENSG00000198373,0
79369,ENSG00000176383,0
285800,ENSG00000176381,0
375387,ENSG00000174004,0
866,ENSG00000277405,0
5837,ENSG00000068976,0
5526,ENSG00000068971,0
55284,ENSG00000104343,0
158427,ENSG00000136925,0
222255,ENSG00000146776,0
91392,ENSG00000196653,0
55030,ENSG00000178974,0
55353,ENSG00000104341,0
26872,ENSG00000164647,0
23211,ENSG00000130749,1
55363,ENSG00000136929,0
9568,ENSG00000136928,0
643311,ENSG00000236446,0
9669,ENSG00000158417,1
26292,ENSG00000214114,0
8749,ENSG00000278548,0
84684,ENSG00000168348,0
121274,ENSG00000167528,0
3050,ENSG00000130656,0
349565,ENSG00000163864,0
136853,ENSG00000146700,0
113444,ENSG00000163866,0
9204,ENSG00000163867,0
152926,ENSG00000163644,0
131831,ENSG00000163645,0
7401,ENSG00000163646,0
253980,ENSG00000174943,0
51762,ENSG00000166128,0
10026,ENSG00000142892,0
606495,ENSG00000215883,0
84706,ENSG00000166123,0
338707,ENSG00000182272,0
729974,ENSG00000229292,0
81693,ENSG00000166126,0
340419,ENSG00000147655,0
129531,ENSG00000158411,0
27077,ENSG00000108641,0
9166,ENSG00000147654,0
4217,ENSG00000197442,0
91750,ENSG00000205659,1
415,ENSG00000157399,0
337969,ENSG00000186965,0
337971,ENSG00000186967,0
7091,ENSG00000106829,0
80270,ENSG00000099377,0
7592,ENSG00000147124,0
7480,ENSG00000169884,0
115817,ENSG00000157379,0
29959,ENSG00000115216,1
54539,ENSG00000147123,0
1842,ENSG00000291357,0
80235,ENSG00000119227,0
8364,ENSG00000197061,0
5229,ENSG00000164219,1
28977,ENSG00000198015,1
51177,ENSG00000023902,0
79841,ENSG00000285501,0
3890,ENSG00000161849,0
2730,ENSG00000023909,0
400954,ENSG00000214595,0
197131,ENSG00000159459,0
28626,ENSG00000211767,0
92129,ENSG00000147223,0
10811,ENSG00000188747,0
389558,ENSG00000189320,0
23387,ENSG00000160584,0
222166,ENSG00000180354,0
4591,ENSG00000108395,0
9787,ENSG00000126787,0
80279,ENSG00000108465,0
57381,ENSG00000126785,0
51164,ENSG00000132912,1
90167,ENSG00000165694,0
9400,ENSG00000108469,0
10951,ENSG00000108468,0
30009,ENSG00000073861,0
24137,ENSG00000090889,0
58533,ENSG00000129515,0
90226,ENSG00000145040,0
9730,ENSG00000145041,0
55289,ENSG00000153093,0
160777,ENSG00000183273,0
55837,ENSG00000129518,0
7780,ENSG00000158014,0
254428,ENSG00000133065,0
55198,ENSG00000136044,0
59352,ENSG00000133067,0
25953,ENSG00000127838,0
7222,ENSG00000138741,0
100008586,ENSG00000236362,0
1118,ENSG00000133063,0
11137,ENSG00000136045,1
23304,ENSG00000024048,0
7429,ENSG00000127831,0
3480,ENSG00000140443,0
14,ENSG00000127837,1
8388,ENSG00000127780,0
4236,ENSG00000140259,1
6295,ENSG00000130561,0
10422,ENSG00000130560,0
65991,ENSG00000165775,0
55647,ENSG00000139832,0
11107,ENSG00000138738,0
3728,ENSG00000173801,0
26267,ENSG00000147912,0
9001,ENSG00000173805,0
143686,ENSG00000149212,0
254783,ENSG00000197706,0
220296,ENSG00000165478,0
150696,ENSG00000155066,0
130749,ENSG00000144410,0
4733,ENSG00000185721,0
6872,ENSG00000147133,1
4153,ENSG00000165471,0
3665,ENSG00000185507,0
3483,ENSG00000099769,0
81533,ENSG00000129636,0
29998,ENSG00000063169,0
9687,ENSG00000196208,0
284759,ENSG00000196209,0
81559,ENSG00000154370,0
3309,ENSG00000044574,1
64863,ENSG00000101574,0
387104,ENSG00000214338,0
1240,ENSG00000174600,0
255231,ENSG00000153898,0
79086,ENSG00000214046,0
7368,ENSG00000174607,0
11329,ENSG00000112079,0
222658,ENSG00000112078,0
81792,ENSG00000281690,0
79778,ENSG00000164877,0
168455,ENSG00000253276,0
6971,ENSG00000211692,0
761,ENSG00000164879,0
6005,ENSG00000112077,0
338675,ENSG00000172464,0
9338,ENSG00000172465,0
54443,ENSG00000011426,0
28434,ENSG00000211955,0
5329,ENSG00000011422,0
646498,ENSG00000236980,0
56130,ENSG00000291679,0
56129,ENSG00000113212,0
2694,ENSG00000134812,0
285242,ENSG00000186038,0
159296,ENSG00000119919,0
1635,ENSG00000129187,0
8001,ENSG00000145451,0
8895,ENSG00000085719,0
2323,ENSG00000090554,0
6975,ENSG00000119913,0
3416,ENSG00000119912,0
83401,ENSG00000119915,0
2563,ENSG00000187730,0
3437,ENSG00000119917,0
163051,ENSG00000242852,0
960,ENSG00000026508,0
728369,ENSG00000232264,0
23412,ENSG00000148444,0
125111,ENSG00000183153,0
202,ENSG00000112297,0
8544,ENSG00000087842,0
65217,ENSG00000150275,0
7915,ENSG00000112294,0
2822,ENSG00000112293,0
25802,ENSG00000163431,0
8936,ENSG00000112290,0
23654,ENSG00000196576,0
3574,ENSG00000104432,0
1325,ENSG00000241563,0
11075,ENSG00000104435,0
8876,ENSG00000112299,0
10939,ENSG00000141385,1
7306,ENSG00000107165,0
8939,ENSG00000107164,0
100113407,ENSG00000205269,0
1266,ENSG00000117519,0
114881,ENSG00000006025,0
6641,ENSG00000172164,0
7566,ENSG00000154957,0
338751,ENSG00000183313,0
84529,ENSG00000186073,1
90199,ENSG00000158901,0
345079,ENSG00000186212,0
23636,ENSG00000213024,1
205717,ENSG00000176542,0
81050,ENSG00000196578,0
81856,ENSG00000213020,0
26063,ENSG00000242612,0
56979,ENSG00000164256,0
8971,ENSG00000184897,0
92421,ENSG00000164695,0
55109,ENSG00000164252,0
55255,ENSG00000164253,0
2150,ENSG00000164251,0
1278,ENSG00000164692,0
64792,ENSG00000128581,0
4724,ENSG00000164258,0
4289,ENSG00000128585,0
9929,ENSG00000100221,0
51493,ENSG00000100220,1
22990,ENSG00000100731,0
136332,ENSG00000155530,0
25793,ENSG00000100225,0
8975,ENSG00000058056,0
535,ENSG00000033627,0
9609,ENSG00000100228,0
623,ENSG00000100739,0
84081,ENSG00000126653,0
1968,ENSG00000130741,1
7697,ENSG00000197008,0
7311,ENSG00000221983,1
6470,ENSG00000176974,0
94160,ENSG00000140798,0
8202,ENSG00000124151,0
80122,ENSG00000176601,0
387758,ENSG00000176971,0
5504,ENSG00000184203,1
79447,ENSG00000280789,0
83714,ENSG00000053702,0
91807,ENSG00000140795,0
166655,ENSG00000176979,0
117584,ENSG00000092871,0
2832,ENSG00000125522,0
56731,ENSG00000125520,0
28504,ENSG00000211925,0
7482,ENSG00000134245,0
128346,ENSG00000143110,0
5738,ENSG00000134247,0
3158,ENSG00000134240,0
91408,ENSG00000134717,0
26191,ENSG00000134242,0
6272,ENSG00000134243,0
963,ENSG00000143119,0
10542,ENSG00000134248,0
10460,ENSG00000013810,1
100129669,ENSG00000205442,0
745,ENSG00000124920,0
27091,ENSG00000075429,0
136263,ENSG00000165120,0
388324,ENSG00000196388,0
84520,ENSG00000170270,0
64778,ENSG00000075420,0
64090,ENSG00000276126,0
10484,ENSG00000100934,0
728568,ENSG00000204954,0
2355,ENSG00000075426,0
4898,ENSG00000078618,0
51110,ENSG00000147592,0
27433,ENSG00000160404,0
286207,ENSG00000160401,0
387601,ENSG00000196600,0
9182,ENSG00000198774,0
390437,ENSG00000291808,0
30815,ENSG00000160408,0
2011,ENSG00000072518,0
8449,ENSG00000231377,1
63978,ENSG00000147596,0
8399,ENSG00000276870,0
3316,ENSG00000170276,0
376940,ENSG00000188177,0
10626,ENSG00000221926,0
165186,ENSG00000189350,0
5928,ENSG00000162521,1
11012,ENSG00000167757,0
25818,ENSG00000167754,0
55793,ENSG00000143409,0
199777,ENSG00000188171,0
389941,ENSG00000165985,0
26085,ENSG00000167759,0
284371,ENSG00000197608,0
9462,ENSG00000075391,0
9228,ENSG00000198010,0
51283,ENSG00000103429,0
100529144,ENSG00000103426,0
28622,ENSG00000211771,0
28638,ENSG00000211772,0
9605,ENSG00000075399,0
9093,ENSG00000103423,1
654346,ENSG00000171916,0
5881,ENSG00000169750,0
339977,ENSG00000188993,0
145957,ENSG00000169752,0
28973,ENSG00000204568,1
3987,ENSG00000169756,0
123591,ENSG00000169758,0
126638,ENSG00000215853,0
55862,ENSG00000093144,0
4808,ENSG00000177551,0
1671,ENSG00000285136,0
79159,ENSG00000273899,1
115098,ENSG00000007080,0
133060,ENSG00000163982,0
29121,ENSG00000069493,0
80704,ENSG00000135917,0
493911,ENSG00000144362,0
80162,ENSG00000142102,0
388701,ENSG00000163263,0
9071,ENSG00000134873,0
253782,ENSG00000172292,0
6968,ENSG00000211690,0
56256,ENSG00000281230,0
57095,ENSG00000057757,0
11062,ENSG00000105865,0
55604,ENSG00000079691,0
60560,ENSG00000135040,0
7153,ENSG00000131747,1
1514,ENSG00000135047,0
301,ENSG00000135046,0
23287,ENSG00000135049,0
23670,ENSG00000135048,0
3339,ENSG00000142798,0
840,ENSG00000165806,0
255426,ENSG00000146090,0
145376,ENSG00000165807,0
79930,ENSG00000146094,0
144699,ENSG00000171823,0
64852,ENSG00000149016,1
1045,ENSG00000165556,0
10861,ENSG00000145217,0
81608,ENSG00000145216,1
10949,ENSG00000177733,0
1609,ENSG00000145214,0
18,ENSG00000183044,0
83871,ENSG00000109113,0
10242,ENSG00000197584,0
57528,ENSG00000183775,0
90639,ENSG00000240230,0
6714,ENSG00000197122,0
358,ENSG00000240583,0
1468,ENSG00000183048,0
57118,ENSG00000183049,0
10150,ENSG00000139793,0
28986,ENSG00000187601,0
57335,ENSG00000187607,0
140432,ENSG00000139797,0
200424,ENSG00000187605,0
81671,ENSG00000062716,1
10574,ENSG00000135624,1
9636,ENSG00000187608,0
54932,ENSG00000187609,0
163882,ENSG00000162852,0
4841,ENSG00000147140,0
10505,ENSG00000135622,0
63901,ENSG00000166801,0
257397,ENSG00000157625,0
9768,ENSG00000166803,0
6402,ENSG00000188404,0
4882,ENSG00000159899,0
347541,ENSG00000188408,0
391123,ENSG00000243284,0
246181,ENSG00000211454,0
94115,ENSG00000213030,0
60482,ENSG00000115665,0
221303,ENSG00000183807,0
284383,ENSG00000181733,0
8576,ENSG00000115661,0
151556,ENSG00000163328,0
159163,ENSG00000169800,0
29894,ENSG00000285049,1
8942,ENSG00000115919,0
84142,ENSG00000163322,0
3490,ENSG00000163453,0
8545,ENSG00000163320,0
58496,ENSG00000240053,0
56910,ENSG00000084090,0
5978,ENSG00000084093,0
84273,ENSG00000084092,0
10361,ENSG00000158806,0
50616,ENSG00000127318,0
22924,ENSG00000084764,0
579,ENSG00000109705,0
9403,ENSG00000183291,0
10874,ENSG00000109255,0
6510,ENSG00000105281,0
608,ENSG00000048462,0
92797,ENSG00000127311,0
124602,ENSG00000196169,0
3355,ENSG00000179097,0
219869,ENSG00000234560,0
199990,ENSG00000162585,0
127343,ENSG00000197587,0
51263,ENSG00000185414,0
9654,ENSG00000135912,0
1497,ENSG00000040531,0
55471,ENSG00000003509,0
55146,ENSG00000136247,0
3569,ENSG00000136244,0
22908,ENSG00000211456,1
11097,ENSG00000136243,0
11014,ENSG00000136240,0
339745,ENSG00000144228,0
58191,ENSG00000161921,0
51427,ENSG00000196247,0
339453,ENSG00000205090,0
2766,ENSG00000137198,0
57002,ENSG00000241127,1
316,ENSG00000138356,0
6364,ENSG00000115009,0
3552,ENSG00000115008,0
51075,ENSG00000213593,1
5292,ENSG00000137193,0
201176,ENSG00000276907,0
79744,ENSG00000105136,0
9265,ENSG00000008256,0
10994,ENSG00000105135,0
59067,ENSG00000138684,0
2247,ENSG00000138685,0
55212,ENSG00000138686,0
79852,ENSG00000105131,0
84162,ENSG00000138688,0
148738,ENSG00000168509,0
284415,ENSG00000276066,0
152586,ENSG00000205301,0
51398,ENSG00000105583,0
28627,ENSG00000211766,0
80757,ENSG00000184986,0
6643,ENSG00000205302,0
388115,ENSG00000188549,0
643853,ENSG00000188167,0
136306,ENSG00000157703,0
37,ENSG00000072778,0
157855,ENSG00000215262,0
84310,ENSG00000146540,0
55681,ENSG00000136021,0
10970,ENSG00000136026,0
3108,ENSG00000243189,0
4794,ENSG00000146232,0
51302,ENSG00000146233,0
1301,ENSG00000060718,0
6046,ENSG00000215077,0
79813,ENSG00000181090,0
54914,ENSG00000188352,0
134549,ENSG00000164403,0
4915,ENSG00000148053,0
2622,ENSG00000141013,0
2588,ENSG00000141012,0
414328,ENSG00000148057,0
84250,ENSG00000133302,0
2661,ENSG00000164404,0
150771,ENSG00000198885,0
4538,ENSG00000198886,0
23137,ENSG00000198887,1
80063,ENSG00000166669,0
114824,ENSG00000292194,0
89832,ENSG00000275917,0
5916,ENSG00000172819,0
51199,ENSG00000100503,0
5836,ENSG00000100504,0
114088,ENSG00000100505,0
51363,ENSG00000182022,0
57128,ENSG00000214113,0
1415,ENSG00000244752,0
222537,ENSG00000249853,0
10443,ENSG00000244754,0
7189,ENSG00000175104,0
2550,ENSG00000237112,0
54890,ENSG00000091542,0
758,ENSG00000186732,0
414189,ENSG00000204149,0
259217,ENSG00000165868,0
729528,ENSG00000204481,0
143379,ENSG00000165863,0
53349,ENSG00000165861,0
80856,ENSG00000144320,0
7940,ENSG00000223465,0
653308,ENSG00000204147,0
59286,ENSG00000198258,1
79897,ENSG00000241779,1
152573,ENSG00000178343,0
26251,ENSG00000178342,0
282996,ENSG00000203867,0
645369,ENSG00000206432,0
6982,ENSG00000211696,0
136647,ENSG00000168303,0
728047,ENSG00000206127,0
340120,ENSG00000189127,0
2023,ENSG00000074800,1
6557,ENSG00000074803,0
201158,ENSG00000175106,0
57531,ENSG00000085382,0
79600,ENSG00000204852,0
219287,ENSG00000165566,0
9551,ENSG00000241468,0
653437,ENSG00000185176,0
79868,ENSG00000101901,0
10225,ENSG00000153283,0
51236,ENSG00000235173,0
28956,ENSG00000116586,1
9181,ENSG00000116584,0
400720,ENSG00000197128,0
54856,ENSG00000116580,1
1465,ENSG00000159176,0
6788,ENSG00000104375,0
7135,ENSG00000159173,0
27121,ENSG00000104371,0
65986,ENSG00000205189,0
55532,ENSG00000196660,0
404093,ENSG00000180891,0
8225,ENSG00000292358,0
284391,ENSG00000223547,0
1509,ENSG00000117984,0
91319,ENSG00000099958,0
64927,ENSG00000103852,0
8100,ENSG00000032742,0
4320,ENSG00000099953,0
5926,ENSG00000032219,0
6598,ENSG00000099956,1
9127,ENSG00000099957,0
27443,ENSG00000099954,0
29906,ENSG00000101638,0
4311,ENSG00000196549,0
5055,ENSG00000197632,0
165679,ENSG00000196542,0
7201,ENSG00000174417,0
123606,ENSG00000288478,0
4122,ENSG00000196547,0
57495,ENSG00000174145,0
54785,ENSG00000196544,0
144245,ENSG00000175548,0
170591,ENSG00000171643,0
440738,ENSG00000197769,0
2110,ENSG00000171503,0
284307,ENSG00000171649,0
84569,ENSG00000120563,0
1915,ENSG00000156508,1
24147,ENSG00000179431,0
10324,ENSG00000239474,0
6897,ENSG00000113407,1
8690,ENSG00000183340,0
57579,ENSG00000082269,0
283871,ENSG00000184207,0
11238,ENSG00000169239,0
93081,ENSG00000151287,0
56649,ENSG00000137648,0
5373,ENSG00000140650,0
841,ENSG00000064012,0
7059,ENSG00000169231,0
27166,ENSG00000169230,1
2958,ENSG00000140307,1
26086,ENSG00000160360,0
1233,ENSG00000183813,0
9962,ENSG00000089057,0
60626,ENSG00000177963,0
51433,ENSG00000089053,1
10741,ENSG00000089050,0
6832,ENSG00000156502,1
65989,ENSG00000171462,0
4109,ENSG00000124260,0
51667,ENSG00000013374,0
5238,ENSG00000013375,1
10384,ENSG00000111801,0
221443,ENSG00000124596,0
433,ENSG00000161944,0
93134,ENSG00000171469,0
3975,ENSG00000274577,0
255877,ENSG00000161940,0
6302,ENSG00000135452,0
51284,ENSG00000196664,0
4887,ENSG00000185149,0
55683,ENSG00000114982,1
6978,ENSG00000211697,0
7024,ENSG00000135457,0
2583,ENSG00000135454,0
5195,ENSG00000142655,0
6976,ENSG00000211699,0
4537,ENSG00000198840,0
346007,ENSG00000188107,0
64064,ENSG00000198754,0
6653,ENSG00000137642,0
9022,ENSG00000169583,0
4736,ENSG00000198755,1
5104,ENSG00000188488,0
7852,ENSG00000121966,0
79501,ENSG00000186092,0
79712,ENSG00000121964,0
149076,ENSG00000160094,0
65987,ENSG00000151364,0
252995,ENSG00000160097,0
3681,ENSG00000156886,0
10084,ENSG00000292208,0
7355,ENSG00000102100,0
165,ENSG00000106624,0
347475,ENSG00000203952,0
6247,ENSG00000102104,0
57130,ENSG00000105726,0
27344,ENSG00000102109,0
114902,ENSG00000223953,0
5425,ENSG00000106628,1
8929,ENSG00000109132,0
55161,ENSG00000109133,0
9578,ENSG00000198752,0
2931,ENSG00000105723,0
9168,ENSG00000034510,0
5660,ENSG00000197746,0
314,ENSG00000131480,0
79023,ENSG00000075188,0
9325,ENSG00000103671,0
84617,ENSG00000176014,0
285051,ENSG00000239605,0
85458,ENSG00000150764,0
728458,ENSG00000166160,0
6785,ENSG00000118402,0
63915,ENSG00000188428,0
144608,ENSG00000182993,0
84817,ENSG00000129235,0
27145,ENSG00000118407,0
4285,ENSG00000027001,1
152816,ENSG00000174792,0
23171,ENSG00000152642,0
120892,ENSG00000188906,0
79574,ENSG00000198758,0
6281,ENSG00000197747,0
6815,ENSG00000198252,0
10612,ENSG00000110171,0
26973,ENSG00000285023,1
25975,ENSG00000198759,0
1022,ENSG00000134058,1
284252,ENSG00000134504,0
51093,ENSG00000143303,0
10130,ENSG00000143870,0
6786,ENSG00000167323,0
51097,ENSG00000143653,0
3127,ENSG00000198502,0
256356,ENSG00000175066,0
388,ENSG00000143878,0
891,ENSG00000134057,0
92259,ENSG00000134056,0
22,ENSG00000131269,1
55619,ENSG00000135905,0
65080,ENSG00000135900,1
1144,ENSG00000135902,0
5077,ENSG00000135903,0
51463,ENSG00000117262,0
9647,ENSG00000100034,0
51132,ENSG00000131263,0
160140,ENSG00000166323,0
1046,ENSG00000131264,0
54765,ENSG00000166326,0
347732,ENSG00000152705,0
51321,ENSG00000196704,0
79039,ENSG00000123064,1
51128,ENSG00000152700,0
23389,ENSG00000123066,1
135941,ENSG00000284891,0
79175,ENSG00000088876,0
147409,ENSG00000175065,0
124590,ENSG00000182040,0
134187,ENSG00000248483,0
51524,ENSG00000149483,0
22889,ENSG00000132680,0
480,ENSG00000132681,0
442444,ENSG00000198173,0
404552,ENSG00000197745,0
3992,ENSG00000149485,0
4302,ENSG00000275023,0
8818,ENSG00000136908,0
10763,ENSG00000132688,0
201140,ENSG00000184544,0
23612,ENSG00000174307,0
285346,ENSG00000281626,0
375449,ENSG00000069020,0
57018,ENSG00000163660,0
5806,ENSG00000163661,0
8820,ENSG00000163666,0
64219,ENSG00000181191,0
4129,ENSG00000069535,0
2155,ENSG00000057593,0
416,ENSG00000062096,0
4515,ENSG00000214827,0
7707,ENSG00000163848,0
57473,ENSG00000196700,0
23336,ENSG00000182253,0
389073,ENSG00000188674,0
2567,ENSG00000182256,0
2257,ENSG00000114279,0
55036,ENSG00000141519,0
56475,ENSG00000177519,0
501,ENSG00000164904,0
642636,ENSG00000244588,0
728378,ENSG00000196604,0
1294,ENSG00000114270,0
64757,ENSG00000186205,0
10773,ENSG00000186130,0
64149,ENSG00000108666,0
9267,ENSG00000108669,0
79716,ENSG00000215440,0
80224,ENSG00000151413,0
654790,ENSG00000248485,0
254910,ENSG00000186207,0
80173,ENSG00000096872,0
56896,ENSG00000157851,0
51692,ENSG00000119203,1
25801,ENSG00000115271,0
7079,ENSG00000157150,0
83444,ENSG00000115274,0
7841,ENSG00000115275,0
253639,ENSG00000177842,0
114897,ENSG00000173918,0
3718,ENSG00000105639,0
84619,ENSG00000197114,0
51322,ENSG00000095787,0
4717,ENSG00000109390,0
23335,ENSG00000091157,1
6198,ENSG00000108443,0
10495,ENSG00000165675,0
84332,ENSG00000133665,0
64324,ENSG00000165671,0
197320,ENSG00000170100,0
285643,ENSG00000226650,0
57804,ENSG00000175482,0
9175,ENSG00000073803,0
120425,ENSG00000160593,0
27069,ENSG00000165678,0
275,ENSG00000145020,0
23403,ENSG00000177051,0
6988,ENSG00000145022,0
54503,ENSG00000177054,0
1601,ENSG00000153071,0
151295,ENSG00000213901,0
153129,ENSG00000177058,0
84276,ENSG00000145029,0
7001,ENSG00000167815,0
53343,ENSG00000170502,0
2262,ENSG00000179399,0
2009,ENSG00000066629,0
253725,ENSG00000172661,0
284418,ENSG00000180043,0
80194,ENSG00000172663,0
401097,ENSG00000180044,0
257044,ENSG00000179397,0
64393,ENSG00000172667,0
54811,ENSG00000171466,0
27019,ENSG00000122735,0
23349,ENSG00000122733,0
11079,ENSG00000157916,0
4485,ENSG00000173531,0
8793,ENSG00000173530,0
79660,ENSG00000285343,0
721,ENSG00000224389,0
130916,ENSG00000122085,1
388335,ENSG00000187824,0
51099,ENSG00000011198,0
84326,ENSG00000130731,0
1073,ENSG00000165410,0
2957,ENSG00000165417,1
10910,ENSG00000165416,0
78992,ENSG00000130733,0
119016,ENSG00000188234,0
1129,ENSG00000181072,0
387521,ENSG00000240849,0
9901,ENSG00000196220,0
284433,ENSG00000172519,0
199974,ENSG00000186160,0
121549,ENSG00000187855,0
387266,ENSG00000291435,0
440307,ENSG00000213471,0
7398,ENSG00000162607,0
124152,ENSG00000174628,0
245938,ENSG00000178591,0
84433,ENSG00000198286,0
7072,ENSG00000116001,0
148003,ENSG00000249861,0
116369,ENSG00000112053,0
51449,ENSG00000116005,0
81794,ENSG00000142303,0
79933,ENSG00000166317,0
390154,ENSG00000291866,0
51750,ENSG00000258366,1
5511,ENSG00000117751,1
6887,ENSG00000186051,0
8622,ENSG00000284762,0
64224,ENSG00000122557,0
5033,ENSG00000122884,0
26586,ENSG00000136108,0
23673,ENSG00000117758,0
259173,ENSG00000178038,0
100130988,ENSG00000164500,0
6004,ENSG00000143333,0
2834,ENSG00000119973,0
26123,ENSG00000119977,0
9753,ENSG00000158691,0
404636,ENSG00000119979,0
346689,ENSG00000188883,0
57665,ENSG00000240857,0
119774,ENSG00000181963,0
4036,ENSG00000081479,0
774,ENSG00000148408,0
254427,ENSG00000148426,0
90522,ENSG00000167645,0
386678,ENSG00000243489,0
6183,ENSG00000283018,1
9712,ENSG00000148429,0
6016,ENSG00000143622,0
57408,ENSG00000144771,0
9694,ENSG00000104412,0
54845,ENSG00000104413,0
51094,ENSG00000159346,0
11339,ENSG00000104147,0
171177,ENSG00000104140,0
79065,ENSG00000198925,0
57617,ENSG00000104142,1
8840,ENSG00000104415,0
7257,ENSG00000116918,0
117157,ENSG00000198574,0
221188,ENSG00000159618,0
10397,ENSG00000104419,0
51706,ENSG00000159348,0
6405,ENSG00000001617,0
7016,ENSG00000107140,0
133396,ENSG00000164509,0
23237,ENSG00000198576,0
57582,ENSG00000107147,0
4171,ENSG00000073111,1
26022,ENSG00000006042,0
10449,ENSG00000167315,0
3014,ENSG00000188486,0
51087,ENSG00000288504,0
84532,ENSG00000154930,0
149603,ENSG00000168159,0
23302,ENSG00000179314,0
2104,ENSG00000196482,0
57685,ENSG00000158966,0
8722,ENSG00000174080,0
113,ENSG00000121281,0
51439,ENSG00000137414,0
3779,ENSG00000145936,0
389119,ENSG00000185614,0
57176,ENSG00000223494,1
84902,ENSG00000121289,0
7425,ENSG00000128564,0
25770,ENSG00000100249,0
5420,ENSG00000128567,0
252969,ENSG00000154328,0
651746,ENSG00000164236,0
79706,ENSG00000128563,0
1727,ENSG00000100243,0
25777,ENSG00000100242,0
6305,ENSG00000100241,0
4110,ENSG00000185247,0
79038,ENSG00000100711,0
10126,ENSG00000100246,0
84885,ENSG00000160446,0
84747,ENSG00000175970,0
10444,ENSG00000160445,0
3201,ENSG00000197576,0
10210,ENSG00000197579,0
83417,ENSG00000163518,0
57834,ENSG00000171903,0
50852,ENSG00000163519,0
11254,ENSG00000268104,0
6725,ENSG00000125508,0
653275,ENSG00000152093,0
460,ENSG00000152092,0
79143,ENSG00000278322,0
285533,ENSG00000145428,0
4790,ENSG00000109320,0
171389,ENSG00000174885,0
54776,ENSG00000125503,0
1524,ENSG00000168329,0
93010,ENSG00000156966,0
56147,ENSG00000204970,0
55102,ENSG00000066739,0
2965,ENSG00000288114,1
8774,ENSG00000134265,0
10717,ENSG00000134262,0
255027,ENSG00000156968,0
144535,ENSG00000188596,0
25,ENSG00000097007,0
11044,ENSG00000112941,0
79885,ENSG00000163517,0
859,ENSG00000182533,0
54677,ENSG00000005469,0
388818,ENSG00000197683,0
28514,ENSG00000275555,0
84767,ENSG00000124900,0
84913,ENSG00000168874,0
26589,ENSG00000259494,1
84769,ENSG00000254858,0
729447,ENSG00000189064,0
4891,ENSG00000110911,0
246744,ENSG00000256762,0
7587,ENSG00000075407,0
151827,ENSG00000171757,0
90799,ENSG00000258890,0
9358,ENSG00000198542,0
390077,ENSG00000180988,0
441054,ENSG00000205129,0
100101467,ENSG00000186814,0
203547,ENSG00000160131,0
9516,ENSG00000189067,0
10402,ENSG00000064225,0
53373,ENSG00000186815,0
3141,ENSG00000159267,0
100506144,ENSG00000243749,0
26140,ENSG00000214021,0
10536,ENSG00000110811,0
4218,ENSG00000167461,0
10100,ENSG00000134198,0
142,ENSG00000143799,0
3161,ENSG00000072571,0
974,ENSG00000007312,0
10202,ENSG00000100867,0
2833,ENSG00000186810,0
7049,ENSG00000069702,0
83998,ENSG00000134193,0
391059,ENSG00000156869,0
729747,ENSG00000257446,0
56888,ENSG00000176407,1
129642,ENSG00000143797,0
22845,ENSG00000175283,1
254295,ENSG00000175287,0
137695,ENSG00000167904,0
57412,ENSG00000214435,0
51564,ENSG00000061273,0
90326,ENSG00000041988,0
6299,ENSG00000103449,0
28563,ENSG00000211750,0
28639,ENSG00000211751,0
2132,ENSG00000151348,0
152485,ENSG00000151612,0
3371,ENSG00000041982,0
166785,ENSG00000151611,0
1909,ENSG00000151617,0
5458,ENSG00000151615,0
91304,ENSG00000182087,0
4899,ENSG00000106459,1
55578,ENSG00000102710,0
26064,ENSG00000039560,0
23552,ENSG00000156345,0
9209,ENSG00000093167,0
5863,ENSG00000237825,0
6954,ENSG00000124678,0
26578,ENSG00000134996,0
6894,ENSG00000059588,0
54998,ENSG00000175756,1
3995,ENSG00000221968,0
65122,ENSG00000120952,0
23329,ENSG00000111490,0
57048,ENSG00000187838,0
121227,ENSG00000139263,0
23345,ENSG00000131018,0
5826,ENSG00000119688,0
5705,ENSG00000087191,1
388960,ENSG00000187833,0
221830,ENSG00000105849,1
2014,ENSG00000142227,0
85313,ENSG00000131013,0
3006,ENSG00000187837,0
29949,ENSG00000142224,0
80705,ENSG00000135951,0
9946,ENSG00000205758,0
221184,ENSG00000140848,0
10888,ENSG00000123901,0
80227,ENSG00000175575,0
11145,ENSG00000176485,0
145864,ENSG00000140511,0
27161,ENSG00000123908,0
1645,ENSG00000187134,0
10078,ENSG00000184281,0
8325,ENSG00000177283,0
10380,ENSG00000162813,0
164684,ENSG00000183066,0
150084,ENSG00000183067,0
9925,ENSG00000168795,0
84516,ENSG00000166847,1
115752,ENSG00000166938,0
51127,ENSG00000162931,0
23779,ENSG00000241484,0
5376,ENSG00000109099,0
51258,ENSG00000111639,1
285331,ENSG00000180376,0
7204,ENSG00000038382,0
92737,ENSG00000187957,0
50626,ENSG00000187954,0
7373,ENSG00000187955,0
162073,ENSG00000205730,0
4048,ENSG00000111144,0
2004,ENSG00000111145,0
63928,ENSG00000166869,0
284040,ENSG00000239704,0
339501,ENSG00000185888,0
729857,ENSG00000185304,0
6866,ENSG00000166863,0
10369,ENSG00000166862,0
285659,ENSG00000182613,0
4640,ENSG00000166866,0
51205,ENSG00000162836,0
55861,ENSG00000244274,0
165904,ENSG00000168334,0
401,ENSG00000165462,0
3485,ENSG00000115457,0
151195,ENSG00000163249,0
50834,ENSG00000169777,0
9706,ENSG00000083290,0
2274,ENSG00000115641,0
55120,ENSG00000115392,0
55454,ENSG00000169826,0
63982,ENSG00000134343,0
155006,ENSG00000214128,0
27013,ENSG00000115649,0
79083,ENSG00000115648,0
23193,ENSG00000089597,0
5367,ENSG00000183395,0
377007,ENSG00000168427,0
100128569,ENSG00000183397,0
2936,ENSG00000104687,0
9277,ENSG00000236222,1
389257,ENSG00000185028,0
56143,ENSG00000204965,0
8649,ENSG00000109270,0
5197,ENSG00000109272,0
23511,ENSG00000095319,1
440087,ENSG00000179256,0
155051,ENSG00000127377,0
91664,ENSG00000213799,0
9877,ENSG00000058673,0
57132,ENSG00000255112,0
7170,ENSG00000143549,0
23378,ENSG00000132275,0
10346,ENSG00000132274,0
23245,ENSG00000148219,0
57181,ENSG00000196950,0
64857,ENSG00000090924,0
89953,ENSG00000137171,0
645832,ENSG00000274529,0
392391,ENSG00000148215,0
80312,ENSG00000138336,0
57705,ENSG00000128815,0
79400,ENSG00000255346,0
53616,ENSG00000008277,0
65056,ENSG00000062194,0
64129,ENSG00000142910,0
10381,ENSG00000258947,0
285180,ENSG00000188282,0
10637,ENSG00000243709,0
256223,ENSG00000214819,0
493753,ENSG00000183513,1
114826,ENSG00000186532,0
375743,ENSG00000188647,0
673,ENSG00000157764,1
10568,ENSG00000157765,0
176,ENSG00000157766,0
84630,ENSG00000146216,0
1813,ENSG00000149295,0
401262,ENSG00000146215,0
54970,ENSG00000149292,0
55699,ENSG00000067704,1
57125,ENSG00000161381,0
219453,ENSG00000181752,0
10211,ENSG00000206480,0
81501,ENSG00000164935,0
6941,ENSG00000224941,0
81034,ENSG00000164933,0
84916,ENSG00000262788,1
121599,ENSG00000166211,0
5920,ENSG00000133321,0
27254,ENSG00000172346,0
80765,ENSG00000172345,0
124599,ENSG00000291919,0
8824,ENSG00000172831,0
54961,ENSG00000172830,0
54979,ENSG00000133328,0
94241,ENSG00000164938,0
80821,ENSG00000100523,0
9382,ENSG00000166685,0
1033,ENSG00000100526,0
80975,ENSG00000166682,0
7542,ENSG00000162300,0
494119,ENSG00000268988,0
10175,ENSG00000100528,0
130535,ENSG00000155729,0
60526,ENSG00000118961,0
64342,ENSG00000118960,0
54902,ENSG00000011295,0
9126,ENSG00000108055,1
55573,ENSG00000091527,0
55693,ENSG00000186280,0
1236,ENSG00000126353,0
245934,ENSG00000204548,0
3104,ENSG00000204859,0
643965,ENSG00000205116,0
1412,ENSG00000163499,0
80019,ENSG00000165886,0
26287,ENSG00000165887,0
347454,ENSG00000187808,0
200576,ENSG00000115020,0
2920,ENSG00000081041,0
26058,ENSG00000204120,0
23462,ENSG00000164683,0
4292,ENSG00000076242,0
4188,ENSG00000112559,0
2171,ENSG00000164687,0
10713,ENSG00000168883,1
7374,ENSG00000076248,0
388969,ENSG00000168887,0
79155,ENSG00000168884,0
998,ENSG00000070831,0
653220,ENSG00000204379,0
147670,ENSG00000268182,0
96626,ENSG00000256977,0
8479,ENSG00000149929,0
7328,ENSG00000186591,0
2889,ENSG00000107263,0
56832,ENSG00000147896,0
203228,ENSG00000147894,0
116328,ENSG00000165084,0
5531,ENSG00000149923,1
6911,ENSG00000149922,0
226,ENSG00000149925,1
8448,ENSG00000149927,0
83723,ENSG00000149926,0
79705,ENSG00000154237,0
128821,ENSG00000101435,0
140890,ENSG00000153914,0
6921,ENSG00000154582,1
182,ENSG00000101384,0
1471,ENSG00000101439,0
140679,ENSG00000101438,0
9978,ENSG00000100387,1
3560,ENSG00000100385,0
715,ENSG00000288512,0
6767,ENSG00000100380,0
4045,ENSG00000185565,0
5798,ENSG00000054356,0
50814,ENSG00000147383,0
360023,ENSG00000177888,0
389208,ENSG00000198092,0
11189,ENSG00000159409,0
10940,ENSG00000104356,1
64388,ENSG00000180875,0
51690,ENSG00000130332,1
3207,ENSG00000005073,0
5439,ENSG00000005075,1
245915,ENSG00000180872,0
56995,ENSG00000130338,0
9563,ENSG00000049239,0
83989,ENSG00000113391,0
6748,ENSG00000180879,0
1806,ENSG00000188641,0
83937,ENSG00000107551,0
23268,ENSG00000107554,0
2184,ENSG00000103876,0
22883,ENSG00000171603,0
8994,ENSG00000144791,0
84466,ENSG00000145794,0
140823,ENSG00000125995,1
3764,ENSG00000121361,0
51406,ENSG00000225921,1
8731,ENSG00000101654,1
92181,ENSG00000168246,0
55364,ENSG00000154059,0
3908,ENSG00000196569,0
55845,ENSG00000254999,0
128876,ENSG00000125998,0
92747,ENSG00000125999,0
341032,ENSG00000150750,0
390038,ENSG00000197428,0
22948,ENSG00000150753,1
83886,ENSG00000172382,0
65975,ENSG00000130413,0
6560,ENSG00000124067,0
23216,ENSG00000065882,0
23230,ENSG00000197969,0
4300,ENSG00000171843,0
80217,ENSG00000197748,0
56243,ENSG00000120549,0
10745,ENSG00000116793,0
23109,ENSG00000181418,0
1778,ENSG00000197102,1
343169,ENSG00000169214,0
10421,ENSG00000169217,0
219986,ENSG00000176200,0
5865,ENSG00000169213,0
6524,ENSG00000140675,0
91752,ENSG00000170396,0
3687,ENSG00000140678,0
8735,ENSG00000006788,0
339416,ENSG00000183831,0
23181,ENSG00000160305,0
166614,ENSG00000170390,0
6285,ENSG00000160307,0
51202,ENSG00000213782,1
2968,ENSG00000236895,1
7702,ENSG00000166478,0
5922,ENSG00000155903,0
10371,ENSG00000075213,0
57055,ENSG00000205944,0
222967,ENSG00000155026,0
728393,ENSG00000235780,0
8898,ENSG00000087053,0
8417,ENSG00000079950,0
1429,ENSG00000116791,0
51512,ENSG00000075218,0
283820,ENSG00000185164,0
55313,ENSG00000103381,0
3195,ENSG00000107807,0
8574,ENSG00000053371,0
51154,ENSG00000053372,1
92092,ENSG00000146858,0
55281,ENSG00000146859,0
122183,ENSG00000204919,0
7762,ENSG00000149054,0
23155,ENSG00000121940,0
340351,ENSG00000146856,0
9104,ENSG00000130988,0
9152,ENSG00000165970,0
55744,ENSG00000106603,0
644,ENSG00000106605,0
57154,ENSG00000198742,0
55069,ENSG00000106609,0
55665,ENSG00000106608,0
54497,ENSG00000008869,0
56052,ENSG00000033011,1
7761,ENSG00000149050,0
10197,ENSG00000131467,0
1608,ENSG00000058866,0
7283,ENSG00000131462,1
28990,ENSG00000034533,0
8312,ENSG00000103126,0
8925,ENSG00000103657,0
390155,ENSG00000291860,0
317662,ENSG00000138286,0
56942,ENSG00000103121,0
90025,ENSG00000118420,0
10309,ENSG00000152669,0
92552,ENSG00000123594,0
9367,ENSG00000123595,0
54974,ENSG00000113272,1
652,ENSG00000125378,0
27039,ENSG00000078795,0
100287482,ENSG00000240204,0
10744,ENSG00000250254,0
9627,ENSG00000064692,0
22796,ENSG00000135775,0
277,ENSG00000174876,0
139628,ENSG00000189299,0
54512,ENSG00000178896,1
219469,ENSG00000291864,0
158866,ENSG00000102383,0
2491,ENSG00000102384,1
10562,ENSG00000102837,0
54457,ENSG00000102387,0
3068,ENSG00000143321,0
9748,ENSG00000065613,0
2312,ENSG00000143631,0
6691,ENSG00000128040,0
60598,ENSG00000124249,0
9213,ENSG00000143324,0
65997,ENSG00000128045,0
51167,ENSG00000065615,0
154791,ENSG00000164898,0
1308,ENSG00000065618,0
342574,ENSG00000171446,0
55653,ENSG00000124243,0
1938,ENSG00000167658,1
3620,ENSG00000131203,0
166647,ENSG00000152990,0
147199,ENSG00000188076,0
51125,ENSG00000147533,0
65998,ENSG00000188070,0
81579,ENSG00000123739,0
84296,ENSG00000147536,1
22909,ENSG00000276787,0
5393,ENSG00000123737,1
503841,ENSG00000285617,0
10537,ENSG00000226898,0
26281,ENSG00000078579,0
10362,ENSG00000064961,0
56270,ENSG00000141580,0
10144,ENSG00000138640,0
9021,ENSG00000184557,0
5168,ENSG00000136960,0
89887,ENSG00000197483,0
25943,ENSG00000088854,0
6194,ENSG00000137154,1
221294,ENSG00000178425,0
201243,ENSG00000283714,0
90273,ENSG00000007129,0
79818,ENSG00000178935,0
79095,ENSG00000171159,0
200014,ENSG00000154222,0
79443,ENSG00000163820,0
3486,ENSG00000146674,0
339122,ENSG00000172780,0
10945,ENSG00000105438,0
5502,ENSG00000135447,0
83597,ENSG00000163825,0
8309,ENSG00000168306,0
79137,ENSG00000144567,0
259294,ENSG00000263028,0
11170,ENSG00000168309,0
259296,ENSG00000273431,0
10556,ENSG00000148688,1
90665,ENSG00000092377,0
5814,ENSG00000146676,0
83942,ENSG00000212122,0
6191,ENSG00000198034,1
653820,ENSG00000188610,0
56624,ENSG00000188611,0
6613,ENSG00000188612,0
118487,ENSG00000172586,0
9889,ENSG00000100426,0
7474,ENSG00000114251,0
218,ENSG00000108602,0
79805,ENSG00000143494,0
57536,ENSG00000150477,0
6603,ENSG00000108604,0
57828,ENSG00000099338,0
7699,ENSG00000196387,0
64420,ENSG00000106868,0
54939,ENSG00000140365,0
10673,ENSG00000102524,0
9402,ENSG00000100351,0
4650,ENSG00000099331,0
9424,ENSG00000099337,0
64781,ENSG00000100422,0
79979,ENSG00000188917,0
1788,ENSG00000119772,0
54760,ENSG00000115257,0
54867,ENSG00000119777,0
92840,ENSG00000115255,0
54454,ENSG00000119778,0
114049,ENSG00000071462,1
1047,ENSG00000153132,0
85027,ENSG00000256235,0
5426,ENSG00000177084,1
945,ENSG00000105383,0
1593,ENSG00000135929,0
64114,ENSG00000135926,0
57565,ENSG00000197705,0
3300,ENSG00000135924,0
80326,ENSG00000135925,0
100049587,ENSG00000254415,0
1048,ENSG00000105388,0
3183,ENSG00000092199,1
138046,ENSG00000184672,0
64422,ENSG00000144848,0
492311,ENSG00000182700,0
9120,ENSG00000108932,0
10886,ENSG00000056291,0
728763,ENSG00000226321,0
118987,ENSG00000165650,0
4738,ENSG00000285246,1
84858,ENSG00000165655,0
118788,ENSG00000155629,0
653333,ENSG00000145002,0
147138,ENSG00000167895,0
26228,ENSG00000035720,0
79109,ENSG00000119487,0
161176,ENSG00000176438,0
23765,ENSG00000177663,0
29119,ENSG00000183230,0
29920,ENSG00000143811,0
100131755,ENSG00000196440,0
27190,ENSG00000127743,0
794,ENSG00000172137,0
4676,ENSG00000273562,0
353345,ENSG00000187037,0
285282,ENSG00000144840,0
4058,ENSG00000062524,0
388753,ENSG00000168275,0
285335,ENSG00000285044,0
27290,ENSG00000122711,0
8611,ENSG00000067113,0
79834,ENSG00000173517,0
10280,ENSG00000147955,0
2200,ENSG00000166147,0
56479,ENSG00000185760,0
28968,ENSG00000063127,0
152404,ENSG00000144847,0
6362,ENSG00000278006,0
339779,ENSG00000186143,0
79037,ENSG00000213413,0
3145,ENSG00000256269,0
386679,ENSG00000205445,0
10623,ENSG00000186141,1
1907,ENSG00000127129,0
80273,ENSG00000109519,1
79295,ENSG00000230301,0
79717,ENSG00000127125,0
59269,ENSG00000127124,0
11199,ENSG00000109511,0
6580,ENSG00000175003,0
156,ENSG00000173020,0
26054,ENSG00000112701,0
493901,ENSG00000258436,0
165829,ENSG00000175697,0
3617,ENSG00000112706,0
56139,ENSG00000250120,0
91612,ENSG00000258289,0
55205,ENSG00000074657,0
345193,ENSG00000183423,0
388325,ENSG00000161929,0
3106,ENSG00000228964,0
4601,ENSG00000119950,0
10285,ENSG00000119953,1
100423062,ENSG00000254709,0
51650,ENSG00000090263,0
84301,ENSG00000197312,0
54360,ENSG00000170891,0
4708,ENSG00000090266,0
7200,ENSG00000170893,0
401548,ENSG00000148158,0
10880,ENSG00000148156,0
7357,ENSG00000148154,0
58493,ENSG00000148153,0
9626,ENSG00000138472,0
11315,ENSG00000116288,0
55094,ENSG00000076650,0
28971,ENSG00000087884,0
26258,ENSG00000104164,0
6608,ENSG00000128602,0
54206,ENSG00000116285,0
23008,ENSG00000128607,0
27332,ENSG00000075292,0
1595,ENSG00000001630,0
889,ENSG00000001631,0
3727,ENSG00000130522,0
3270,ENSG00000130528,0
7305,ENSG00000011600,0
8321,ENSG00000157240,0
9020,ENSG00000006062,0
27329,ENSG00000132855,0
63971,ENSG00000137177,0
22955,ENSG00000010803,0
307,ENSG00000196975,0
57805,ENSG00000158941,0
51560,ENSG00000154917,0
347744,ENSG00000137434,0
5959,ENSG00000135437,0
11116,ENSG00000213066,0
3174,ENSG00000164749,0
375035,ENSG00000213064,0
388555,ENSG00000188624,0
256979,ENSG00000164744,0
168537,ENSG00000179144,0
136288,ENSG00000164746,0
134429,ENSG00000164211,0
10395,ENSG00000164741,0
107,ENSG00000164742,0
157773,ENSG00000164743,0
55756,ENSG00000104299,1
153241,ENSG00000168944,0
11252,ENSG00000100266,0
5218,ENSG00000058091,0
25807,ENSG00000100263,0
7976,ENSG00000104290,0
81887,ENSG00000001497,1
401145,ENSG00000184305,0
402135,ENSG00000231861,0
59344,ENSG00000179148,0
84660,ENSG00000130783,0
84328,ENSG00000162441,0
25909,ENSG00000153207,1
9026,ENSG00000130787,0
644150,ENSG00000122574,0
57017,ENSG00000088682,0
1634,ENSG00000011465,0
202865,ENSG00000170279,0
28985,ENSG00000232119,0
374470,ENSG00000179088,0
10826,ENSG00000170271,0
83690,ENSG00000121005,0
144577,ENSG00000174206,0
6207,ENSG00000110700,1
10491,ENSG00000170275,0
51372,ENSG00000232112,0
390205,ENSG00000204950,0
116986,ENSG00000135439,0
23438,ENSG00000112855,1
6694,ENSG00000072080,0
2495,ENSG00000167996,0
7252,ENSG00000134200,0
2690,ENSG00000112964,0
2947,ENSG00000134202,0
283234,ENSG00000168071,0
10959,ENSG00000086598,1
148281,ENSG00000134207,0
2242,ENSG00000182511,0
84058,ENSG00000005448,0
51218,ENSG00000182512,0
51002,ENSG00000291480,0
64901,ENSG00000204764,0
129285,ENSG00000162869,0
196996,ENSG00000175318,0
124935,ENSG00000167703,0
9027,ENSG00000144035,0
1345,ENSG00000164919,0
3857,ENSG00000171403,0
23233,ENSG00000144036,0
56670,ENSG00000198829,0
5167,ENSG00000197594,0
1795,ENSG00000088538,0
8815,ENSG00000175334,1
8976,ENSG00000106299,0
154288,ENSG00000203908,0
340168,ENSG00000203909,0
84898,ENSG00000120594,0
63939,ENSG00000196227,0
6878,ENSG00000106290,1
441161,ENSG00000203907,0
355,ENSG00000026103,0
284194,ENSG00000170298,0
145553,ENSG00000285200,0
79849,ENSG00000172367,0
8517,ENSG00000269335,0
54938,ENSG00000283104,1
10278,ENSG00000100842,0
10382,ENSG00000104833,0
100287144,ENSG00000231396,0
161742,ENSG00000166068,0
112840,ENSG00000140006,0
4718,ENSG00000151366,0
152189,ENSG00000170293,0
7069,ENSG00000151365,0
2892,ENSG00000125675,0
55821,ENSG00000151360,0
3909,ENSG00000053747,0
5314,ENSG00000170927,0
28232,ENSG00000176463,0
95681,ENSG00000106477,0
27291,ENSG00000166024,0
157922,ENSG00000130559,0
442194,ENSG00000230505,0
151987,ENSG00000163605,0
10240,ENSG00000102738,1
7027,ENSG00000198176,0
3611,ENSG00000166333,0
65992,ENSG00000198171,0
220001,ENSG00000167992,0
643641,ENSG00000106479,0
83595,ENSG00000171056,0
26212,ENSG00000124657,0
55089,ENSG00000139209,0
9637,ENSG00000171055,0
923,ENSG00000013725,0
58506,ENSG00000126461,0
196500,ENSG00000139200,0
6903,ENSG00000124659,1
2918,ENSG00000179603,0
9258,ENSG00000285022,0
9875,ENSG00000142207,1
390323,ENSG00000187857,0
54707,ENSG00000142751,1
55312,ENSG00000135002,1
10802,ENSG00000113615,0
207,ENSG00000142208,0
54101,ENSG00000183421,0
4916,ENSG00000140538,0
126549,ENSG00000160117,0
10077,ENSG00000064201,0
27151,ENSG00000160111,0
90381,ENSG00000140534,1
2063,ENSG00000160113,0
8839,ENSG00000064205,0
114905,ENSG00000163145,0
149428,ENSG00000163141,0
51079,ENSG00000186010,1
3843,ENSG00000065150,0
393,ENSG00000089820,0
7171,ENSG00000167460,0
4942,ENSG00000065154,0
54549,ENSG00000069188,0
11103,ENSG00000111615,1
7448,ENSG00000109072,0
151963,ENSG00000180611,0
170825,ENSG00000180613,0
7126,ENSG00000109079,0
162681,ENSG00000166845,0
7552,ENSG00000147180,0
53336,ENSG00000147183,0
390748,ENSG00000205022,0
79762,ENSG00000162817,0
128153,ENSG00000162814,0
148362,ENSG00000162819,0
7337,ENSG00000114062,0
54386,ENSG00000166848,0
7054,ENSG00000180176,0
26146,ENSG00000204104,0
54997,ENSG00000088992,0
51619,ENSG00000078967,0
152110,ENSG00000163491,0
55765,ENSG00000163362,0
285025,ENSG00000163492,0
54738,ENSG00000163497,0
9130,ENSG00000071859,1
643338,ENSG00000188277,0
339168,ENSG00000288511,0
388939,ENSG00000179270,0
90480,ENSG00000179271,1
9935,ENSG00000204103,0
56165,ENSG00000095627,0
137868,ENSG00000185053,0
80059,ENSG00000176204,0
27289,ENSG00000172602,0
9789,ENSG00000118363,0
6152,ENSG00000114391,1
11068,ENSG00000114395,0
79915,ENSG00000176208,0
114926,ENSG00000176209,0
81786,ENSG00000146054,0
23647,ENSG00000132254,0
85363,ENSG00000132256,0
285955,ENSG00000136206,0
2874,ENSG00000288325,0
219464,ENSG00000181718,0
64759,ENSG00000136205,0
23223,ENSG00000052749,1
5324,ENSG00000181690,0
8471,ENSG00000133124,0
8535,ENSG00000141582,0
51191,ENSG00000138646,0
22891,ENSG00000138311,0
140766,ENSG00000138316,0
90627,ENSG00000133121,0
55008,ENSG00000138642,0
170392,ENSG00000138315,0
5868,ENSG00000144566,0
898,ENSG00000105173,0
100191040,ENSG00000225556,0
10775,ENSG00000105171,1
8725,ENSG00000105176,0
55930,ENSG00000128833,0
9686,ENSG00000144560,0
1580,ENSG00000142973,0
7266,ENSG00000168259,0
84217,ENSG00000066185,0
80323,ENSG00000166510,0
9941,ENSG00000157036,0
254048,ENSG00000157741,0
55366,ENSG00000205213,0
1187,ENSG00000186510,0
219957,ENSG00000186513,0
10519,ENSG00000185043,0
57786,ENSG00000146587,0
678,ENSG00000152518,0
8647,ENSG00000073734,0
71,ENSG00000291420,0
4010,ENSG00000136944,0
147372,ENSG00000183287,0
2569,ENSG00000146276,0
10021,ENSG00000138622,0
10957,ENSG00000146278,0
256435,ENSG00000184005,0
8073,ENSG00000184007,0
9793,ENSG00000175216,1
7086,ENSG00000163931,1
54625,ENSG00000173193,0
353333,ENSG00000221859,0
28883,ENSG00000242534,0
221937,ENSG00000164916,0
9950,ENSG00000066455,0
390191,ENSG00000172362,0
390190,ENSG00000172365,0
64834,ENSG00000066322,0
117247,ENSG00000112394,0
84331,ENSG00000172366,0
386682,ENSG00000212935,0
386684,ENSG00000212933,0
284541,ENSG00000162365,0
10158,ENSG00000162366,0
6886,ENSG00000162367,0
51727,ENSG00000162368,0
548644,ENSG00000285437,1
100127206,ENSG00000186367,0
27253,ENSG00000118946,0
51206,ENSG00000276065,0
7755,ENSG00000122386,0
442361,ENSG00000221989,0
7511,ENSG00000108039,0
343263,ENSG00000221986,0
29970,ENSG00000151967,0
166863,ENSG00000151962,0
8665,ENSG00000175390,1
9480,ENSG00000119547,0
2050,ENSG00000196411,0
4709,ENSG00000119013,0
643847,ENSG00000229183,0
55552,ENSG00000197933,0
27327,ENSG00000090905,0
896,ENSG00000112576,0
55039,ENSG00000183665,0
114907,ENSG00000156804,0
126375,ENSG00000180884,0
705,ENSG00000112578,1
56005,ENSG00000074842,0
220416,ENSG00000173988,0
8816,ENSG00000139990,0
6949,ENSG00000070814,1
23439,ENSG00000101892,0
513,ENSG00000099624,1
255057,ENSG00000099625,0
1153,ENSG00000099622,0
8091,ENSG00000149948,0
5082,ENSG00000136940,1
162282,ENSG00000153930,0
58490,ENSG00000101413,0
1869,ENSG00000101412,0
84547,ENSG00000137338,0
11264,ENSG00000101417,0
9653,ENSG00000153936,0
9656,ENSG00000228575,1
8870,ENSG00000227231,0
80021,ENSG00000137842,0
5330,ENSG00000137841,0
389161,ENSG00000206199,0
6422,ENSG00000104332,0
54928,ENSG00000104331,0
55013,ENSG00000005059,0
1571,ENSG00000130649,0
90459,ENSG00000292301,0
1515,ENSG00000136943,0
10844,ENSG00000130640,1
132989,ENSG00000163633,0
50632,ENSG00000130643,0
11113,ENSG00000122966,1
9904,ENSG00000122965,1
2687,ENSG00000099998,0
200312,ENSG00000099999,0
56241,ENSG00000099994,0
10291,ENSG00000099995,1
83874,ENSG00000099992,0
2817,ENSG00000063660,0
54753,ENSG00000236609,0
23523,ENSG00000099991,0
91860,ENSG00000129007,0
135154,ENSG00000154079,1
254170,ENSG00000165355,0
54832,ENSG00000129003,0
203522,ENSG00000165359,0
171019,ENSG00000145808,0
9388,ENSG00000101670,0
56980,ENSG00000170325,0
11276,ENSG00000275066,0
613212,ENSG00000205279,0
6962,ENSG00000205274,0
91050,ENSG00000181982,0
28394,ENSG00000211959,0
58499,ENSG00000148143,0
260425,ENSG00000081026,0
1379,ENSG00000197721,0
117159,ENSG00000161634,0
84955,ENSG00000120526,0
7110,ENSG00000144747,0
6231,ENSG00000197728,1
164592,ENSG00000161180,0
51104,ENSG00000107362,0
2846,ENSG00000147145,0
143162,ENSG00000170324,0
3678,ENSG00000161638,0
3960,ENSG00000282992,0
55374,ENSG00000113119,0
58489,ENSG00000136379,0
6431,ENSG00000124193,0
285848,ENSG00000180316,0
11093,ENSG00000160323,0
6385,ENSG00000124145,0
11182,ENSG00000160326,0
7318,ENSG00000182179,0
23191,ENSG00000288461,0
11094,ENSG00000160325,0
55423,ENSG00000089012,0
801,ENSG00000198668,0
115286,ENSG00000282739,1
100132074,ENSG00000281518,0
9054,ENSG00000244005,1
3294,ENSG00000086696,0
162972,ENSG00000251369,0
28489,ENSG00000211909,0
3359,ENSG00000166736,0
28506,ENSG00000211907,0
28483,ENSG00000211905,0
28481,ENSG00000211904,0
374383,ENSG00000188211,0
79622,ENSG00000161981,1
51728,ENSG00000161980,1
11158,ENSG00000079974,0
113201,ENSG00000166734,0
55020,ENSG00000075234,0
23645,ENSG00000087074,0
6468,ENSG00000107829,0
38,ENSG00000075239,0
1513,ENSG00000143387,0
140832,ENSG00000180305,0
28793,ENSG00000211659,0
81621,ENSG00000107821,0
1604,ENSG00000196352,0
8623,ENSG00000292339,0
23281,ENSG00000132938,0
79836,ENSG00000175556,0
84457,ENSG00000165443,0
2547,ENSG00000196419,1
7391,ENSG00000158773,0
80201,ENSG00000156510,0
246243,ENSG00000171865,0
54762,ENSG00000178075,0
56311,ENSG00000106013,0
374768,ENSG00000284598,0
7461,ENSG00000106665,0
23420,ENSG00000274779,0
4536,ENSG00000198763,0
26521,ENSG00000150779,0
6847,ENSG00000198765,0
24144,ENSG00000100109,1
8363,ENSG00000197238,0
402055,ENSG00000100104,0
11078,ENSG00000100106,0
64092,ENSG00000155307,0
113791,ENSG00000100100,0
23363,ENSG00000124006,0
6535,ENSG00000130821,0
83608,ENSG00000141428,0
27306,ENSG00000163106,0
6019,ENSG00000107014,0
7678,ENSG00000196418,0
4772,ENSG00000131196,0
4245,ENSG00000131446,0
2241,ENSG00000151422,0
27163,ENSG00000138744,0
153364,ENSG00000176055,0
53918,ENSG00000152684,0
79840,ENSG00000187736,0
57210,ENSG00000022567,0
55676,ENSG00000152683,0
399697,ENSG00000233932,0
5036,ENSG00000170515,1
57510,ENSG00000124571,1
344148,ENSG00000176771,0
102,ENSG00000137845,0
196264,ENSG00000160588,0
80763,ENSG00000134548,0
6201,ENSG00000171863,1
8290,ENSG00000168148,0
55140,ENSG00000134014,1
83872,ENSG00000143341,0
148753,ENSG00000143340,0
222584,ENSG00000168143,0
4017,ENSG00000134013,0
2065,ENSG00000065361,0
549,ENSG00000148090,0
729359,ENSG00000167676,0
51522,ENSG00000284936,0
93649,ENSG00000141052,0
2651,ENSG00000111846,0
55003,ENSG00000285226,1
154215,ENSG00000188580,0
81851,ENSG00000262808,0
5728,ENSG00000171862,0
23534,ENSG00000064419,1
114785,ENSG00000166987,0
27248,ENSG00000068912,0
23119,ENSG00000169635,0
2618,ENSG00000262473,1
55968,ENSG00000088833,0
3842,ENSG00000083312,0
692312,ENSG00000243207,0
83959,ENSG00000088836,0
6804,ENSG00000106089,0
11224,ENSG00000136942,1
84725,ENSG00000106086,0
100653515,ENSG00000178404,0
63973,ENSG00000178403,0
83755,ENSG00000263236,0
55033,ENSG00000106080,0
401124,ENSG00000197057,0
56992,ENSG00000163808,0
11081,ENSG00000139330,0
127534,ENSG00000189433,0
2827,ENSG00000181773,0
151056,ENSG00000163803,0
401994,ENSG00000292014,0
359,ENSG00000167580,0
26175,ENSG00000275947,0
57456,ENSG00000163807,0
3621,ENSG00000153487,0
54510,ENSG00000189184,0
939,ENSG00000139193,0
57216,ENSG00000162738,0
57492,ENSG00000049618,0
57556,ENSG00000092421,0
9261,ENSG00000162889,0
4255,ENSG00000170430,0
56917,ENSG00000105419,0
115704,ENSG00000142459,0
162387,ENSG00000185156,0
6843,ENSG00000139190,0
152206,ENSG00000244607,0
3384,ENSG00000108622,0
6536,ENSG00000196517,0
5830,ENSG00000288217,0
643226,ENSG00000204928,0
143502,ENSG00000226288,0
79796,ENSG00000086848,0
4921,ENSG00000162733,0
163747,ENSG00000162398,0
4636,ENSG00000215375,0
720,ENSG00000244207,0
977,ENSG00000177697,0
286451,ENSG00000181704,0
4329,ENSG00000119711,0
11166,ENSG00000125285,0
79741,ENSG00000216937,0
254827,ENSG00000177694,0
2103,ENSG00000119715,0
8111,ENSG00000119714,0
28412,ENSG00000211972,0
221711,ENSG00000153157,0
1389,ENSG00000111269,0
80824,ENSG00000280962,0
196740,ENSG00000165633,0
282775,ENSG00000174957,0
445582,ENSG00000188219,0
3736,ENSG00000111262,0
57514,ENSG00000031081,0
529,ENSG00000131100,1
51228,ENSG00000139433,0
401251,ENSG00000228727,0
9815,ENSG00000139436,0
1329,ENSG00000135940,1
161497,ENSG00000242866,0
572,ENSG00000002330,0
10498,ENSG00000142453,0
51455,ENSG00000135945,0
8916,ENSG00000138641,0
9816,ENSG00000135763,1
7531,ENSG00000274474,0
1956,ENSG00000146648,0
54757,ENSG00000108950,0
27010,ENSG00000196511,0
1111,ENSG00000149554,1
56477,ENSG00000151882,0
9638,ENSG00000149557,0
7417,ENSG00000165637,0
9317,ENSG00000165983,0
3985,ENSG00000182541,0
6192,ENSG00000129824,0
83659,ENSG00000167858,0
587,ENSG00000105552,0
11314,ENSG00000167851,0
1512,ENSG00000103811,0
6728,ENSG00000153037,1
90956,ENSG00000133597,0
6375,ENSG00000143184,0
23028,ENSG00000004487,0
728395,ENSG00000233803,0
116449,ENSG00000109684,0
7468,ENSG00000109685,0
152503,ENSG00000109686,0
84190,ENSG00000127720,0
55296,ENSG00000109680,0
10201,ENSG00000172113,0
339967,ENSG00000187054,0
57567,ENSG00000166188,0
80150,ENSG00000162174,0
27112,ENSG00000130054,0
8328,ENSG00000165702,0
8539,ENSG00000166181,0
5260,ENSG00000164776,0
84247,ENSG00000188636,0
6705,ENSG00000244094,0
158405,ENSG00000165185,0
139411,ENSG00000165186,0
210,ENSG00000148218,0
5032,ENSG00000244165,0
27250,ENSG00000150593,0
138065,ENSG00000165188,0
8857,ENSG00000275395,0
84174,ENSG00000101082,0
10914,ENSG00000090060,0
1488,ENSG00000175029,0
85480,ENSG00000145777,0
92715,ENSG00000148399,0
26873,ENSG00000178814,0
55969,ENSG00000101084,0
54492,ENSG00000214357,0
9919,ENSG00000148396,0
84435,ENSG00000197177,0
92305,ENSG00000168936,0
2483,ENSG00000275145,0
3910,ENSG00000112769,0
162989,ENSG00000160570,0
11120,ENSG00000292170,0
8838,ENSG00000112761,0
6091,ENSG00000169855,0
5150,ENSG00000205268,0
5718,ENSG00000197170,1
9899,ENSG00000185518,0
729262,ENSG00000188199,0
348487,ENSG00000185519,0
78989,ENSG00000118004,0
10274,ENSG00000118007,0
64837,ENSG00000174996,0
359948,ENSG00000168264,0
79142,ENSG00000040633,0
55916,ENSG00000101888,0
64418,ENSG00000146802,0
9576,ENSG00000077327,0
79576,ENSG00000101882,1
158800,ENSG00000101883,0
391003,ENSG00000282212,0
3671,ENSG00000129009,0
10121,ENSG00000138107,1
152405,ENSG00000163424,0
348980,ENSG00000164588,0
1838,ENSG00000138101,0
57159,ENSG00000138100,0
149069,ENSG00000222046,0
2040,ENSG00000148175,0
6208,ENSG00000164587,1
1559,ENSG00000138109,0
54756,ENSG00000144730,0
8633,ENSG00000182168,0
55164,ENSG00000144736,1
653149,ENSG00000186086,0
55110,ENSG00000111196,0
283461,ENSG00000180116,0
286530,ENSG00000182162,0
80274,ENSG00000159307,0
56342,ENSG00000130810,1
8805,ENSG00000122779,0
57670,ENSG00000122778,0
642819,ENSG00000243660,0
763,ENSG00000174990,0
7711,ENSG00000204920,0
6487,ENSG00000126091,0
8784,ENSG00000186891,0
1106,ENSG00000173575,0
3840,ENSG00000186432,0
9283,ENSG00000170075,0
285596,ENSG00000170074,0
3852,ENSG00000186081,0
337973,ENSG00000186925,0
3841,ENSG00000196911,0
57467,ENSG00000010282,0
55571,ENSG00000158435,0
27198,ENSG00000196917,0
201633,ENSG00000181847,0
157869,ENSG00000164764,0
29991,ENSG00000122136,0
79135,ENSG00000184831,0
4982,ENSG00000164761,0
10486,ENSG00000112186,0
221662,ENSG00000112183,0
60468,ENSG00000112182,0
353139,ENSG00000187173,0
4644,ENSG00000197535,0
4860,ENSG00000198805,0
3954,ENSG00000168924,1
1504,ENSG00000168925,0
51780,ENSG00000120733,0
391112,ENSG00000197532,0
440387,ENSG00000284810,0
3181,ENSG00000122566,0
57664,ENSG00000105559,0
441518,ENSG00000212747,0
1958,ENSG00000120738,0
84871,ENSG00000186094,0
5536,ENSG00000011485,0
30848,ENSG00000126890,0
653808,ENSG00000174992,0
51060,ENSG00000117862,0
84668,ENSG00000122591,0
554,ENSG00000126895,0
729978,ENSG00000234719,0
4211,ENSG00000143995,0
1121,ENSG00000188419,0
57488,ENSG00000117868,0
169166,ENSG00000174226,0
2720,ENSG00000170266,0
392509,ENSG00000174225,0
10987,ENSG00000121022,1
23086,ENSG00000110723,0
147,ENSG00000170214,0
8635,ENSG00000026297,0
2346,ENSG00000086205,0
5205,ENSG00000081923,0
51194,ENSG00000086200,1
55628,ENSG00000215421,1
80267,ENSG00000116406,0
1132,ENSG00000180720,0
2029,ENSG00000143420,0
10112,ENSG00000112984,1
10902,ENSG00000112983,0
3059,ENSG00000180353,0
8382,ENSG00000112981,0
10330,ENSG00000257727,0
80115,ENSG00000128298,0
8317,ENSG00000097046,1
56262,ENSG00000136802,0
11248,ENSG00000182575,0
23633,ENSG00000025800,0
5444,ENSG00000005421,0
641339,ENSG00000251192,0
1993,ENSG00000107105,0
23189,ENSG00000107104,0
9,ENSG00000171428,0
84541,ENSG00000163376,0
790955,ENSG00000204922,0
56666,ENSG00000073150,0
2872,ENSG00000099875,0
822,ENSG00000042493,0
9976,ENSG00000110852,0
11108,ENSG00000110851,0
65267,ENSG00000196632,0
83897,ENSG00000212900,0
494118,ENSG00000203923,0
440051,ENSG00000204571,0
84708,ENSG00000072201,0
8277,ENSG00000007350,0
5803,ENSG00000106278,0
387273,ENSG00000204572,0
79917,ENSG00000269313,0
51510,ENSG00000086065,0
328,ENSG00000100823,0
2997,ENSG00000104812,0
122525,ENSG00000179476,0
163050,ENSG00000249709,0
51046,ENSG00000177511,0
387849,ENSG00000174236,0
114336,ENSG00000104818,0
247,ENSG00000179593,0
1745,ENSG00000144355,0
3598,ENSG00000123496,0
286527,ENSG00000158427,0
10500,ENSG00000143434,0
201164,ENSG00000179598,0
2908,ENSG00000113580,0
130507,ENSG00000144357,0
56951,ENSG00000113583,0
5338,ENSG00000129219,0
65005,ENSG00000143436,1
153443,ENSG00000151304,1
23141,ENSG00000176915,1
733,ENSG00000176919,0
6462,ENSG00000129214,0
135935,ENSG00000106410,0
219855,ENSG00000134955,0
113263,ENSG00000106415,0
902,ENSG00000134480,1
5534,ENSG00000221823,0
6888,ENSG00000177156,0
2304,ENSG00000178919,0
51545,ENSG00000171425,0
59340,ENSG00000134489,0
11065,ENSG00000175063,0
2810,ENSG00000175793,0
10434,ENSG00000120992,0
2054,ENSG00000111450,0
8970,ENSG00000124635,0
283383,ENSG00000111452,0
80329,ENSG00000111981,0
7812,ENSG00000009307,1
125950,ENSG00000161847,0
389400,ENSG00000187871,0
140683,ENSG00000131050,0
9584,ENSG00000131051,1
54516,ENSG00000112031,0
4829,ENSG00000135577,0
84701,ENSG00000131055,0
90423,ENSG00000250565,0
128861,ENSG00000131059,0
84000,ENSG00000137747,0
23548,ENSG00000113638,0
55898,ENSG00000140553,0
8128,ENSG00000140557,0
6252,ENSG00000139970,0
728194,ENSG00000169402,0
5724,ENSG00000169403,0
400735,ENSG00000243073,0
84446,ENSG00000160469,0
83939,ENSG00000144895,0
2071,ENSG00000163161,1
4643,ENSG00000157483,0
161,ENSG00000281385,0
284996,ENSG00000163162,0
2801,ENSG00000167110,0
4697,ENSG00000189043,0
3735,ENSG00000065427,1
55677,ENSG00000163166,0
81029,ENSG00000111186,0
4582,ENSG00000185499,0
81605,ENSG00000167118,0
6539,ENSG00000111181,0
79158,ENSG00000111670,0
2026,ENSG00000111674,0
2178,ENSG00000112039,0
1822,ENSG00000111676,0
113246,ENSG00000111678,0
5777,ENSG00000111679,0
146802,ENSG00000180638,0
7247,ENSG00000211460,0
79786,ENSG00000135686,0
9032,ENSG00000142484,0
3430,ENSG00000068079,0
2261,ENSG00000068078,0
3018,ENSG00000276410,0
140901,ENSG00000125834,0
55778,ENSG00000022976,0
56978,ENSG00000152784,0
83482,ENSG00000284923,0
53944,ENSG00000169118,0
5432,ENSG00000102978,1
65057,ENSG00000102977,0
57466,ENSG00000156304,0
388381,ENSG00000275489,0
10664,ENSG00000102974,1
79567,ENSG00000039523,0
6361,ENSG00000102970,0
10195,ENSG00000214160,0
3199,ENSG00000105996,0
79864,ENSG00000109944,0
56253,ENSG00000109943,0
3198,ENSG00000105991,0
10049,ENSG00000105993,0
93474,ENSG00000277462,0
100532732,ENSG00000255152,0
3229,ENSG00000123364,0
109703458,ENSG00000255154,0
3912,ENSG00000091136,0
5153,ENSG00000123360,0
339487,ENSG00000176261,1
5172,ENSG00000091137,0
6575,ENSG00000168575,0
441308,ENSG00000176269,0
27242,ENSG00000146072,0
1833,ENSG00000083782,0
570,ENSG00000136881,0
113220,ENSG00000136883,0
388677,ENSG00000264343,1
1984,ENSG00000288145,1
3046,ENSG00000213931,0
9550,ENSG00000136888,1
58529,ENSG00000177791,0
28409,ENSG00000211976,0
81575,ENSG00000178878,0
8607,ENSG00000175792,1
92609,ENSG00000105197,0
266675,ENSG00000142959,0
64600,ENSG00000158786,0
29124,ENSG00000105198,0
414152,ENSG00000214688,0
408263,ENSG00000172568,0
257177,ENSG00000188931,0
8577,ENSG00000241697,0
7412,ENSG00000162692,0
57494,ENSG00000166532,0
2135,ENSG00000162694,0
148867,ENSG00000162695,0
60506,ENSG00000188937,0
8891,ENSG00000070785,1
11247,ENSG00000182379,0
51738,ENSG00000157017,0
9797,ENSG00000157014,0
388761,ENSG00000241128,0
64328,ENSG00000132953,0
57103,ENSG00000078237,0
221458,ENSG00000164627,0
9205,ENSG00000132950,0
135644,ENSG00000228001,0
442191,ENSG00000237777,0
113177,ENSG00000099840,0
167681,ENSG00000146250,0
4994,ENSG00000180090,0
79641,ENSG00000067836,0
8809,ENSG00000115604,0
8807,ENSG00000115607,0
55803,ENSG00000184060,0
6869,ENSG00000115353,0
90780,ENSG00000163348,0
56655,ENSG00000115350,0
10654,ENSG00000163344,1
9076,ENSG00000163347,0
57326,ENSG00000163346,0
11031,ENSG00000168461,0
89870,ENSG00000235259,0
28787,ENSG00000211657,0
3386,ENSG00000105371,0
9792,ENSG00000179833,0
11330,ENSG00000162438,0
2057,ENSG00000187266,0
3716,ENSG00000162434,0
219931,ENSG00000162341,0
64065,ENSG00000112378,0
57221,ENSG00000112379,0
9965,ENSG00000162344,0
205,ENSG00000162433,0
11278,ENSG00000118922,0
114815,ENSG00000108018,0
4849,ENSG00000274176,1
646851,ENSG00000184949,0
54627,ENSG00000212916,0
8372,ENSG00000186792,0
10539,ENSG00000108010,0
60385,ENSG00000126467,0
54952,ENSG00000180098,1
29929,ENSG00000088035,0
7205,ENSG00000087077,0
28823,ENSG00000211651,0
171483,ENSG00000177138,0
131544,ENSG00000080200,0
100526772,ENSG00000248592,0
28781,ENSG00000211650,0
5655,ENSG00000129451,0
27180,ENSG00000129450,0
348807,ENSG00000163885,0
57706,ENSG00000119522,0
85365,ENSG00000119523,1
3184,ENSG00000138668,0
5593,ENSG00000138669,0
94240,ENSG00000133106,0
7223,ENSG00000133107,0
23111,ENSG00000133104,0
122042,ENSG00000133105,0
57511,ENSG00000133103,0
84904,ENSG00000137135,0
8900,ENSG00000133101,0
405754,ENSG00000244476,0
5252,ENSG00000225553,0
9997,ENSG00000284194,1
51596,ENSG00000112514,0
1844,ENSG00000158050,0
2321,ENSG00000102755,0
954,ENSG00000054179,0
10628,ENSG00000265972,0
94107,ENSG00000187713,0
115426,ENSG00000147854,0
2058,ENSG00000136628,1
7436,ENSG00000147852,0
140850,ENSG00000088782,0
6999,ENSG00000151790,0
254956,ENSG00000185681,0
152006,ENSG00000137075,0
23048,ENSG00000187239,0
23532,ENSG00000275013,0
10005,ENSG00000101473,0
7125,ENSG00000101470,0
7345,ENSG00000154277,0
781,ENSG00000153956,0
127385,ENSG00000184155,0
57136,ENSG00000101474,0
1588,ENSG00000137869,0
64220,ENSG00000288257,0
318,ENSG00000164978,0
150590,ENSG00000273045,0
3075,ENSG00000000971,0
9153,ENSG00000137860,0
9101,ENSG00000138592,0
29766,ENSG00000138594,0
57462,ENSG00000164976,0
6619,ENSG00000164975,1
7984,ENSG00000284933,0
9066,ENSG00000011347,0
353164,ENSG00000273505,0
79929,ENSG00000180834,0
130355,ENSG00000186132,0
10188,ENSG00000061938,0
113189,ENSG00000169105,0
145581,ENSG00000165379,0
56906,ENSG00000129028,0
10622,ENSG00000113356,0
64223,ENSG00000167965,0
83890,ENSG00000145757,0
83550,ENSG00000165370,0
29957,ENSG00000284468,0
9075,ENSG00000165376,0
728224,ENSG00000204880,0
116150,ENSG00000153989,1
149986,ENSG00000149657,0
54941,ENSG00000101695,0
10963,ENSG00000168439,0
2896,ENSG00000030582,0
390243,ENSG00000183560,0
80772,ENSG00000224051,0
5591,ENSG00000253729,1
123872,ENSG00000154099,0
30835,ENSG00000090659,0
440348,ENSG00000196436,0
25930,ENSG00000076201,1
6818,ENSG00000261052,0
1874,ENSG00000205250,0
10224,ENSG00000180855,0
337985,ENSG00000206104,0
10352,ENSG00000116874,1
350383,ENSG00000257008,0
158586,ENSG00000198455,0
55700,ENSG00000116871,0
91894,ENSG00000149300,0
3060,ENSG00000161610,0
390036,ENSG00000196778,0
10472,ENSG00000179456,0
54813,ENSG00000179454,0
7681,ENSG00000179455,0
126133,ENSG00000161618,0
124538,ENSG00000255713,0
2122,ENSG00000085276,0
55892,ENSG00000085274,0
60528,ENSG00000006744,1
3447,ENSG00000233816,0
9912,ENSG00000006740,0
81035,ENSG00000158270,0
22800,ENSG00000133818,0
353088,ENSG00000197013,0
3562,ENSG00000164399,0
23305,ENSG00000164398,0
3078,ENSG00000244414,0
9645,ENSG00000133816,0
79078,ENSG00000164008,0
81846,ENSG00000133812,0
4863,ENSG00000149308,1
149461,ENSG00000164007,0
440836,ENSG00000177989,0
79683,ENSG00000175048,0
66036,ENSG00000104643,0
28487,ENSG00000211920,0
28499,ENSG00000211923,0
54915,ENSG00000149658,0
124995,ENSG00000159111,1
3455,ENSG00000159110,0
2138,ENSG00000104313,0
8767,ENSG00000104312,0
28804,ENSG00000211670,0
205327,ENSG00000178074,0
7727,ENSG00000103343,0
2935,ENSG00000103342,1
3538,ENSG00000211677,0
6130,ENSG00000280858,1
3539,ENSG00000211679,0
5874,ENSG00000041353,0
1889,ENSG00000117298,0
57109,ENSG00000148300,0
5685,ENSG00000041357,1
3098,ENSG00000156515,0
284654,ENSG00000169218,0
3219,ENSG00000170689,0
127933,ENSG00000152332,0
3208,ENSG00000121905,0
114784,ENSG00000121904,0
201229,ENSG00000232859,0
24149,ENSG00000171467,0
113452,ENSG00000121900,0
7579,ENSG00000121903,0
8707,ENSG00000162630,0
84295,ENSG00000156531,0
55081,ENSG00000114446,0
135228,ENSG00000156535,0
100303755,ENSG00000232838,1
6817,ENSG00000196502,0
166929,ENSG00000164023,0
9255,ENSG00000164022,0
168391,ENSG00000106648,0
25915,ENSG00000178057,0
55749,ENSG00000060339,0
2475,ENSG00000198793,1
129138,ENSG00000100124,0
10061,ENSG00000033050,0
1414,ENSG00000100122,0
27284,ENSG00000173597,0
387778,ENSG00000204710,0
91227,ENSG00000100121,0
55742,ENSG00000197702,0
159686,ENSG00000120051,0
407,ENSG00000120500,0
2805,ENSG00000120053,0
1369,ENSG00000120054,0
79946,ENSG00000120055,0
10480,ENSG00000149100,1
6425,ENSG00000120057,0
60481,ENSG00000012660,0
83693,ENSG00000103160,0
23174,ENSG00000140948,1
85015,ENSG00000123552,0
81631,ENSG00000140941,0
1551,ENSG00000160870,0
8720,ENSG00000140943,0
116255,ENSG00000124003,0
56927,ENSG00000125734,0
8740,ENSG00000125735,0
921,ENSG00000110448,0
9322,ENSG00000125733,0
718,ENSG00000125730,0
23598,ENSG00000100105,0
401115,ENSG00000243449,0
51296,ENSG00000110446,0
163782,ENSG00000132854,0
29099,ENSG00000110442,0
58505,ENSG00000198856,0
9697,ENSG00000065308,0
7286,ENSG00000143367,0
5245,ENSG00000167085,1
8632,ENSG00000187775,0
11153,ENSG00000198855,0
58497,ENSG00000143363,0
3903,ENSG00000167613,0
55216,ENSG00000150776,0
79987,ENSG00000165124,0
112611,ENSG00000013392,0
10262,ENSG00000143368,1
114823,ENSG00000276681,1
57348,ENSG00000276887,0
26735,ENSG00000171481,0
3418,ENSG00000182054,0
387119,ENSG00000111860,0
84830,ENSG00000111863,0
126410,ENSG00000171954,0
389852,ENSG00000171489,0
84230,ENSG00000171488,0
51523,ENSG00000171604,0
161582,ENSG00000256061,0
10887,ENSG00000169618,0
91300,ENSG00000198858,0
9422,ENSG00000083844,0
8455,ENSG00000088812,0
286262,ENSG00000176058,0
28978,ENSG00000096092,0
114327,ENSG00000096093,0
4978,ENSG00000183715,0
157777,ENSG00000178460,0
79861,ENSG00000178462,0
283116,ENSG00000182053,0
387836,ENSG00000188393,0
54681,ENSG00000178467,0
4763,ENSG00000196712,0
6041,ENSG00000135828,0
4641,ENSG00000197879,0
5048,ENSG00000007168,1
56,ENSG00000134940,0
55844,ENSG00000175470,0
79772,ENSG00000175471,0
81553,ENSG00000197872,0
2844,ENSG00000188394,0
58488,ENSG00000141179,0
28923,ENSG00000241294,0
6578,ENSG00000174640,0
55652,ENSG00000211584,0
773,ENSG00000141837,0
55556,ENSG00000132199,0
154807,ENSG00000196715,0
8481,ENSG00000046651,0
2824,ENSG00000046653,0
3062,ENSG00000137252,0
10936,ENSG00000119737,0
283349,ENSG00000153179,0
3737,ENSG00000177301,0
7156,ENSG00000177302,0
54674,ENSG00000173114,0
160492,ENSG00000152936,0
494143,ENSG00000143942,0
23604,ENSG00000035664,0
23316,ENSG00000111249,0
100288814,ENSG00000234469,0
51599,ENSG00000105699,0
51451,ENSG00000205629,0
28299,ENSG00000243466,0
2251,ENSG00000111241,0
113675,ENSG00000139410,0
4633,ENSG00000111245,0
10635,ENSG00000111247,0
51070,ENSG00000142546,0
100533111,ENSG00000135747,0
183,ENSG00000135744,0
4478,ENSG00000147065,0
9392,ENSG00000135966,0
85025,ENSG00000135211,0
6553,ENSG00000135740,0
23063,ENSG00000062650,1
9648,ENSG00000135968,0
57474,ENSG00000188033,0
948,ENSG00000135218,0
6248,ENSG00000215695,0
1031,ENSG00000123080,0
80003,ENSG00000135749,0
3659,ENSG00000125347,0
51339,ENSG00000165617,0
6327,ENSG00000149575,0
390083,ENSG00000184478,0
114034,ENSG00000132773,0
1036,ENSG00000129596,0
57481,ENSG00000250423,0
64097,ENSG00000129595,0
10587,ENSG00000184470,0
390664,ENSG00000184471,0
125704,ENSG00000187773,0
55203,ENSG00000153012,0
2992,ENSG00000163754,0
3445,ENSG00000120242,0
6522,ENSG00000164889,0
7643,ENSG00000213988,0
10283,ENSG00000153015,0
131616,ENSG00000169964,0
8612,ENSG00000141934,0
91978,ENSG00000141933,0
8906,ENSG00000213983,0
7324,ENSG00000170142,0
9451,ENSG00000172071,0
1198,ENSG00000179335,0
57110,ENSG00000127252,0
54734,ENSG00000179331,0
5409,ENSG00000141744,0
79736,ENSG00000172171,1
28998,ENSG00000172172,0
7390,ENSG00000188690,0
7003,ENSG00000187079,0
10892,ENSG00000172175,0
342892,ENSG00000267041,0
25780,ENSG00000152689,0
85280,ENSG00000241595,0
140893,ENSG00000130701,0
10403,ENSG00000080986,1
28896,ENSG00000239975,0
57623,ENSG00000066827,0
57599,ENSG00000114742,0
645811,ENSG00000197599,0
64689,ENSG00000114745,0
51122,ENSG00000114744,0
3911,ENSG00000130702,0
9595,ENSG00000115165,0
28488,ENSG00000228131,0
100507170,ENSG00000226685,0
1058,ENSG00000115163,1
91734,ENSG00000148377,0
3426,ENSG00000205403,0
4214,ENSG00000095015,0
4065,ENSG00000054219,0
54806,ENSG00000135541,0
9469,ENSG00000122863,0
338599,ENSG00000188716,0
7272,ENSG00000112742,1
8218,ENSG00000070371,0
83787,ENSG00000282813,0
5884,ENSG00000276618,1
57459,ENSG00000261992,0
9085,ENSG00000172288,0
152137,ENSG00000152492,0
814,ENSG00000152495,0
3189,ENSG00000096746,0
84299,ENSG00000141741,0
118472,ENSG00000198546,0
130013,ENSG00000153086,0
340595,ENSG00000187823,0
5422,ENSG00000101868,1
90737,ENSG00000158639,0
5570,ENSG00000135549,0
9541,ENSG00000138433,0
5858,ENSG00000126838,0
29789,ENSG00000138430,0
3821,ENSG00000134545,0
1134,ENSG00000138435,0
10076,ENSG00000060656,0
3231,ENSG00000128645,0
167227,ENSG00000172795,0
150864,ENSG00000138439,0
23179,ENSG00000143344,0
4430,ENSG00000128641,0
321,ENSG00000034053,0
6161,ENSG00000144713,1
10875,ENSG00000127951,0
83440,ENSG00000159322,0
80095,ENSG00000166704,0
348110,ENSG00000242498,0
2255,ENSG00000070193,0
27071,ENSG00000070190,0
123103,ENSG00000291793,0
55192,ENSG00000104129,1
10871,ENSG00000291920,0
56301,ENSG00000130876,0
151516,ENSG00000244617,0
9798,ENSG00000182149,0
91683,ENSG00000173227,0
6144,ENSG00000122026,1
2322,ENSG00000122025,0
1271,ENSG00000122756,0
192669,ENSG00000126070,0
57171,ENSG00000167130,0
221477,ENSG00000198663,0
6039,ENSG00000169413,0
54033,ENSG00000185272,0
64859,ENSG00000173559,0
84717,ENSG00000167674,0
152815,ENSG00000174796,0
1296,ENSG00000171812,0
941,ENSG00000121594,0
148545,ENSG00000196427,0
6555,ENSG00000125255,0
57691,ENSG00000168116,0
10257,ENSG00000125257,0
170394,ENSG00000171813,0
83894,ENSG00000137473,0
389151,ENSG00000184814,0
9542,ENSG00000158458,0
9819,ENSG00000196428,0
4647,ENSG00000137474,0
9662,ENSG00000174799,0
389658,ENSG00000196711,0
10517,ENSG00000171931,0
26248,ENSG00000171133,0
54777,ENSG00000171811,0
400258,ENSG00000184601,0
768211,ENSG00000181826,0
26266,ENSG00000164707,0
3688,ENSG00000150093,0
10917,ENSG00000168903,0
4144,ENSG00000168906,1
123355,ENSG00000168904,0
114960,ENSG00000213265,0
64714,ENSG00000185615,0
642597,ENSG00000231824,0
131474,ENSG00000163528,0
1282,ENSG00000187498,0
55016,ENSG00000145416,0
219539,ENSG00000166793,0
6759,ENSG00000268009,0
56915,ENSG00000077348,1
57758,ENSG00000175356,0
4157,ENSG00000258839,0
966,ENSG00000085063,0
63943,ENSG00000223666,0
3930,ENSG00000143815,0
10003,ENSG00000077616,0
55171,ENSG00000113838,0
27244,ENSG00000080546,0
80221,ENSG00000167107,0
55684,ENSG00000196642,0
9416,ENSG00000174243,1
51109,ENSG00000072042,0
55117,ENSG00000072041,0
399665,ENSG00000167106,0
80335,ENSG00000164091,1
1615,ENSG00000115866,1
65985,ENSG00000081760,0
373156,ENSG00000197448,0
201305,ENSG00000182557,0
128859,ENSG00000167104,0
55256,ENSG00000280830,0
3783,ENSG00000104783,0
84705,ENSG00000130299,0
55668,ENSG00000089916,0
3980,ENSG00000005156,0
547,ENSG00000130294,0
149483,ENSG00000159588,0
79822,ENSG00000088756,0
26173,ENSG00000164880,1
163404,ENSG00000117598,0
4141,ENSG00000166986,1
89910,ENSG00000151148,0
55157,ENSG00000117593,1
9588,ENSG00000117592,0
27042,ENSG00000117597,1
3664,ENSG00000117595,0
3290,ENSG00000117594,0
23101,ENSG00000053524,0
83903,ENSG00000177602,0
4507,ENSG00000099810,0
283638,ENSG00000099814,0
343068,ENSG00000282424,0
644672,ENSG00000228607,0
1955,ENSG00000106780,0
414157,ENSG00000203942,0
113000,ENSG00000007376,0
9830,ENSG00000106785,0
5308,ENSG00000164093,0
5080,ENSG00000007372,0
10666,ENSG00000150637,0
5693,ENSG00000100804,1
1977,ENSG00000151247,0
60686,ENSG00000100802,0
2217,ENSG00000104870,0
55011,ENSG00000104872,0
148345,ENSG00000175262,0
23015,ENSG00000291995,0
8534,ENSG00000175264,0
146177,ENSG00000175267,0
1158,ENSG00000104879,0
5649,ENSG00000189056,0
729250,ENSG00000234278,0
79077,ENSG00000179958,0
9562,ENSG00000107789,0
51490,ENSG00000198917,1
2280,ENSG00000088832,0
64067,ENSG00000151322,0
9472,ENSG00000151320,0
283635,ENSG00000151327,0
285989,ENSG00000198556,0
57151,ENSG00000277042,0
1114,ENSG00000089199,0
85509,ENSG00000170948,0
79068,ENSG00000140718,0
51605,ENSG00000089195,0
373509,ENSG00000170236,0
2172,ENSG00000170231,0
4619,ENSG00000109061,0
26275,ENSG00000198130,0
9349,ENSG00000125691,1
55970,ENSG00000172380,0
55625,ENSG00000153786,0
9368,ENSG00000109062,0
123096,ENSG00000197119,0
64411,ENSG00000120318,0
8540,ENSG00000018510,0
3024,ENSG00000124610,0
54853,ENSG00000120314,1
5704,ENSG00000013275,1
6204,ENSG00000124614,1
7499,ENSG00000124343,0
3835,ENSG00000079616,0
23416,ENSG00000135519,0
116135,ENSG00000179796,0
5940,ENSG00000234414,0
100287364,ENSG00000250844,0
256126,ENSG00000161860,0
1473,ENSG00000170367,0
4179,ENSG00000117335,0
7874,ENSG00000187555,0
389118,ENSG00000187492,0
2972,ENSG00000185024,1
23764,ENSG00000185022,0
9615,ENSG00000119125,0
4090,ENSG00000113658,1
51305,ENSG00000169427,0
138241,ENSG00000155621,0
84333,ENSG00000180628,0
1612,ENSG00000196730,0
1577,ENSG00000106258,0
5037,ENSG00000089220,0
6404,ENSG00000110876,0
6910,ENSG00000089225,0
27123,ENSG00000155011,0
3886,ENSG00000197079,0
55072,ENSG00000285152,0
139604,ENSG00000189023,0
50813,ENSG00000111652,0
51147,ENSG00000111653,0
51310,ENSG00000092096,0
55644,ENSG00000291794,1
127687,ENSG00000197982,0
2819,ENSG00000167588,0
3187,ENSG00000284254,1
1734,ENSG00000211448,0
63897,ENSG00000068097,0
26355,ENSG00000114023,0
56954,ENSG00000114021,0
4968,ENSG00000114026,0
387695,ENSG00000188373,0
23557,ENSG00000143553,0
119682,ENSG00000176798,0
23547,ENSG00000239961,0
287015,ENSG00000155890,0
128218,ENSG00000179178,0
55753,ENSG00000197444,0
4295,ENSG00000096395,0
55876,ENSG00000073605,0
374454,ENSG00000189182,0
142891,ENSG00000156671,0
8492,ENSG00000164099,0
93408,ENSG00000106436,0
51014,ENSG00000134970,0
9149,ENSG00000105204,0
1178,ENSG00000105205,0
10044,ENSG00000095370,0
7784,ENSG00000188372,0
2091,ENSG00000105202,1
221749,ENSG00000168994,0
245711,ENSG00000163806,0
155184,ENSG00000197241,0
5204,ENSG00000291834,0
29882,ENSG00000176248,1
644100,ENSG00000268223,0
4327,ENSG00000123342,0
122742,ENSG00000176246,0
266747,ENSG00000159496,0
414149,ENSG00000176244,0
2788,ENSG00000176533,0
84193,ENSG00000183576,0
138255,ENSG00000204711,0
90861,ENSG00000206053,0
51308,ENSG00000132563,0
4147,ENSG00000132561,0
5624,ENSG00000115718,0
90736,ENSG00000182518,0
7185,ENSG00000056558,0
56660,ENSG00000184261,0
8338,ENSG00000184260,0
124989,ENSG00000178852,0
27018,ENSG00000166681,0
388135,ENSG00000205363,0
161514,ENSG00000167139,0
2021,ENSG00000167136,0
285016,ENSG00000189292,0
63948,ENSG00000143006,0
399474,ENSG00000253304,0
199964,ENSG00000143001,0
51765,ENSG00000134602,0
56916,ENSG00000163104,0
29767,ENSG00000128872,0
1521,ENSG00000172543,0
64708,ENSG00000144524,0
155,ENSG00000188778,0
348938,ENSG00000172548,0
23423,ENSG00000166557,0
51059,ENSG00000147724,0
653657,ENSG00000182315,0
22827,ENSG00000179950,1
11222,ENSG00000114686,1
401399,ENSG00000224940,0
26339,ENSG00000232382,0
2161,ENSG00000131187,0
54039,ENSG00000183570,0
4669,ENSG00000108784,0
653316,ENSG00000204677,0
5026,ENSG00000083454,0
386653,ENSG00000204671,0
3682,ENSG00000083457,0
126961,ENSG00000203811,0
8829,ENSG00000099250,0
56616,ENSG00000184047,0
259,ENSG00000106927,0
56952,ENSG00000099256,0
84688,ENSG00000164972,0
6440,ENSG00000168484,0
203190,ENSG00000168481,0
146822,ENSG00000223510,0
64777,ENSG00000145916,0
116143,ENSG00000243667,1
100289678,ENSG00000204946,0
55737,ENSG00000069329,1
286,ENSG00000029534,0
55770,ENSG00000112685,1
57026,ENSG00000241360,0
29855,ENSG00000118900,0
653145,ENSG00000265190,0
10691,ENSG00000162419,0
94056,ENSG00000169895,0
5459,ENSG00000091010,0
85437,ENSG00000139168,0
708,ENSG00000108561,1
55233,ENSG00000114978,0
5176,ENSG00000132386,0
6117,ENSG00000132383,1
10514,ENSG00000132382,1
196527,ENSG00000177119,0
387338,ENSG00000117481,1
27130,ENSG00000119509,0
84838,ENSG00000291884,0
285220,ENSG00000080224,0
3009,ENSG00000184357,0
9531,ENSG00000151929,0
599,ENSG00000129473,0
84932,ENSG00000129472,0
28507,ENSG00000237020,0
84962,ENSG00000129474,0
7535,ENSG00000115085,0
80255,ENSG00000115084,0
7105,ENSG00000000003,0
1535,ENSG00000051523,0
10966,ENSG00000141542,0
64102,ENSG00000000005,0
84888,ENSG00000138600,0
23118,ENSG00000055208,0
381,ENSG00000004059,0
90525,ENSG00000138606,0
3920,ENSG00000005893,0
4758,ENSG00000234343,0
128344,ENSG00000173947,0
80256,ENSG00000005238,0
80736,ENSG00000204385,0
203197,ENSG00000157693,0
2928,ENSG00000063515,0
123,ENSG00000147872,0
6498,ENSG00000136603,0
4360,ENSG00000260314,0
10935,ENSG00000165672,0
653067,ENSG00000204382,0
5173,ENSG00000101327,0
8241,ENSG00000182872,0
116092,ENSG00000101457,0
9955,ENSG00000153976,0
54363,ENSG00000101323,0
143903,ENSG00000204381,0
6382,ENSG00000115884,0
147837,ENSG00000188868,0
11160,ENSG00000147475,0
728577,ENSG00000154529,0
10461,ENSG00000153208,0
23005,ENSG00000137802,0
7057,ENSG00000137801,0
51103,ENSG00000137806,0
91147,ENSG00000164953,0
5191,ENSG00000112357,0
22801,ENSG00000137809,0
2147,ENSG00000180210,0
219982,ENSG00000172320,0
4059,ENSG00000187244,0
54959,ENSG00000109205,0
219438,ENSG00000186119,0
374973,ENSG00000186118,0
84335,ENSG00000204673,0
9603,ENSG00000050344,0
5464,ENSG00000180817,1
389840,ENSG00000180815,0
9956,ENSG00000122254,0
2983,ENSG00000061918,0
3226,ENSG00000180818,0
5930,ENSG00000122257,1
10178,ENSG00000009694,0
51554,ENSG00000129048,0
94032,ENSG00000163888,0
25850,ENSG00000251247,0
79091,ENSG00000067365,0
7486,ENSG00000165392,0
5066,ENSG00000145730,0
7158,ENSG00000067369,0
3304,ENSG00000204388,0
55814,ENSG00000145734,0
2966,ENSG00000145736,0
81,ENSG00000282844,0
8302,ENSG00000183542,0
847,ENSG00000121691,0
91614,ENSG00000121690,0
5079,ENSG00000196092,0
29974,ENSG00000148584,0
55958,ENSG00000198642,0
390261,ENSG00000196099,0
116337,ENSG00000154143,0
9829,ENSG00000116675,0
55796,ENSG00000076770,0
168090,ENSG00000112539,0
374868,ENSG00000282266,0
10459,ENSG00000116670,0
2204,ENSG00000275136,0
441273,ENSG00000205238,0
146433,ENSG00000157368,0
135138,ENSG00000112530,0
9444,ENSG00000112531,0
10625,ENSG00000116679,0
3953,ENSG00000116678,0
252839,ENSG00000116857,0
340895,ENSG00000204740,0
6477,ENSG00000196470,0
1159,ENSG00000237289,0
3419,ENSG00000166411,1
8715,ENSG00000101746,0
10363,ENSG00000140382,0
49855,ENSG00000140386,0
58511,ENSG00000137976,0
6697,ENSG00000116096,0
8792,ENSG00000141655,0
534,ENSG00000226850,0
26091,ENSG00000148634,0
3295,ENSG00000133835,0
11212,ENSG00000147471,0
799,ENSG00000004948,0
442721,ENSG00000170807,0
10454,ENSG00000100324,0
84164,ENSG00000100325,0
28450,ENSG00000211941,0
390212,ENSG00000175514,0
23543,ENSG00000277564,0
23484,ENSG00000104660,0
8814,ENSG00000100490,0
55002,ENSG00000150403,0
64801,ENSG00000173409,0
28442,ENSG00000211949,0
2186,ENSG00000171634,0
8729,ENSG00000107862,1
57584,ENSG00000107863,0
6923,ENSG00000103363,0
5730,ENSG00000107317,0
23062,ENSG00000103365,0
5599,ENSG00000107643,0
22849,ENSG00000107864,0
643155,ENSG00000188725,0
80169,ENSG00000178971,1
157567,ENSG00000186106,0
7455,ENSG00000146839,0
646424,ENSG00000229453,0
118670,ENSG00000203795,0
1136,ENSG00000080644,0
796,ENSG00000110680,0
29028,ENSG00000156802,0
56257,ENSG00000289690,1
254228,ENSG00000178033,0
92949,ENSG00000178031,0
10424,ENSG00000164040,0
80831,ENSG00000277390,0
124930,ENSG00000198720,0
7263,ENSG00000128311,0
8484,ENSG00000128310,0
27,ENSG00000143322,0
285231,ENSG00000164049,0
51385,ENSG00000164048,0
81706,ENSG00000198729,0
90933,ENSG00000146063,0
246778,ENSG00000197272,0
2980,ENSG00000197273,0
5435,ENSG00000100142,1
284058,ENSG00000275867,1
3439,ENSG00000197919,0
6663,ENSG00000100146,0
3215,ENSG00000120075,0
54534,ENSG00000136897,0
284361,ENSG00000161671,0
7718,ENSG00000197279,0
54865,ENSG00000160818,0
256764,ENSG00000166415,0
84253,ENSG00000136895,0
29948,ENSG00000140961,0
146542,ENSG00000229809,0
221908,ENSG00000160813,0
3394,ENSG00000140968,0
10204,ENSG00000102898,1
84915,ENSG00000139438,0
7408,ENSG00000125753,0
8368,ENSG00000275126,0
8189,ENSG00000125755,1
79767,ENSG00000102890,0
84560,ENSG00000102891,0
5257,ENSG00000102893,0
767557,ENSG00000254806,0
54583,ENSG00000135766,0
64782,ENSG00000181026,0
57149,ENSG00000102897,0
23213,ENSG00000137573,0
9423,ENSG00000065320,0
84309,ENSG00000168101,0
131870,ENSG00000198585,0
25874,ENSG00000143158,0
3811,ENSG00000284426,0
9340,ENSG00000065325,0
987,ENSG00000198589,0
55388,ENSG00000065328,0
126295,ENSG00000171970,0
94122,ENSG00000147041,0
9620,ENSG00000075275,0
63925,ENSG00000198026,1
5053,ENSG00000171759,0
100287478,ENSG00000249811,0
221302,ENSG00000153975,0
1830,ENSG00000134757,0
26002,ENSG00000079931,0
261726,ENSG00000143155,0
27074,ENSG00000078081,0
10631,ENSG00000133110,0
10203,ENSG00000064989,0
3931,ENSG00000213398,0
699,ENSG00000169679,0
137886,ENSG00000215114,0
84952,ENSG00000128849,0
79722,ENSG00000164512,0
83733,ENSG00000182902,0
575,ENSG00000181790,0
11040,ENSG00000292210,0
2731,ENSG00000178445,0
10389,ENSG00000102098,0
2250,ENSG00000138675,0
63947,ENSG00000269502,0
22872,ENSG00000138674,0
51710,ENSG00000197857,0
64770,ENSG00000175455,0
55924,ENSG00000197852,0
440689,ENSG00000203814,1
8733,ENSG00000197858,0
9719,ENSG00000197859,0
79668,ENSG00000151883,0
5095,ENSG00000175198,0
51659,ENSG00000131153,1
8131,ENSG00000103148,0
81037,ENSG00000274811,0
83860,ENSG00000165632,1
80712,ENSG00000123576,0
139231,ENSG00000123575,0
94030,ENSG00000131409,0
51209,ENSG00000123570,0
57679,ENSG00000003393,0
4113,ENSG00000099399,0
8559,ENSG00000165630,0
5468,ENSG00000132170,0
680,ENSG00000102239,0
81602,ENSG00000102543,0
139105,ENSG00000177324,0
9468,ENSG00000102230,0
81617,ENSG00000102547,0
3778,ENSG00000156113,0
140732,ENSG00000167098,0
64241,ENSG00000143921,0
159,ENSG00000035687,1
8439,ENSG00000035681,0
1448,ENSG00000171209,0
27436,ENSG00000143924,0
10396,ENSG00000124406,0
11085,ENSG00000134249,0
10879,ENSG00000171201,0
57115,ENSG00000163218,0
374860,ENSG00000180777,0
253832,ENSG00000180776,0
131566,ENSG00000057019,0
186,ENSG00000180772,0
57097,ENSG00000111224,0
28485,ENSG00000225825,0
246176,ENSG00000270765,0
10094,ENSG00000111229,1
54207,ENSG00000100433,0
150368,ENSG00000177096,0
1783,ENSG00000135720,0
55336,ENSG00000135722,0
29109,ENSG00000135723,0
285193,ENSG00000188542,0
6274,ENSG00000188015,0
343641,ENSG00000166948,0
4088,ENSG00000166949,0
399687,ENSG00000196535,0
64112,ENSG00000165943,0
9628,ENSG00000182732,0
50717,ENSG00000132716,0
91653,ENSG00000144857,0
353513,ENSG00000129862,0
122509,ENSG00000165948,0
147923,ENSG00000197050,0
9084,ENSG00000129864,0
254240,ENSG00000184459,0
81889,ENSG00000180185,0
5211,ENSG00000141959,0
390916,ENSG00000213965,0
2921,ENSG00000163734,0
6374,ENSG00000163735,0
5473,ENSG00000163736,0
5196,ENSG00000163737,0
441024,ENSG00000163738,0
10797,ENSG00000065911,0
51252,ENSG00000168754,0
63977,ENSG00000141956,0
6819,ENSG00000198203,0
147007,ENSG00000244045,1
3451,ENSG00000234829,0
26189,ENSG00000172150,0
80781,ENSG00000292234,0
6356,ENSG00000172156,0
151188,ENSG00000177917,0
120586,ENSG00000172154,0
10555,ENSG00000169692,0
64951,ENSG00000062582,1
257019,ENSG00000172159,0
79830,ENSG00000197056,0
10143,ENSG00000166509,0
9194,ENSG00000118596,0
9136,ENSG00000114767,1
3376,ENSG00000291356,1
2335,ENSG00000115414,0
6772,ENSG00000115415,0
10254,ENSG00000115145,0
9519,ENSG00000028839,0
6548,ENSG00000090020,0
2744,ENSG00000115419,0
55319,ENSG00000198498,0
84065,ENSG00000186501,0
256158,ENSG00000148357,0
90678,ENSG00000148356,0
1182,ENSG00000109572,0
57720,ENSG00000148358,0
9726,ENSG00000167395,0
51166,ENSG00000109576,0
57620,ENSG00000109689,0
5606,ENSG00000034152,0
3298,ENSG00000025156,0
55658,ENSG00000070423,0
8620,ENSG00000139574,0
25942,ENSG00000169375,1
389158,ENSG00000231213,0
392617,ENSG00000225968,0
3752,ENSG00000171385,0
7804,ENSG00000157193,0
926,ENSG00000172116,0
55707,ENSG00000157191,0
55799,ENSG00000157445,0
6794,ENSG00000118046,0
4666,ENSG00000196531,0
152789,ENSG00000152969,0
10786,ENSG00000124564,0
7716,ENSG00000136451,0
6426,ENSG00000136450,1
1101,ENSG00000136457,0
134829,ENSG00000146352,0
221322,ENSG00000146350,0
2170,ENSG00000121769,0
54205,ENSG00000172115,1
51651,ENSG00000141378,0
29896,ENSG00000164548,0
54828,ENSG00000141376,0
138804,ENSG00000148136,0
57520,ENSG00000138411,0
124773,ENSG00000141371,0
3417,ENSG00000138413,0
586,ENSG00000060982,0
6568,ENSG00000124568,0
5189,ENSG00000127980,0
146439,ENSG00000162069,0
4917,ENSG00000162068,0
4610,ENSG00000116990,0
57568,ENSG00000116991,0
7978,ENSG00000127989,0
10565,ENSG00000066777,0
285381,ENSG00000154813,1
80178,ENSG00000162062,0
57829,ENSG00000116996,0
79058,ENSG00000169696,0
100310846,ENSG00000157999,0
5350,ENSG00000198523,0
79803,ENSG00000166189,0
9069,ENSG00000157224,0
55727,ENSG00000011114,0
143678,ENSG00000234776,0
23676,ENSG00000091482,0
2271,ENSG00000091483,1
260434,ENSG00000169900,0
8678,ENSG00000126581,0
5255,ENSG00000067177,0
5582,ENSG00000126583,0
728049,ENSG00000230347,0
1163,ENSG00000173207,0
770,ENSG00000063180,0
51426,ENSG00000122008,0
29935,ENSG00000204086,0
220042,ENSG00000165490,0
140801,ENSG00000165496,0
63876,ENSG00000165495,0
51585,ENSG00000165494,1
338699,ENSG00000137494,0
5339,ENSG00000178209,0
10068,ENSG00000137496,0
4926,ENSG00000137497,0
5612,ENSG00000137492,1
3171,ENSG00000170608,0
143888,ENSG00000178202,0
4869,ENSG00000181163,0
403,ENSG00000138175,0
84083,ENSG00000121988,0
55103,ENSG00000116191,0
284274,ENSG00000206026,0
55671,ENSG00000100796,0
9068,ENSG00000116194,0
9731,ENSG00000116198,0
9917,ENSG00000116199,0
11080,ENSG00000162616,0
51530,ENSG00000091732,0
221785,ENSG00000197037,0
285550,ENSG00000237765,0
79258,ENSG00000277131,0
93973,ENSG00000113812,1
10051,ENSG00000113810,1
58515,ENSG00000113811,0
84203,ENSG00000168454,0
85452,ENSG00000142609,0
285141,ENSG00000204334,0
80216,ENSG00000073331,0
11043,ENSG00000080561,0
5887,ENSG00000119318,1
412,ENSG00000101846,0
115201,ENSG00000101844,0
9991,ENSG00000119314,0
340547,ENSG00000101842,0
5716,ENSG00000101843,0
3434,ENSG00000185745,0
7363,ENSG00000156096,0
56136,ENSG00000239389,0
83901,ENSG00000187272,0
285852,ENSG00000188056,0
163590,ENSG00000169905,0
271,ENSG00000116337,0
150275,ENSG00000159873,0
284348,ENSG00000159871,0
170690,ENSG00000145536,0
160298,ENSG00000180878,0
132243,ENSG00000178804,0
3045,ENSG00000223609,0
158401,ENSG00000165181,0
117245,ENSG00000168004,0
79657,ENSG00000005175,0
28773,ENSG00000223350,0
8353,ENSG00000274750,0
142686,ENSG00000239388,0
3854,ENSG00000185479,0
65268,ENSG00000165238,0
285513,ENSG00000185477,0
53841,ENSG00000273572,0
374395,ENSG00000185475,0
254158,ENSG00000165182,0
84270,ENSG00000165233,0
79740,ENSG00000169064,0
51497,ENSG00000101158,0
64648,ENSG00000196406,0
9227,ENSG00000121207,0
10427,ENSG00000138802,0
51466,ENSG00000196405,0
7165,ENSG00000101150,0
9334,ENSG00000158470,0
80331,ENSG00000101152,0
6330,ENSG00000177098,0
11129,ENSG00000104859,1
54714,ENSG00000170289,0
6625,ENSG00000104852,1
1209,ENSG00000104853,0
727957,ENSG00000179832,0
5335,ENSG00000124181,0
5971,ENSG00000104856,0
4878,ENSG00000175206,0
112574,ENSG00000178996,0
23677,ENSG00000130147,0
219965,ENSG00000197786,0
9781,ENSG00000151692,0
8812,ENSG00000090061,1
54842,ENSG00000151690,0
389690,ENSG00000291473,0
1241,ENSG00000213903,0
6868,ENSG00000151694,0
9526,ENSG00000129255,0
8516,ENSG00000077943,0
2192,ENSG00000077942,0
10749,ENSG00000129250,0
375337,ENSG00000173769,0
6909,ENSG00000121068,0
195814,ENSG00000170786,0
283297,ENSG00000170782,0
3037,ENSG00000170961,0
9895,ENSG00000196663,0
80310,ENSG00000170962,0
10761,ENSG00000170965,0
8405,ENSG00000121067,0
59342,ENSG00000121064,0
5356,ENSG00000171566,1
2244,ENSG00000171564,0
2243,ENSG00000171560,0
341152,ENSG00000171561,0
79794,ENSG00000111412,0
63923,ENSG00000120332,0
91687,ENSG00000120334,0
8995,ENSG00000120337,0
399909,ENSG00000197136,0
94005,ENSG00000087111,0
3399,ENSG00000117318,0
246269,ENSG00000135537,0
132200,ENSG00000163632,0
10733,ENSG00000142731,1
9064,ENSG00000142733,0
7018,ENSG00000091513,0
22837,ENSG00000082438,0
100528064,ENSG00000285425,0
222546,ENSG00000185002,0
8694,ENSG00000185000,0
11236,ENSG00000170881,0
1043,ENSG00000169442,0
8853,ENSG00000151693,0
93380,ENSG00000169446,1
79631,ENSG00000140598,0
401427,ENSG00000284749,0
5521,ENSG00000156475,0
23196,ENSG00000048828,0
9791,ENSG00000156471,0
400757,ENSG00000203963,0
10961,ENSG00000089248,0
168433,ENSG00000188050,0
4885,ENSG00000106236,0
84455,ENSG00000203965,0
25979,ENSG00000109016,0
3785,ENSG00000281151,0
8346,ENSG00000278588,0
54433,ENSG00000109534,1
160518,ENSG00000170456,0
54577,ENSG00000244122,0
7594,ENSG00000198521,0
9663,ENSG00000101577,0
400506,ENSG00000103550,0
23105,ENSG00000053108,0
4893,ENSG00000213281,0
100130519,ENSG00000188051,0
139425,ENSG00000226372,0
256471,ENSG00000164073,0
8332,ENSG00000276903,0
130074,ENSG00000152102,0
4326,ENSG00000198598,0
5784,ENSG00000152104,0
390174,ENSG00000261958,0
81490,ENSG00000282367,0
125988,ENSG00000174917,0
595,ENSG00000110092,0
1374,ENSG00000110090,0
100134934,ENSG00000257949,0
23568,ENSG00000102931,0
23090,ENSG00000102935,0
51090,ENSG00000102934,0
3703,ENSG00000134910,0
54863,ENSG00000198113,0
23246,ENSG00000261236,0
255313,ENSG00000226929,0
57282,ENSG00000144290,0
11095,ENSG00000134917,0
64432,ENSG00000131368,1
7704,ENSG00000109906,0
23600,ENSG00000242110,0
56144,ENSG00000291652,0
517,ENSG00000135390,0
85406,ENSG00000135392,0
9980,ENSG00000142197,0
404785,ENSG00000187537,0
84071,ENSG00000118690,0
64333,ENSG00000123329,0
80740,ENSG00000236183,0
55582,ENSG00000165115,0
374378,ENSG00000110328,0
11066,ENSG00000184209,1
10247,ENSG00000132541,0
1041,ENSG00000237165,0
7111,ENSG00000136842,0
114571,ENSG00000149742,0
1982,ENSG00000110321,1
51473,ENSG00000146038,0
10050,ENSG00000146039,0
157680,ENSG00000132549,0
3587,ENSG00000110324,0
64061,ENSG00000184205,0
1815,ENSG00000276825,0
143689,ENSG00000134627,0
200539,ENSG00000163126,0
221395,ENSG00000069122,0
10768,ENSG00000168710,0
353,ENSG00000198931,0
29944,ENSG00000183837,0
134637,ENSG00000189007,0
284612,ENSG00000143028,0
51450,ENSG00000167157,0
115361,ENSG00000162654,0
120066,ENSG00000278253,0
57092,ENSG00000081154,0
26155,ENSG00000188976,1
127002,ENSG00000162650,0
391002,ENSG00000278021,0
23218,ENSG00000160796,0
257240,ENSG00000185915,0
54093,ENSG00000185917,0
81565,ENSG00000166579,0
115811,ENSG00000166578,0
165721,ENSG00000179407,0
9737,ENSG00000198932,0
2893,ENSG00000152578,0
81572,ENSG00000088356,1
440270,ENSG00000215252,0
60493,ENSG00000215251,0
259236,ENSG00000181585,0
84695,ENSG00000115318,0
4340,ENSG00000236561,0
7932,ENSG00000229185,0
646019,ENSG00000283718,0
3669,ENSG00000172183,0
57142,ENSG00000115310,0
27429,ENSG00000115317,0
84908,ENSG00000035141,0
399664,ENSG00000181588,0
56203,ENSG00000163380,0
2356,ENSG00000136877,1
7133,ENSG00000028137,0
10294,ENSG00000069345,0
90634,ENSG00000139597,0
28479,ENSG00000242887,0
23646,ENSG00000105223,0
2821,ENSG00000105220,1
208,ENSG00000105221,0
56141,ENSG00000291655,0
57415,ENSG00000114405,0
1716,ENSG00000114956,0
28408,ENSG00000224650,0
57692,ENSG00000198934,0
6335,ENSG00000169432,0
4671,ENSG00000278613,0
23125,ENSG00000108509,0
55544,ENSG00000132819,0
3042,ENSG00000206177,0
55254,ENSG00000176142,0
254950,ENSG00000186970,0
127066,ENSG00000177174,0
353137,ENSG00000240386,0
9948,ENSG00000071127,1
28937,ENSG00000240382,0
23395,ENSG00000011376,1
79921,ENSG00000133142,0
5965,ENSG00000004700,0
4922,ENSG00000133636,0
60490,ENSG00000138621,1
196743,ENSG00000148832,0
201292,ENSG00000141569,0
54934,ENSG00000139620,1
7786,ENSG00000139625,0
694,ENSG00000133639,0
9282,ENSG00000180182,1
3695,ENSG00000139626,0
145407,ENSG00000139971,0
8491,ENSG00000011566,0
83851,ENSG00000139973,0
130560,ENSG00000173699,0
145389,ENSG00000139974,0
1192,ENSG00000226651,0
93100,ENSG00000147813,0
80148,ENSG00000122490,0
23284,ENSG00000150471,0
115123,ENSG00000173926,0
5554,ENSG00000231887,0
51271,ENSG00000165006,1
338785,ENSG00000185640,0
728062,ENSG00000226023,0
79148,ENSG00000271447,0
5295,ENSG00000145675,0
27246,ENSG00000265491,0
57673,ENSG00000178409,0
9284,ENSG00000183426,0
55032,ENSG00000138459,0
2268,ENSG00000000938,0
25794,ENSG00000186765,0
388591,ENSG00000158286,0
390790,ENSG00000141748,0
10326,ENSG00000101307,0
85366,ENSG00000101306,0
255488,ENSG00000137393,0
1208,ENSG00000137392,0
25763,ENSG00000187516,0
10767,ENSG00000112339,1
5757,ENSG00000187514,0
2523,ENSG00000174951,0
11141,ENSG00000169306,0
54987,ENSG00000162384,0
7101,ENSG00000112333,0
8724,ENSG00000112335,0
10246,ENSG00000112337,0
5605,ENSG00000126934,0
7265,ENSG00000113312,1
390197,ENSG00000254466,0
5924,ENSG00000113319,0
4437,ENSG00000113318,0
541465,ENSG00000278289,0
63035,ENSG00000085185,0
5921,ENSG00000145715,0
10795,ENSG00000090612,0
26740,ENSG00000197233,0
8817,ENSG00000156427,0
2802,ENSG00000090615,0
440560,ENSG00000239810,0
51374,ENSG00000138085,0
6496,ENSG00000138083,0
11117,ENSG00000138080,0
23649,ENSG00000014138,1
6383,ENSG00000169439,0
2239,ENSG00000076716,0
28493,ENSG00000227196,0
2494,ENSG00000116833,0
8458,ENSG00000116830,1
57688,ENSG00000130449,0
7128,ENSG00000118503,0
11086,ENSG00000168594,0
9933,ENSG00000080608,0
27231,ENSG00000077009,0
146853,ENSG00000270806,0
342096,ENSG00000159289,0
55766,ENSG00000246705,0
55230,ENSG00000085982,0
102157402,ENSG00000085231,1
10847,ENSG00000080603,1
6334,ENSG00000196876,0
4720,ENSG00000158864,0
115584,ENSG00000158865,0
445571,ENSG00000196873,1
64760,ENSG00000158863,0
8335,ENSG00000278463,0
3052,ENSG00000004961,0
55739,ENSG00000213995,0
2207,ENSG00000158869,0
55860,ENSG00000131966,1
10572,ENSG00000184990,0
83938,ENSG00000148655,0
338376,ENSG00000184995,0
196441,ENSG00000133858,1
23492,ENSG00000100307,0
23170,ENSG00000100304,0
28388,ENSG00000211966,0
23551,ENSG00000100302,0
706,ENSG00000100300,0
28465,ENSG00000211962,0
2729,ENSG00000001084,1
23261,ENSG00000171735,0
1523,ENSG00000257923,0
5987,ENSG00000234495,0
1146,ENSG00000196811,0
79009,ENSG00000107625,0
404734,ENSG00000254996,0
338328,ENSG00000277494,0
79602,ENSG00000285070,0
54552,ENSG00000130119,1
51265,ENSG00000006837,0
6695,ENSG00000152377,0
29125,ENSG00000110665,0
26108,ENSG00000171016,0
54733,ENSG00000110660,0
63891,ENSG00000164068,0
64319,ENSG00000156860,0
27075,ENSG00000106537,0
27152,ENSG00000164066,0
8927,ENSG00000164061,0
645974,ENSG00000184388,0
327,ENSG00000164062,0
94097,ENSG00000144040,0
113419,ENSG00000144043,0
23780,ENSG00000128335,0
494513,ENSG00000204311,0
79019,ENSG00000100162,1
8446,ENSG00000144048,0
219484,ENSG00000291862,0
389,ENSG00000155366,0
55964,ENSG00000100167,0
144404,ENSG00000188735,0
124801,ENSG00000161654,1
83854,ENSG00000130812,0
126123,ENSG00000161652,0
92292,ENSG00000166840,0
4237,ENSG00000117122,0
57553,ENSG00000243156,0
8888,ENSG00000160294,1
80025,ENSG00000125779,0
2653,ENSG00000291958,0
133584,ENSG00000164318,0
56261,ENSG00000125772,0
149499,ENSG00000160838,0
133418,ENSG00000170571,0
10736,ENSG00000170577,0
10899,ENSG00000143543,0
27111,ENSG00000125775,0
5818,ENSG00000110400,0
29953,ENSG00000072657,0
79473,ENSG00000181001,0
166379,ENSG00000181004,0
126204,ENSG00000173572,0
729991,ENSG00000254901,0
390075,ENSG00000181009,0
2064,ENSG00000141736,0
26047,ENSG00000278728,0
5708,ENSG00000175166,1
53905,ENSG00000137857,0
11346,ENSG00000171992,0
5790,ENSG00000213402,0
51808,ENSG00000164902,0
6617,ENSG00000023608,0
285971,ENSG00000196456,0
79698,ENSG00000165061,0
28784,ENSG00000211637,0
6790,ENSG00000087586,1
6461,ENSG00000107338,0
28876,ENSG00000211632,0
57091,ENSG00000087589,0
28785,ENSG00000211639,0
28774,ENSG00000211638,0
20,ENSG00000107331,0
200186,ENSG00000160741,0
10998,ENSG00000083807,0
55129,ENSG00000160746,0
9073,ENSG00000156284,0
10526,ENSG00000133704,0
2737,ENSG00000106571,0
84879,ENSG00000168389,0
57126,ENSG00000204936,0
27319,ENSG00000180828,0
58503,ENSG00000171199,0
7913,ENSG00000124795,0
118471,ENSG00000165828,0
4735,ENSG00000168385,0
11259,ENSG00000168386,0
7301,ENSG00000092445,0
284257,ENSG00000228075,0
3358,ENSG00000147246,0
54923,ENSG00000203896,0
793,ENSG00000104327,0
51268,ENSG00000179761,0
1582,ENSG00000180432,0
128371,ENSG00000180433,0
6451,ENSG00000131171,0
3460,ENSG00000159128,0
6935,ENSG00000148516,0
1349,ENSG00000131174,1
6038,ENSG00000258818,0
196374,ENSG00000170423,0
728137,ENSG00000228927,0
1633,ENSG00000156136,0
91107,ENSG00000132481,0
9406,ENSG00000132485,0
23365,ENSG00000196914,0
9172,ENSG00000036448,0
54575,ENSG00000242515,0
6102,ENSG00000102218,0
653073,ENSG00000278119,0
79983,ENSG00000124429,0
8508,ENSG00000184117,0
51729,ENSG00000084463,0
2305,ENSG00000111206,0
1911,ENSG00000111752,0
55846,ENSG00000111203,0
219960,ENSG00000180475,0
9764,ENSG00000135709,0
100534593,ENSG00000254995,0
494188,ENSG00000204952,0
6733,ENSG00000135250,0
23385,ENSG00000162736,0
5694,ENSG00000142507,1
374864,ENSG00000166960,0
353142,ENSG00000185962,0
440093,ENSG00000188375,0
84632,ENSG00000169129,0
100125288,ENSG00000220201,0
55130,ENSG00000169126,0
1013,ENSG00000129910,0
90362,ENSG00000169122,0
90649,ENSG00000256229,0
54438,ENSG00000145990,0
3601,ENSG00000134470,0
347735,ENSG00000168528,0
9515,ENSG00000145087,0
80764,ENSG00000184436,0
219429,ENSG00000172188,0
83473,ENSG00000167216,0
55840,ENSG00000145088,0
27090,ENSG00000136840,0
731,ENSG00000157131,0
23350,ENSG00000163714,1
125336,ENSG00000167210,0
5471,ENSG00000128059,1
93343,ENSG00000141971,0
23563,ENSG00000135702,0
3672,ENSG00000213949,0
29760,ENSG00000095585,0
7093,ENSG00000095587,0
2813,ENSG00000169347,0
3708,ENSG00000150995,0
8682,ENSG00000162734,0
7316,ENSG00000150991,0
9185,ENSG00000169891,0
9296,ENSG00000128524,1
2290,ENSG00000176165,0
81832,ENSG00000166342,0
642843,ENSG00000187959,0
23271,ENSG00000118200,0
10855,ENSG00000173083,0
79780,ENSG00000149231,0
79783,ENSG00000175600,0
55004,ENSG00000149357,0
5894,ENSG00000132155,1
22907,ENSG00000132153,1
221472,ENSG00000146192,0
6464,ENSG00000160691,0
114789,ENSG00000148339,0
23129,ENSG00000004399,0
51639,ENSG00000115128,1
9540,ENSG00000115129,0
140459,ENSG00000148331,0
204474,ENSG00000169340,0
25792,ENSG00000148337,0
653604,ENSG00000183598,1
28989,ENSG00000148335,0
80142,ENSG00000148334,0
84167,ENSG00000105072,0
84561,ENSG00000221955,0
138311,ENSG00000165716,0
5160,ENSG00000131828,0
63893,ENSG00000175931,0
1725,ENSG00000095059,1
29785,ENSG00000167600,0
149041,ENSG00000135870,0
55365,ENSG00000002933,0
7567,ENSG00000157429,0
10272,ENSG00000070404,0
54768,ENSG00000157423,0
132949,ENSG00000157426,0
9453,ENSG00000152904,1
9287,ENSG00000146378,0
390061,ENSG00000167360,0
79869,ENSG00000149532,0
154214,ENSG00000146373,0
55852,ENSG00000136478,0
2206,ENSG00000149534,0
93663,ENSG00000146376,0
6251,ENSG00000148484,0
122706,ENSG00000222028,0
54766,ENSG00000137707,0
50624,ENSG00000138161,0
3832,ENSG00000138160,1
10152,ENSG00000138443,0
10579,ENSG00000138162,0
135250,ENSG00000164520,0
66035,ENSG00000275744,0
57698,ENSG00000187164,0
25833,ENSG00000137709,0
242,ENSG00000179477,0
114904,ENSG00000133466,0
2571,ENSG00000128683,0
408187,ENSG00000196800,0
64711,ENSG00000162040,0
147463,ENSG00000154065,0
164,ENSG00000166747,0
5654,ENSG00000166033,0
79812,ENSG00000173269,0
84248,ENSG00000122068,0
388564,ENSG00000233493,0
7058,ENSG00000186340,0
144195,ENSG00000173262,0
153770,ENSG00000173261,0
284390,ENSG00000197054,0
6623,ENSG00000173267,0
54442,ENSG00000167977,0
441457,ENSG00000188152,0
5449,ENSG00000064835,0
54819,ENSG00000155329,0
54877,ENSG00000141664,0
54901,ENSG00000145996,0
8435,ENSG00000167780,0
200909,ENSG00000186090,0
3204,ENSG00000122592,0
22836,ENSG00000164292,0
118490,ENSG00000166343,0
153642,ENSG00000164291,0
81789,ENSG00000164296,0
8289,ENSG00000117713,0
493869,ENSG00000164294,0
256394,ENSG00000186910,0
162993,ENSG00000196605,0
7922,ENSG00000229802,0
6443,ENSG00000163069,0
7294,ENSG00000074966,0
219870,ENSG00000236981,0
55160,ENSG00000074964,0
5030,ENSG00000186912,0
100130086,ENSG00000268738,0
2812,ENSG00000203618,0
283742,ENSG00000171262,0
9256,ENSG00000005379,0
81872,ENSG00000212725,0
1562,ENSG00000108242,0
100529251,ENSG00000254788,0
25984,ENSG00000108244,0
255798,ENSG00000214097,0
738,ENSG00000149823,1
55789,ENSG00000035499,0
6499,ENSG00000228896,0
7936,ENSG00000206357,0
84366,ENSG00000159182,0
89891,ENSG00000119333,0
6418,ENSG00000119335,0
25878,ENSG00000101825,0
57551,ENSG00000160551,0
11266,ENSG00000081721,0
84922,ENSG00000179943,0
388820,ENSG00000243627,0
54872,ENSG00000174227,0
401089,ENSG00000206262,0
120526,ENSG00000170946,0
51621,ENSG00000169926,0
8771,ENSG00000243509,0
2842,ENSG00000183150,0
10477,ENSG00000170035,0
8556,ENSG00000079335,0
29960,ENSG00000122687,1
1119,ENSG00000110721,1
117532,ENSG00000149488,0
5797,ENSG00000173482,0
26130,ENSG00000165219,0
151176,ENSG00000178752,0
374920,ENSG00000185453,0
1365,ENSG00000165215,0
9124,ENSG00000107438,0
286380,ENSG00000187559,0
57824,ENSG00000158497,0
27153,ENSG00000196453,0
214,ENSG00000170017,0
25924,ENSG00000170011,0
346288,ENSG00000154997,0
731220,ENSG00000196460,0
56834,ENSG00000173264,0
29113,ENSG00000225543,0
140465,ENSG00000196465,0
90576,ENSG00000196466,0
79646,ENSG00000120137,0
11193,ENSG00000120688,0
65263,ENSG00000276657,0
6712,ENSG00000173898,0
7264,ENSG00000278243,0
220047,ENSG00000150676,0
9114,ENSG00000159720,1
26585,ENSG00000276886,0
84337,ENSG00000130165,0
3949,ENSG00000130164,0
26526,ENSG00000130167,0
80209,ENSG00000120685,0
84419,ENSG00000166920,0
4798,ENSG00000170322,0
1936,ENSG00000273594,0
729873,ENSG00000274611,1
6925,ENSG00000196628,0
3238,ENSG00000170178,0
8361,ENSG00000274618,0
84722,ENSG00000134222,0
90141,ENSG00000140025,0
100507679,ENSG00000229126,0
85439,ENSG00000140022,0
55143,ENSG00000134690,0
6476,ENSG00000090402,0
84437,ENSG00000170903,0
1436,ENSG00000182578,0
4696,ENSG00000170906,0
57659,ENSG00000283868,0
5788,ENSG00000081237,0
126014,ENSG00000170909,0
7442,ENSG00000196689,0
11211,ENSG00000111432,0
138882,ENSG00000171501,0
64377,ENSG00000124302,0
1741,ENSG00000082458,0
27044,ENSG00000197157,0
8459,ENSG00000128294,0
149420,ENSG00000175087,0
59350,ENSG00000171509,0
51350,ENSG00000185069,0
4361,ENSG00000020922,0
9350,ENSG00000147869,0
23064,ENSG00000107290,0
6456,ENSG00000107295,0
5523,ENSG00000073711,0
10979,ENSG00000073712,0
2199,ENSG00000163520,0
284948,ENSG00000152292,0
10618,ENSG00000152291,0
5152,ENSG00000160191,0
54020,ENSG00000160190,0
56956,ENSG00000143355,0
149954,ENSG00000186191,0
6699,ENSG00000169469,0
5316,ENSG00000160199,0
388633,ENSG00000203985,0
5097,ENSG00000156453,0
3315,ENSG00000106211,0
6704,ENSG00000203785,0
729330,ENSG00000253117,0
9060,ENSG00000198682,0
1427,ENSG00000213139,0
286319,ENSG00000198680,0
4100,ENSG00000198681,0
727940,ENSG00000203989,0
6899,ENSG00000184058,0
80789,ENSG00000185085,1
1739,ENSG00000075711,0
54455,ENSG00000291375,0
11243,ENSG00000160783,1
389860,ENSG00000238269,0
285175,ENSG00000144406,0
79838,ENSG00000103534,0
81615,ENSG00000152128,0
4249,ENSG00000152127,0
9450,ENSG00000112799,0
80228,ENSG00000160991,0
57822,ENSG00000158055,0
54784,ENSG00000160993,0
285498,ENSG00000178222,0
219482,ENSG00000291859,0
60685,ENSG00000156639,0
9117,ENSG00000093183,0
7399,ENSG00000042781,0
83752,ENSG00000102910,0
26470,ENSG00000174938,0
253982,ENSG00000174939,0
5498,ENSG00000143224,0
7169,ENSG00000198467,0
2212,ENSG00000143226,0
79675,ENSG00000138399,0
51506,ENSG00000143222,0
653440,ENSG00000182484,0
83540,ENSG00000143228,1
114885,ENSG00000144909,0
22914,ENSG00000213809,0
4586,ENSG00000215182,0
5995,ENSG00000148604,0
26,ENSG00000002726,0
58158,ENSG00000123307,0
3812,ENSG00000284528,0
26103,ENSG00000148602,0
168975,ENSG00000176571,0
83900,ENSG00000292047,0
728075,ENSG00000230594,0
1317,ENSG00000136868,0
7099,ENSG00000136869,0
7539,ENSG00000136866,0
1318,ENSG00000136867,0
92211,ENSG00000148600,0
55755,ENSG00000136861,0
260436,ENSG00000181617,0
144715,ENSG00000151164,0
641371,ENSG00000184227,0
22882,ENSG00000178764,0
116448,ENSG00000184221,0
154007,ENSG00000168566,1
57184,ENSG00000178761,0
9354,ENSG00000110344,0
283152,ENSG00000248712,0
4145,ENSG00000007264,0
64582,ENSG00000181619,0
90233,ENSG00000204519,0
4544,ENSG00000134640,0
56905,ENSG00000167173,0
9698,ENSG00000134644,0
11142,ENSG00000168734,0
51559,ENSG00000111696,0
4625,ENSG00000092054,0
9570,ENSG00000108433,1
340390,ENSG00000179698,0
84502,ENSG00000092051,0
10137,ENSG00000244462,0
340277,ENSG00000188732,0
51755,ENSG00000167258,0
51617,ENSG00000170091,0
255022,ENSG00000185933,0
390927,ENSG00000188227,0
10383,ENSG00000188229,0
79837,ENSG00000166908,0
23029,ENSG00000188739,0
401024,ENSG00000188738,0
283767,ENSG00000275009,1
108,ENSG00000078295,0
28878,ENSG00000251039,0
79956,ENSG00000099219,0
28490,ENSG00000211915,0
3135,ENSG00000230413,0
55850,ENSG00000053501,0
100507650,ENSG00000215277,0
11138,ENSG00000204634,0
375316,ENSG00000177483,0
55208,ENSG00000150401,0
54954,ENSG00000184083,0
28498,ENSG00000211917,0
7444,ENSG00000028116,0
81470,ENSG00000177489,0
58528,ENSG00000025039,0
3589,ENSG00000095752,0
57519,ENSG00000159433,0
389207,ENSG00000215203,0
6309,ENSG00000109929,0
4975,ENSG00000254550,0
135458,ENSG00000188996,0
286187,ENSG00000178125,0
5671,ENSG00000221826,0
7007,ENSG00000109927,0
6752,ENSG00000180616,0
4747,ENSG00000277586,1
23360,ENSG00000285182,1
10148,ENSG00000105246,0
728712,ENSG00000203926,0
8402,ENSG00000108528,0
222659,ENSG00000179165,0
868,ENSG00000114423,0
28821,ENSG00000211645,0
26001,ENSG00000108523,0
79829,ENSG00000110583,0
149998,ENSG00000188992,0
84440,ENSG00000131242,0
5565,ENSG00000131791,0
57683,ENSG00000204186,0
285877,ENSG00000221900,0
346525,ENSG00000284949,0
29958,ENSG00000132837,0
2629,ENSG00000262446,0
121273,ENSG00000177627,0
43847,ENSG00000129437,0
1949,ENSG00000108947,0
403244,ENSG00000177151,0
125228,ENSG00000177150,1
64132,ENSG00000015532,0
28770,ENSG00000211641,0
4166,ENSG00000183196,0
11072,ENSG00000275932,0
54658,ENSG00000241635,0
11126,ENSG00000117281,0
64417,ENSG00000151881,0
84626,ENSG00000133619,0
50488,ENSG00000141503,0
4082,ENSG00000277443,0
80313,ENSG00000148814,0
55763,ENSG00000090989,1
116988,ENSG00000133612,0
55610,ENSG00000004766,0
432,ENSG00000141505,0
112483,ENSG00000141504,0
94103,ENSG00000172057,0
2683,ENSG00000086062,0
23344,ENSG00000139641,0
2665,ENSG00000057608,0
9158,ENSG00000172500,0
84900,ENSG00000135119,0
7009,ENSG00000139644,0
2672,ENSG00000162676,0
8739,ENSG00000135116,0
28943,ENSG00000239855,0
8638,ENSG00000135114,0
124,ENSG00000187758,0
57571,ENSG00000172508,0
6926,ENSG00000135111,0
8293,ENSG00000275581,0
1964,ENSG00000173674,0
474382,ENSG00000274183,0
117194,ENSG00000183695,0
127495,ENSG00000122477,0
23040,ENSG00000186487,0
55335,ENSG00000165028,0
19,ENSG00000165029,0
257218,ENSG00000146414,0
26750,ENSG00000136643,0
51390,ENSG00000146416,0
6850,ENSG00000165025,0
113115,ENSG00000146410,0
154091,ENSG00000146411,0
28775,ENSG00000211649,0
8808,ENSG00000115598,0
1746,ENSG00000115844,0
635,ENSG00000145692,0
151393,ENSG00000115841,0
8604,ENSG00000115840,0
63905,ENSG00000101363,0
7850,ENSG00000115590,0
150572,ENSG00000115593,0
53632,ENSG00000115592,0
22919,ENSG00000101367,0
3554,ENSG00000115594,0
3420,ENSG00000101365,0
7475,ENSG00000115596,0
63924,ENSG00000187288,0
23158,ENSG00000109436,0
3048,ENSG00000196565,0
9002,ENSG00000127533,0
1834,ENSG00000152591,0
51053,ENSG00000112312,0
389015,ENSG00000180251,0
821,ENSG00000283777,0
131890,ENSG00000114124,0
5528,ENSG00000112640,0
824,ENSG00000162909,0
125893,ENSG00000180257,0
51230,ENSG00000025293,0
50508,ENSG00000074771,0
2070,ENSG00000112319,0
148930,ENSG00000162456,0
93624,ENSG00000173011,1
157310,ENSG00000134020,0
57419,ENSG00000185052,0
3080,ENSG00000080910,0
6667,ENSG00000185591,0
22911,ENSG00000085433,0
79962,ENSG00000178401,0
22913,ENSG00000125970,0
83658,ENSG00000125971,1
78990,ENSG00000277276,0
5291,ENSG00000051382,0
8894,ENSG00000125977,1
1555,ENSG00000197408,0
367,ENSG00000169083,0
339488,ENSG00000116819,0
6492,ENSG00000112246,0
60496,ENSG00000149313,1
965,ENSG00000116815,0
84954,ENSG00000008382,0
140894,ENSG00000149646,0
254778,ENSG00000169085,0
10095,ENSG00000130429,0
27095,ENSG00000054116,0
9891,ENSG00000074590,0
548313,ENSG00000269791,0
4857,ENSG00000139910,0
27122,ENSG00000050165,0
161357,ENSG00000139915,0
2056,ENSG00000130427,0
28495,ENSG00000232543,0
6683,ENSG00000021574,0
81611,ENSG00000143401,0
55740,ENSG00000154380,0
160760,ENSG00000196850,0
78986,ENSG00000133878,0
9862,ENSG00000008838,0
92822,ENSG00000158805,0
84678,ENSG00000089094,0
51669,ENSG00000133872,0
8396,ENSG00000277292,0
79731,ENSG00000137513,1
5950,ENSG00000138207,0
27063,ENSG00000148677,0
79845,ENSG00000133874,0
58508,ENSG00000055609,0
1439,ENSG00000100368,0
8398,ENSG00000184381,0
4653,ENSG00000034971,0
80775,ENSG00000144120,0
11020,ENSG00000100360,0
5816,ENSG00000100362,0
100506742,ENSG00000291983,0
23313,ENSG00000100364,0
4689,ENSG00000100365,0
5530,ENSG00000138814,0
140689,ENSG00000054803,0
4301,ENSG00000130396,0
84441,ENSG00000184384,0
143241,ENSG00000170788,0
6495,ENSG00000126778,0
22863,ENSG00000126775,0
59353,ENSG00000126950,0
64430,ENSG00000126773,0
164153,ENSG00000186150,0
51741,ENSG00000186153,0
10370,ENSG00000164442,0
6591,ENSG00000019549,0
64786,ENSG00000121749,0
65003,ENSG00000174547,1
7367,ENSG00000197888,0
134359,ENSG00000152359,0
2700,ENSG00000121743,0
10804,ENSG00000121742,0
7750,ENSG00000121741,0
25886,ENSG00000164087,0
1849,ENSG00000164086,0
64969,ENSG00000144029,1
23020,ENSG00000144028,1
2912,ENSG00000164082,0
51368,ENSG00000164081,0
79595,ENSG00000136715,1
398,ENSG00000242173,0
9391,ENSG00000144021,1
92241,ENSG00000198771,0
23542,ENSG00000008735,0
1491,ENSG00000116761,0
54453,ENSG00000132669,0
4043,ENSG00000163956,0
116729,ENSG00000182676,0
162968,ENSG00000174586,0
6566,ENSG00000281917,1
79843,ENSG00000124019,0
406,ENSG00000133794,0
645073,ENSG00000215269,0
5265,ENSG00000197249,0
81569,ENSG00000117148,0
54982,ENSG00000128973,0
51134,ENSG00000173588,0
56158,ENSG00000150783,0
6675,ENSG00000117143,0
9421,ENSG00000113196,0
23197,ENSG00000113194,0
285172,ENSG00000155744,0
26273,ENSG00000110429,0
26188,ENSG00000221888,0
100132396,ENSG00000285286,0
112970,ENSG00000198841,0
10114,ENSG00000110422,0
3809,ENSG00000284307,0
3170,ENSG00000125798,0
25758,ENSG00000110427,0
29107,ENSG00000132661,0
3503,ENSG00000211892,0
171558,ENSG00000171611,0
4318,ENSG00000100985,0
30813,ENSG00000100987,0
79816,ENSG00000104953,0
126075,ENSG00000183401,0
259307,ENSG00000104951,0
2937,ENSG00000100983,0
162967,ENSG00000182986,0
728090,ENSG00000292268,0
79895,ENSG00000104043,0
3500,ENSG00000211896,0
100129654,ENSG00000261787,0
22920,ENSG00000075945,0
7335,ENSG00000244687,0
360,ENSG00000165272,0
6650,ENSG00000103326,0
79927,ENSG00000197245,0
89780,ENSG00000154342,0
92689,ENSG00000197712,0
57710,ENSG00000135835,0
5931,ENSG00000102054,0
3203,ENSG00000106006,0
3955,ENSG00000106003,0
135295,ENSG00000154548,0
340554,ENSG00000102053,0
54841,ENSG00000134897,0
9857,ENSG00000135837,0
54927,ENSG00000106554,0
221927,ENSG00000106009,0
6916,ENSG00000059377,0
5437,ENSG00000163882,1
4993,ENSG00000168158,0
23315,ENSG00000197818,0
153478,ENSG00000153404,0
28999,ENSG00000163884,0
57407,ENSG00000153406,0
144193,ENSG00000139344,0
1212,ENSG00000175416,0
6636,ENSG00000139343,1
285598,ENSG00000175414,0
26696,ENSG00000175143,0
1776,ENSG00000163687,0
1735,ENSG00000197406,0
8614,ENSG00000113739,0
283518,ENSG00000198553,0
662,ENSG00000113734,0
5631,ENSG00000147224,0
8992,ENSG00000113732,0
7871,ENSG00000163681,0
344805,ENSG00000176040,0
9024,ENSG00000174672,0
9717,ENSG00000103184,0
23406,ENSG00000103187,0
90527,ENSG00000140254,0
147945,ENSG00000160505,0
53,ENSG00000134575,0
8581,ENSG00000167656,0
257,ENSG00000156150,0
56062,ENSG00000102271,0
571,ENSG00000156273,0
7490,ENSG00000184937,0
130367,ENSG00000163082,0
3625,ENSG00000163083,0
57613,ENSG00000084444,0
144717,ENSG00000198324,0
100288797,ENSG00000198326,0
25928,ENSG00000171243,0
79801,ENSG00000171241,0
64344,ENSG00000124440,0
4884,ENSG00000171246,0
79177,ENSG00000124444,0
79680,ENSG00000215012,0
85450,ENSG00000148841,0
56269,ENSG00000124449,0
387914,ENSG00000180730,0
1337,ENSG00000111775,0
23082,ENSG00000148840,1
29969,ENSG00000135272,0
117286,ENSG00000141977,0
100130274,ENSG00000278749,0
6809,ENSG00000166900,0
197021,ENSG00000188501,0
54948,ENSG00000166902,1
342897,ENSG00000188505,0
6997,ENSG00000241186,0
5569,ENSG00000171033,0
1538,ENSG00000183035,0
8625,ENSG00000064490,0
293,ENSG00000169100,0
9452,ENSG00000078596,0
25858,ENSG00000219435,0
85012,ENSG00000196507,0
79570,ENSG00000084628,0
2637,ENSG00000168505,0
23255,ENSG00000168502,0
23519,ENSG00000139223,0
23592,ENSG00000174106,0
1454,ENSG00000213923,0
8668,ENSG00000084623,1
342900,ENSG00000213921,0
7644,ENSG00000167232,0
10850,ENSG00000213927,0
10585,ENSG00000130714,0
79157,ENSG00000092931,0
1665,ENSG00000109606,1
23274,ENSG00000038532,0
259239,ENSG00000180083,0
1576,ENSG00000160868,0
51742,ENSG00000054267,0
131578,ENSG00000172061,0
27339,ENSG00000110107,1
400224,ENSG00000175985,0
55346,ENSG00000176148,0
341418,ENSG00000179626,0
57140,ENSG00000142327,0
1385,ENSG00000118260,0
5209,ENSG00000170525,0
8609,ENSG00000118263,0
55251,ENSG00000280663,0
51375,ENSG00000162627,0
219477,ENSG00000262796,0
6399,ENSG00000196459,0
22890,ENSG00000126804,0
4802,ENSG00000066136,1
5998,ENSG00000138835,0
23162,ENSG00000138834,0
402117,ENSG00000174453,0
5611,ENSG00000102580,0
127255,ENSG00000162620,0
23640,ENSG00000133265,0
26017,ENSG00000105058,0
8433,ENSG00000171794,0
1244,ENSG00000023839,0
54345,ENSG00000203883,0
56474,ENSG00000047230,0
2077,ENSG00000105722,0
51231,ENSG00000105053,0
7549,ENSG00000275111,0
5121,ENSG00000291560,0
2488,ENSG00000131808,0
2275,ENSG00000183386,0
79664,ENSG00000128915,0
23300,ENSG00000166454,0
54567,ENSG00000128917,0
5859,ENSG00000172053,1
8854,ENSG00000128918,0
29916,ENSG00000002919,0
340481,ENSG00000175893,0
3815,ENSG00000157404,0
51351,ENSG00000152926,0
6854,ENSG00000157152,0
66037,ENSG00000152430,0
2767,ENSG00000088256,0
10464,ENSG00000083535,0
51233,ENSG00000189269,0
8366,ENSG00000278705,0
374928,ENSG00000152439,0
6473,ENSG00000185960,0
120071,ENSG00000165905,0
55629,ENSG00000189266,0
2916,ENSG00000113262,0
163778,ENSG00000184148,0
3782,ENSG00000143603,0
6900,ENSG00000184144,0
768239,ENSG00000178597,0
390648,ENSG00000184140,0
81697,ENSG00000168131,0
392309,ENSG00000168828,0
3092,ENSG00000127946,0
23037,ENSG00000133401,0
127018,ENSG00000143353,0
1798,ENSG00000172269,1
22901,ENSG00000141337,0
10351,ENSG00000141338,0
189,ENSG00000172482,0
221613,ENSG00000164508,0
9455,ENSG00000103942,0
257194,ENSG00000172260,0
91607,ENSG00000172716,0
7690,ENSG00000172262,1
5447,ENSG00000127948,0
25841,ENSG00000166016,0
283991,ENSG00000185262,0
136242,ENSG00000165076,0
79101,ENSG00000166012,0
26153,ENSG00000066735,0
1181,ENSG00000114859,0
4820,ENSG00000114857,0
25791,ENSG00000066248,0
7134,ENSG00000114854,0
92999,ENSG00000114853,0
85476,ENSG00000168827,1
6747,ENSG00000114850,0
8242,ENSG00000126012,0
1446,ENSG00000126545,0
2925,ENSG00000126010,0
166793,ENSG00000168826,0
154796,ENSG00000126016,0
56901,ENSG00000185633,0
5412,ENSG00000122042,0
256691,ENSG00000165072,0
11006,ENSG00000186818,0
6779,ENSG00000282891,0
441549,ENSG00000185267,0
1743,ENSG00000119689,1
84173,ENSG00000115459,0
57669,ENSG00000115109,0
1668,ENSG00000284835,0
4053,ENSG00000119681,0
9870,ENSG00000119682,0
23093,ENSG00000119685,0
55240,ENSG00000115107,0
9414,ENSG00000119139,0
55640,ENSG00000119686,0
255349,ENSG00000206069,0
2882,ENSG00000116157,0
79906,ENSG00000116151,0
89874,ENSG00000183032,0
644890,ENSG00000197889,0
154790,ENSG00000236279,0
9665,ENSG00000277140,0
197335,ENSG00000161996,0
89927,ENSG00000166780,0
4753,ENSG00000184613,0
1503,ENSG00000171793,1
28964,ENSG00000108262,0
2197,ENSG00000149806,1
51185,ENSG00000113851,0
79725,ENSG00000168152,0
9695,ENSG00000134109,0
6392,ENSG00000204370,1
10919,ENSG00000232045,0
115350,ENSG00000163534,0
54584,ENSG00000185838,1
7108,ENSG00000149809,0
9868,ENSG00000154174,1
84256,ENSG00000059122,0
7498,ENSG00000158125,0
8460,ENSG00000169902,0
195827,ENSG00000158122,0
5932,ENSG00000101773,1
53826,ENSG00000137726,0
57569,ENSG00000137727,0
8878,ENSG00000161011,0
64776,ENSG00000137720,0
8336,ENSG00000278677,0
10999,ENSG00000167114,0
114771,ENSG00000159527,0
23312,ENSG00000104093,0
4741,ENSG00000104722,0
7991,ENSG00000104723,0
632,ENSG00000242252,0
7317,ENSG00000130985,1
795,ENSG00000169906,0
9639,ENSG00000104728,0
646643,ENSG00000187550,0
6132,ENSG00000161016,1
728780,ENSG00000189045,0
441521,ENSG00000228836,0
79730,ENSG00000179299,0
6672,ENSG00000067066,0
3422,ENSG00000067064,0
727851,ENSG00000169629,0
57143,ENSG00000063761,0
65083,ENSG00000165271,1
417,ENSG00000129744,0
6450,ENSG00000185437,0
2773,ENSG00000065135,0
158234,ENSG00000165275,0
3868,ENSG00000186832,0
51117,ENSG00000167113,1
57053,ENSG00000129749,0
27342,ENSG00000154710,0
56164,ENSG00000196335,0
51155,ENSG00000189159,0
94027,ENSG00000196337,0
440561,ENSG00000232423,0
57167,ENSG00000101115,0
55321,ENSG00000125895,0
1141,ENSG00000160716,0
54148,ENSG00000154719,1
11054,ENSG00000060491,0
83541,ENSG00000125898,0
9975,ENSG00000174738,0
55585,ENSG00000160714,0
51192,ENSG00000217555,0
84891,ENSG00000130182,0
51778,ENSG00000172399,0
8856,ENSG00000144852,0
6713,ENSG00000104549,0
317719,ENSG00000161594,0
3570,ENSG00000160712,0
10723,ENSG00000113504,0
79947,ENSG00000117682,1
92691,ENSG00000163449,0
5550,ENSG00000085377,0
388512,ENSG00000187912,0
51105,ENSG00000129292,0
23639,ENSG00000129295,0
64395,ENSG00000087338,0
2100,ENSG00000140009,0
23587,ENSG00000170291,1
6588,ENSG00000170290,0
26115,ENSG00000170921,0
11337,ENSG00000170296,0
390882,ENSG00000170923,0
390144,ENSG00000205029,0
829,ENSG00000116489,0
2196,ENSG00000086570,0
10179,ENSG00000076053,0
113457,ENSG00000075886,0
2018,ENSG00000170370,0
55843,ENSG00000075884,0
127068,ENSG00000183310,0
3693,ENSG00000082781,0
56970,ENSG00000087152,0
8643,ENSG00000117425,0
6614,ENSG00000088827,0
10170,ENSG00000073737,0
54972,ENSG00000006118,0
56899,ENSG00000185046,0
56605,ENSG00000086619,0
7469,ENSG00000185049,1
10368,ENSG00000006116,0
390064,ENSG00000187918,0
377841,ENSG00000188833,0
57369,ENSG00000159248,0
2521,ENSG00000089280,0
65125,ENSG00000060237,1
357,ENSG00000146950,0
9942,ENSG00000093217,0
3476,ENSG00000089289,1
83758,ENSG00000288369,0
7005,ENSG00000007866,0
376132,ENSG00000198812,0
268,ENSG00000104899,0
9766,ENSG00000100647,0
8175,ENSG00000104897,1
951,ENSG00000104894,0
3091,ENSG00000100644,0
147700,ENSG00000104892,0
343578,ENSG00000124143,0
57468,ENSG00000124140,0
6013,ENSG00000107018,0
3038,ENSG00000103044,0
5781,ENSG00000179295,0
84148,ENSG00000103510,1
79613,ENSG00000103047,1
9553,ENSG00000243147,1
55238,ENSG00000103042,0
55697,ENSG00000103043,0
100287718,ENSG00000230062,0
8928,ENSG00000160973,0
84988,ENSG00000160972,0
196410,ENSG00000170439,0
5796,ENSG00000152894,0
23550,ENSG00000125637,0
729240,ENSG00000229665,0
117196,ENSG00000179817,0
54520,ENSG00000125633,0
84172,ENSG00000125630,1
388611,ENSG00000174950,0
119392,ENSG00000156384,0
170506,ENSG00000281763,1
122416,ENSG00000156381,0
663,ENSG00000140299,0
64326,ENSG00000143207,0
2081,ENSG00000178607,0
51668,ENSG00000081870,0
150677,ENSG00000178602,0
4914,ENSG00000198400,0
79833,ENSG00000152147,0
79924,ENSG00000128165,0
51315,ENSG00000172086,0
51020,ENSG00000111906,0
27032,ENSG00000017260,0
26341,ENSG00000231192,0
92344,ENSG00000120370,0
4105,ENSG00000292195,0
4097,ENSG00000197063,0
374819,ENSG00000176809,0
10720,ENSG00000213759,0
388536,ENSG00000197863,0
58512,ENSG00000116544,0
3632,ENSG00000068383,0
1387,ENSG00000005339,1
256148,ENSG00000176555,0
1656,ENSG00000110367,1
54557,ENSG00000197860,0
1025,ENSG00000136807,1
9377,ENSG00000178741,0
90853,ENSG00000134668,0
54910,ENSG00000168758,0
23,ENSG00000232169,0
9966,ENSG00000181634,0
80742,ENSG00000233564,0
11025,ENSG00000204577,0
286128,ENSG00000181638,0
3321,ENSG00000143061,0
64591,ENSG00000168757,0
90874,ENSG00000143067,0
143279,ENSG00000165338,0
3446,ENSG00000186803,0
64431,ENSG00000075089,1
1657,ENSG00000172869,0
54930,ENSG00000092036,1
8660,ENSG00000185950,0
144363,ENSG00000205707,0
80325,ENSG00000114626,0
155054,ENSG00000204947,0
402573,ENSG00000185955,0
121006,ENSG00000185958,0
9945,ENSG00000131459,0
51157,ENSG00000213015,0
3839,ENSG00000102753,0
80709,ENSG00000106948,0
11074,ENSG00000224168,0
3929,ENSG00000129988,0
10107,ENSG00000237192,0
442425,ENSG00000204612,0
100507290,ENSG00000261221,0
134111,ENSG00000215218,0
6992,ENSG00000237403,0
9436,ENSG00000096264,0
51608,ENSG00000239857,0
211,ENSG00000023330,0
54968,ENSG00000175606,0
400,ENSG00000120805,0
7112,ENSG00000120802,0
27340,ENSG00000120800,1
57120,ENSG00000047932,0
728361,ENSG00000105261,0
6098,ENSG00000047936,0
147040,ENSG00000288399,0
55520,ENSG00000141642,0
8554,ENSG00000033800,0
23522,ENSG00000281813,0
23072,ENSG00000002746,0
51384,ENSG00000002745,0
360203,ENSG00000204007,0
8030,ENSG00000108091,0
55959,ENSG00000196562,0
8453,ENSG00000108094,0
57127,ENSG00000132677,0
7818,ENSG00000132676,1
1937,ENSG00000254772,1
57325,ENSG00000149474,0
400713,ENSG00000221923,0
6754,ENSG00000132671,0
7364,ENSG00000171234,0
2638,ENSG00000145321,0
323,ENSG00000163697,0
6181,ENSG00000177600,1
54502,ENSG00000163694,0
3725,ENSG00000177606,0
80195,ENSG00000133678,0
11322,ENSG00000141524,0
79092,ENSG00000141527,0
9123,ENSG00000141526,0
8367,ENSG00000276966,0
115825,ENSG00000139668,0
396,ENSG00000141522,0
388951,ENSG00000178021,0
389421,ENSG00000187772,0
65117,ENSG00000111011,0
1594,ENSG00000111012,0
64123,ENSG00000162618,0
200523,ENSG00000172073,0
22902,ENSG00000018189,0
170622,ENSG00000188243,0
11132,ENSG00000142330,0
8880,ENSG00000162613,0
91624,ENSG00000162614,0
347148,ENSG00000188710,0
7553,ENSG00000147789,0
4656,ENSG00000122180,0
7407,ENSG00000224264,1
55901,ENSG00000136114,0
3200,ENSG00000105997,0
57583,ENSG00000146433,0
11061,ENSG00000136110,0
9882,ENSG00000136111,0
54900,ENSG00000122188,0
132141,ENSG00000173389,0
401562,ENSG00000214402,0
25994,ENSG00000181061,0
8303,ENSG00000184602,0
137994,ENSG00000165046,0
728239,ENSG00000154545,0
84918,ENSG00000120256,0
25939,ENSG00000101347,0
23509,ENSG00000101346,0
51340,ENSG00000101343,1
140711,ENSG00000101342,0
79411,ENSG00000163521,0
23144,ENSG00000014164,1
168850,ENSG00000048405,0
57144,ENSG00000101349,0
84063,ENSG00000126259,0
201595,ENSG00000163527,0
1375,ENSG00000205560,0
9236,ENSG00000260916,0
10591,ENSG00000112667,0
3239,ENSG00000128714,0
2671,ENSG00000291944,1
7100,ENSG00000187554,0
23165,ENSG00000155561,1
23140,ENSG00000074755,0
150962,ENSG00000162927,0
5966,ENSG00000162924,0
744,ENSG00000066382,0
80232,ENSG00000162923,0
150465,ENSG00000114999,0
541466,ENSG00000268940,0
3381,ENSG00000029559,0
6242,ENSG00000114993,0
5194,ENSG00000162928,0
84542,ENSG00000162929,0
8997,ENSG00000160145,0
253461,ENSG00000177311,0
2273,ENSG00000022267,0
4149,ENSG00000125952,1
100529261,ENSG00000125954,0
28494,ENSG00000227800,0
90204,ENSG00000168612,0
347527,ENSG00000205667,0
2979,ENSG00000112599,0
284067,ENSG00000231256,0
6637,ENSG00000143977,0
342125,ENSG00000188869,0
29934,ENSG00000147164,0
6908,ENSG00000112592,0
28606,ENSG00000211706,0
54465,ENSG00000143971,0
57704,ENSG00000070610,0
3340,ENSG00000070614,0
23177,ENSG00000011523,0
58517,ENSG00000119707,1
9986,ENSG00000173653,0
28467,ENSG00000211950,0
3242,ENSG00000158104,0
65018,ENSG00000158828,0
92106,ENSG00000154814,0
8527,ENSG00000077044,0
55714,ENSG00000218336,0
390439,ENSG00000291810,0
8969,ENSG00000196787,0
7088,ENSG00000196781,0
57477,ENSG00000158352,0
978,ENSG00000158825,0
55732,ENSG00000000460,0
81796,ENSG00000137571,0
390327,ENSG00000184954,0
118924,ENSG00000148690,0
6386,ENSG00000137575,0
96764,ENSG00000137574,0
26579,ENSG00000172927,0
27229,ENSG00000137822,1
8932,ENSG00000134046,0
8542,ENSG00000100342,0
129831,ENSG00000155636,0
150379,ENSG00000100341,0
8911,ENSG00000100346,0
25813,ENSG00000100347,1
80339,ENSG00000100344,0
4627,ENSG00000100345,1
55733,ENSG00000054392,0
25828,ENSG00000100348,1
8467,ENSG00000153147,1
516,ENSG00000159199,0
63874,ENSG00000100439,0
5199,ENSG00000126759,0
5970,ENSG00000173039,0
55906,ENSG00000126970,0
4719,ENSG00000023228,0
84842,ENSG00000186603,0
6756,ENSG00000126752,0
84329,ENSG00000122986,0
8409,ENSG00000126756,1
5002,ENSG00000276130,0
441639,ENSG00000170605,0
3308,ENSG00000170606,0
83932,ENSG00000010072,1
204801,ENSG00000179873,0
388722,ENSG00000203724,0
55554,ENSG00000174562,0
92,ENSG00000121989,0
3061,ENSG00000121764,0
127845,ENSG00000174567,0
51538,ENSG00000121766,0
91351,ENSG00000181381,0
270,ENSG00000116748,0
5310,ENSG00000008710,0
7941,ENSG00000146070,0
29122,ENSG00000283706,0
5997,ENSG00000116741,0
6121,ENSG00000116745,0
1662,ENSG00000178105,1
6738,ENSG00000116747,0
284323,ENSG00000197782,0
6884,ENSG00000197780,1
89882,ENSG00000170777,0
3799,ENSG00000170759,0
79074,ENSG00000135974,0
3537,ENSG00000211675,0
57639,ENSG00000135205,0
5553,ENSG00000186652,0
6203,ENSG00000278081,1
64771,ENSG00000196821,0
4713,ENSG00000099795,0
221960,ENSG00000146574,0
9524,ENSG00000099797,0
6358,ENSG00000277236,0
8872,ENSG00000151465,1
51705,ENSG00000164035,0
2348,ENSG00000110195,0
7431,ENSG00000026025,0
283643,ENSG00000185347,0
728911,ENSG00000271449,0
100131980,ENSG00000292386,0
28974,ENSG00000104979,1
3958,ENSG00000131981,0
10859,ENSG00000277134,0
50863,ENSG00000182667,0
11024,ENSG00000274935,0
8343,ENSG00000277224,0
401494,ENSG00000188921,0
836,ENSG00000164305,0
7763,ENSG00000107372,0
1616,ENSG00000206279,0
51010,ENSG00000107371,1
26010,ENSG00000196141,0
84376,ENSG00000168172,0
3753,ENSG00000180509,0
116512,ENSG00000172938,0
8048,ENSG00000129170,0
10066,ENSG00000140497,0
79733,ENSG00000129173,0
22873,ENSG00000134874,0
23554,ENSG00000106025,0
11281,ENSG00000106536,0
1284,ENSG00000134871,0
509,ENSG00000165629,0
6742,ENSG00000106028,1
5919,ENSG00000106538,0
1740,ENSG00000150672,0
5557,ENSG00000198056,1
1836,ENSG00000155850,0
4060,ENSG00000139329,0
84432,ENSG00000143125,0
253559,ENSG00000175161,0
134353,ENSG00000155858,1
10302,ENSG00000174446,1
57182,ENSG00000151458,0
282809,ENSG00000139323,0
160418,ENSG00000139324,0
57222,ENSG00000113719,0
56000,ENSG00000147206,0
1585,ENSG00000179142,0
23136,ENSG00000082397,0
51276,ENSG00000180479,0
1452,ENSG00000113712,1
170487,ENSG00000288649,0
22993,ENSG00000113716,0
2139,ENSG00000064655,0
405753,ENSG00000140274,0
7369,ENSG00000169344,0
6558,ENSG00000064651,0
28966,ENSG00000064652,0
9442,ENSG00000160563,1
2674,ENSG00000151892,0
100288072,ENSG00000183921,0
50506,ENSG00000140279,0
2019,ENSG00000163064,0
4199,ENSG00000065833,0
23013,ENSG00000065526,0
100132916,ENSG00000145642,0
1088,ENSG00000124469,0
8988,ENSG00000169271,0
7124,ENSG00000228849,0
9437,ENSG00000275822,0
1663,ENSG00000013573,0
27076,ENSG00000124466,0
148156,ENSG00000167785,0
6874,ENSG00000280529,0
90952,ENSG00000149564,0
2998,ENSG00000111713,0
140807,ENSG00000170486,0
51026,ENSG00000111711,0
9818,ENSG00000139496,1
3945,ENSG00000111716,0
119,ENSG00000075340,0
10411,ENSG00000079337,0
56681,ENSG00000079332,0
728082,ENSG00000236126,0
6447,ENSG00000277614,0
9644,ENSG00000107957,0
9148,ENSG00000107954,0
6294,ENSG00000160633,0
222950,ENSG00000166924,0
55149,ENSG00000107951,1
79087,ENSG00000182858,0
10772,ENSG00000188529,1
10531,ENSG00000107959,0
9673,ENSG00000160785,0
285672,ENSG00000153006,0
79957,ENSG00000160781,0
9016,ENSG00000102078,0
1767,ENSG00000039139,0
5956,ENSG00000102076,0
144568,ENSG00000166535,0
9762,ENSG00000088899,0
4000,ENSG00000160789,0
3177,ENSG00000174669,0
84648,ENSG00000163202,0
56413,ENSG00000213906,0
257160,ENSG00000167257,0
4184,ENSG00000163206,0
3713,ENSG00000163207,0
6707,ENSG00000163209,0
8532,ENSG00000109625,0
85289,ENSG00000198271,0
79003,ENSG00000167842,1
5322,ENSG00000127472,0
9510,ENSG00000154734,0
147015,ENSG00000167536,0
64122,ENSG00000167363,0
7775,ENSG00000167840,0
55686,ENSG00000118242,0
171017,ENSG00000126746,0
390259,ENSG00000188909,0
22868,ENSG00000118246,0
402682,ENSG00000176125,0
7141,ENSG00000118245,0
4345,ENSG00000091972,0
90102,ENSG00000144824,0
3645,ENSG00000027644,0
54511,ENSG00000146151,0
5972,ENSG00000143839,0
53940,ENSG00000132446,0
472,ENSG00000149311,0
3921,ENSG00000168028,1
157657,ENSG00000156172,0
84103,ENSG00000138813,0
128338,ENSG00000156171,0
696,ENSG00000292177,0
66005,ENSG00000177830,0
55643,ENSG00000133243,0
84787,ENSG00000133247,0
23770,ENSG00000105701,0
79036,ENSG00000105700,0
57794,ENSG00000105705,1
3249,ENSG00000105707,0
5535,ENSG00000188386,0
4335,ENSG00000070444,0
55800,ENSG00000166257,0
79827,ENSG00000166250,0
64168,ENSG00000123119,0
57663,ENSG00000131864,0
80896,ENSG00000135838,0
6182,ENSG00000262814,1
4057,ENSG00000012223,0
55324,ENSG00000161204,0
84334,ENSG00000256053,0
5133,ENSG00000188389,0
9456,ENSG00000152413,0
91368,ENSG00000237190,0
8926,ENSG00000273173,0
100287178,ENSG00000233136,0
441151,ENSG00000178233,0
86614,ENSG00000172468,0
4991,ENSG00000184166,0
79174,ENSG00000184164,0
388581,ENSG00000184163,0
152,ENSG00000184160,0
57827,ENSG00000203623,0
1539,ENSG00000155833,0
347468,ENSG00000171054,0
9625,ENSG00000181409,0
130574,ENSG00000187123,0
3720,ENSG00000008083,0
375444,ENSG00000172244,0
6792,ENSG00000008086,0
64581,ENSG00000172243,0
113174,ENSG00000166788,0
285349,ENSG00000144792,0
124093,ENSG00000162004,0
401827,ENSG00000162006,0
54361,ENSG00000162552,0
249,ENSG00000162551,0
7188,ENSG00000082512,0
100142659,ENSG00000288181,0
11245,ENSG00000166073,0
442213,ENSG00000244694,0
348303,ENSG00000186838,0
7419,ENSG00000078668,0
84304,ENSG00000149761,0
65266,ENSG00000126562,0
10220,ENSG00000135414,0
6776,ENSG00000126561,0
246,ENSG00000161905,0
56898,ENSG00000164039,0
55704,ENSG00000115355,0
10712,ENSG00000160767,0
79701,ENSG00000181396,0
2673,ENSG00000198380,1
23762,ENSG00000184792,0
1548,ENSG00000255974,0
3769,ENSG00000115474,0
204851,ENSG00000163349,0
8464,ENSG00000196284,0
63976,ENSG00000142611,0
83879,ENSG00000144354,0
644041,ENSG00000206043,0
158293,ENSG00000188938,0
55879,ENSG00000268089,0
163183,ENSG00000181392,0
9173,ENSG00000115602,0
23708,ENSG00000189369,0
22826,ENSG00000126698,0
729877,ENSG00000274226,0
3848,ENSG00000167768,0
139804,ENSG00000175718,0
389432,ENSG00000203727,0
10010,ENSG00000136560,0
114879,ENSG00000021762,0
90809,ENSG00000165782,0
80737,ENSG00000204396,0
81577,ENSG00000141098,0
3305,ENSG00000206383,0
57819,ENSG00000225998,1
1295,ENSG00000144810,0
11169,ENSG00000198554,1
57534,ENSG00000101752,0
54463,ENSG00000154153,0
11201,ENSG00000101751,0
51378,ENSG00000101280,0
100132963,ENSG00000203870,0
343637,ENSG00000101282,0
204962,ENSG00000137968,0
118856,ENSG00000154485,0
114822,ENSG00000158106,0
4152,ENSG00000141644,0
9215,ENSG00000133424,0
4089,ENSG00000141646,0
54810,ENSG00000137960,0
4322,ENSG00000137745,0
10180,ENSG00000004534,0
22880,ENSG00000133422,0
170712,ENSG00000170516,0
349136,ENSG00000187260,0
57414,ENSG00000005486,0
403239,ENSG00000292015,0
55904,ENSG00000005483,0
114793,ENSG00000157827,0
26005,ENSG00000168014,0
10239,ENSG00000157823,0
55352,ENSG00000172301,0
203100,ENSG00000169495,0
8653,ENSG00000067048,0
27037,ENSG00000099899,0
2859,ENSG00000178623,0
139324,ENSG00000165259,0
9881,ENSG00000168016,0
382,ENSG00000165527,0
84881,ENSG00000165526,1
9147,ENSG00000165525,0
161436,ENSG00000165521,0
1602,ENSG00000276644,0
28600,ENSG00000253188,0
1477,ENSG00000101138,1
5203,ENSG00000101132,0
145788,ENSG00000261652,0
11096,ENSG00000154736,0
9883,ENSG00000196313,0
55816,ENSG00000101134,0
118460,ENSG00000223496,1
389090,ENSG00000182083,0
93432,ENSG00000278563,0
6715,ENSG00000145545,0
25823,ENSG00000116176,0
6597,ENSG00000127616,1
6342,ENSG00000116171,0
55225,ENSG00000162437,0
26225,ENSG00000162980,0
57190,ENSG00000162430,0
3567,ENSG00000113525,0
10111,ENSG00000113522,0
3565,ENSG00000113520,0
11277,ENSG00000213689,0
55276,ENSG00000169299,0
5273,ENSG00000242550,0
100507341,ENSG00000253457,0
220136,ENSG00000172361,0
160287,ENSG00000166800,0
90050,ENSG00000140067,0
54951,ENSG00000169019,0
51646,ENSG00000119801,0
64211,ENSG00000089116,0
10116,ENSG00000169018,0
7023,ENSG00000090447,0
6493,ENSG00000159263,0
145258,ENSG00000133937,0
11161,ENSG00000133935,0
64106,ENSG00000148734,0
84851,ENSG00000183718,0
11253,ENSG00000177239,0
1979,ENSG00000148730,0
6934,ENSG00000148737,0
6173,ENSG00000241343,0
5317,ENSG00000081277,0
51102,ENSG00000116353,0
6429,ENSG00000116350,0
91775,ENSG00000144815,0
4659,ENSG00000058272,0
9670,ENSG00000117408,1
100507203,ENSG00000256162,0
54729,ENSG00000235608,0
392636,ENSG00000187546,0
728597,ENSG00000214866,0
4352,ENSG00000117400,0
3633,ENSG00000204084,0
283848,ENSG00000172824,0
343070,ENSG00000204505,0
9048,ENSG00000117407,0
79654,ENSG00000126107,0
57818,ENSG00000152254,0
922,ENSG00000073754,0
5743,ENSG00000073756,0
653269,ENSG00000196834,0
3885,ENSG00000292033,0
28599,ENSG00000253534,0
113878,ENSG00000091073,0
2115,ENSG00000006468,0
100129278,ENSG00000218819,0
10379,ENSG00000285048,0
122402,ENSG00000156414,0
2301,ENSG00000186790,0
9556,ENSG00000156411,0
4889,ENSG00000164129,0
2528,ENSG00000156413,0
55314,ENSG00000164124,0
83856,ENSG00000106701,0
57502,ENSG00000146938,0
3248,ENSG00000164120,0
131177,ENSG00000198643,0
140458,ENSG00000164122,0
152940,ENSG00000164123,0
9362,ENSG00000285221,0
641,ENSG00000197299,0
30845,ENSG00000013016,0
5460,ENSG00000233911,0
338567,ENSG00000186795,0
6729,ENSG00000100883,1
79183,ENSG00000124120,0
5304,ENSG00000159763,0
5018,ENSG00000155463,0
5267,ENSG00000100665,0
57580,ENSG00000124126,0
23659,ENSG00000103066,0
80004,ENSG00000103067,0
9057,ENSG00000103064,0
25852,ENSG00000114098,0
6491,ENSG00000123473,1
64756,ENSG00000123472,0
29087,ENSG00000151500,0
84138,ENSG00000103061,1
5087,ENSG00000185630,0
79635,ENSG00000176714,0
7041,ENSG00000140682,0
57589,ENSG00000107036,0
7849,ENSG00000125618,0
84939,ENSG00000160953,0
7290,ENSG00000100084,0
84269,ENSG00000125611,0
2938,ENSG00000243955,0
282770,ENSG00000174970,0
57606,ENSG00000109171,0
81894,ENSG00000155287,0
130827,ENSG00000170417,0
27020,ENSG00000156642,0
7620,ENSG00000198429,0
55534,ENSG00000196782,0
56113,ENSG00000081853,0
10724,ENSG00000198408,0
9217,ENSG00000124164,0
54522,ENSG00000134461,0
9747,ENSG00000198420,0
79746,ENSG00000134463,0
444,ENSG00000198363,0
6372,ENSG00000124875,0
26088,ENSG00000100083,0
238,ENSG00000171094,0
23328,ENSG00000111961,0
10090,ENSG00000111962,0
130399,ENSG00000123612,0
3670,ENSG00000016082,0
9971,ENSG00000012504,0
1676,ENSG00000160049,0
190,ENSG00000169297,0
55331,ENSG00000078124,0
285605,ENSG00000169570,0
5019,ENSG00000083720,0
100169851,ENSG00000236027,0
9314,ENSG00000136826,0
1861,ENSG00000136827,0
10592,ENSG00000136824,1
9649,ENSG00000136828,0
7056,ENSG00000178726,0
7321,ENSG00000072401,0
8565,ENSG00000134684,1
1912,ENSG00000134686,0
285636,ENSG00000205765,0
81488,ENSG00000255529,0
80319,ENSG00000168772,0
2072,ENSG00000175595,1
6474,ENSG00000168779,0
79867,ENSG00000168778,0
5029,ENSG00000175591,0
3768,ENSG00000184185,0
5720,ENSG00000092010,0
26534,ENSG00000255582,0
8086,ENSG00000094914,0
23468,ENSG00000094916,0
6346,ENSG00000108702,0
6355,ENSG00000108700,0
8110,ENSG00000205683,0
401258,ENSG00000255587,0
649137,ENSG00000204532,0
786,ENSG00000108878,0
84681,ENSG00000137133,0
723961,ENSG00000129965,0
92906,ENSG00000143889,0
283417,ENSG00000177990,0
286234,ENSG00000177992,0
129852,ENSG00000177994,0
245973,ENSG00000143882,0
81926,ENSG00000129968,0
8360,ENSG00000277157,0
474384,ENSG00000277150,0
56829,ENSG00000105939,0
23071,ENSG00000023318,0
64318,ENSG00000173145,1
51138,ENSG00000138663,1
23595,ENSG00000135336,1
55122,ENSG00000135334,1
2045,ENSG00000135333,0
55435,ENSG00000138660,0
85442,ENSG00000171798,0
57504,ENSG00000057935,0
79412,ENSG00000131650,0
3855,ENSG00000135480,0
84231,ENSG00000131653,0
51042,ENSG00000142684,0
79932,ENSG00000142687,0
167691,ENSG00000135338,0
3382,ENSG00000003147,0
119765,ENSG00000175619,0
7080,ENSG00000136352,0
55037,ENSG00000132300,1
80332,ENSG00000149451,0
7454,ENSG00000015285,0
93611,ENSG00000132879,0
53822,ENSG00000221946,0
389668,ENSG00000221947,0
374907,ENSG00000177191,0
23161,ENSG00000071189,0
80324,ENSG00000177192,0
57104,ENSG00000177666,0
85438,ENSG00000145309,0
619373,ENSG00000177669,0
400831,ENSG00000215595,0
28942,ENSG00000240671,0
80258,ENSG00000183690,0
5925,ENSG00000139687,0
2098,ENSG00000139684,0
79572,ENSG00000133657,0
55266,ENSG00000139291,0
283008,ENSG00000228570,0
1537,ENSG00000179091,0
6572,ENSG00000187714,0
8549,ENSG00000139292,0
5187,ENSG00000179094,0
4900,ENSG00000154146,0
9630,ENSG00000156049,0
284611,ENSG00000162636,0
400935,ENSG00000188263,0
881,ENSG00000185972,0
931,ENSG00000156738,0
28904,ENSG00000239819,0
6230,ENSG00000280831,1
6011,ENSG00000185974,0
399818,ENSG00000203791,0
2395,ENSG00000165060,0
6801,ENSG00000115808,0
157848,ENSG00000165066,0
5719,ENSG00000185627,1
161725,ENSG00000169918,0
9589,ENSG00000146457,0
23252,ENSG00000169914,0
26003,ENSG00000115806,0
113730,ENSG00000130487,0
29933,ENSG00000183484,0
140876,ENSG00000042062,0
8802,ENSG00000163541,0
81788,ENSG00000163545,0
4886,ENSG00000164128,0
254863,ENSG00000205544,0
2644,ENSG00000137880,0
7114,ENSG00000205542,0
27146,ENSG00000047662,0
100526794,ENSG00000250741,0
1363,ENSG00000109472,0
3558,ENSG00000109471,0
27347,ENSG00000198648,0
6164,ENSG00000109475,1
79685,ENSG00000164576,0
9249,ENSG00000162496,0
117166,ENSG00000127578,0
291,ENSG00000151729,0
10630,ENSG00000162493,0
374946,ENSG00000162490,0
22936,ENSG00000118985,0
23054,ENSG00000198646,0
130132,ENSG00000162944,0
23580,ENSG00000179604,0
27185,ENSG00000162946,0
51313,ENSG00000164125,0
50808,ENSG00000147853,0
5311,ENSG00000118762,0
79847,ENSG00000138111,0
3398,ENSG00000115738,0
23241,ENSG00000179364,0
284427,ENSG00000181240,0
55066,ENSG00000090857,0
29964,ENSG00000278224,0
3033,ENSG00000138796,0
839,ENSG00000138794,0
3452,ENSG00000137080,0
2028,ENSG00000138792,0
1489,ENSG00000150281,0
10669,ENSG00000138028,0
3032,ENSG00000138029,0
1950,ENSG00000138798,0
147948,ENSG00000018869,0
222865,ENSG00000166448,0
55092,ENSG00000171729,0
8520,ENSG00000292096,0
3235,ENSG00000128709,0
51373,ENSG00000239789,0
26224,ENSG00000005812,0
26240,ENSG00000145945,0
23077,ENSG00000005810,0
124359,ENSG00000166446,0
6573,ENSG00000173638,0
115560,ENSG00000186446,0
25966,ENSG00000157617,0
654364,ENSG00000011052,1
56300,ENSG00000136688,0
3557,ENSG00000136689,0
100505741,ENSG00000122432,0
30061,ENSG00000138449,0
150472,ENSG00000136682,0
54482,ENSG00000122435,0
11269,ENSG00000157349,0
55022,ENSG00000153823,0
613211,ENSG00000284754,0
80309,ENSG00000153820,0
9320,ENSG00000153827,0
695,ENSG00000010671,0
80345,ENSG00000196812,0
220134,ENSG00000262634,0
140883,ENSG00000277421,0
11131,ENSG00000137225,0
8454,ENSG00000055130,1
10972,ENSG00000170348,1
93643,ENSG00000137221,0
57763,ENSG00000164331,0
1879,ENSG00000164330,0
134510,ENSG00000164332,0
3126,ENSG00000231021,0
340069,ENSG00000164334,0
27351,ENSG00000100418,0
55687,ENSG00000100416,0
5372,ENSG00000100417,0
84524,ENSG00000144161,0
50,ENSG00000100412,1
171568,ENSG00000100413,1
84844,ENSG00000100410,1
10699,ENSG00000145244,0
388284,ENSG00000159761,0
5106,ENSG00000100889,0
389692,ENSG00000182759,0
26152,ENSG00000130684,0
57205,ENSG00000145246,0
28429,ENSG00000211958,0
1983,ENSG00000100664,1
117154,ENSG00000126733,0
359710,ENSG00000186190,0
89958,ENSG00000186193,0
132299,ENSG00000145247,0
144233,ENSG00000186666,0
128178,ENSG00000186197,0
55795,ENSG00000126226,1
339229,ENSG00000204237,0
123264,ENSG00000186198,0
6093,ENSG00000067900,0
27034,ENSG00000151498,0
6257,ENSG00000206289,0
1060,ENSG00000145241,1
5789,ENSG00000153707,0
341359,ENSG00000110975,0
400986,ENSG00000174501,1
10769,ENSG00000145632,0
1378,ENSG00000203710,0
10048,ENSG00000010017,0
55515,ENSG00000072182,0
342945,ENSG00000182318,0
144124,ENSG00000166363,0
64975,ENSG00000182154,1
22874,ENSG00000143850,0
65121,ENSG00000116721,0
390999,ENSG00000116726,0
114928,ENSG00000158301,0
8292,ENSG00000206561,0
112936,ENSG00000151502,0
79971,ENSG00000116729,0
55286,ENSG00000154274,0
390265,ENSG00000182634,0
10265,ENSG00000176842,0
23310,ENSG00000151503,0
645142,ENSG00000289549,0
64755,ENSG00000140688,0
23483,ENSG00000088451,0
23085,ENSG00000082805,0
6668,ENSG00000167182,0
6605,ENSG00000073584,1
162514,ENSG00000167723,0
911,ENSG00000158481,0
83992,ENSG00000077063,0
92595,ENSG00000169951,0
1005,ENSG00000081138,0
27125,ENSG00000072364,0
100188893,ENSG00000214736,0
4675,ENSG00000186310,0
197322,ENSG00000176715,0
441459,ENSG00000230453,0
132332,ENSG00000164112,0
55274,ENSG00000130024,0
283358,ENSG00000139044,0
8226,ENSG00000130021,0
55780,ENSG00000130023,0
222008,ENSG00000170419,0
203259,ENSG00000164970,0
388553,ENSG00000237452,0
9907,ENSG00000242802,0
57621,ENSG00000181472,0
79958,ENSG00000205744,0
830,ENSG00000198898,0
4654,ENSG00000129152,0
55180,ENSG00000140471,0
8424,ENSG00000129151,0
57586,ENSG00000019505,0
121355,ENSG00000170627,0
6444,ENSG00000170624,0
23621,ENSG00000186318,0
653643,ENSG00000140478,0
26297,ENSG00000129158,0
3746,ENSG00000129159,0
55858,ENSG00000134851,0
5156,ENSG00000134853,0
9575,ENSG00000134852,0
92235,ENSG00000198842,0
196335,ENSG00000180919,0
124402,ENSG00000153443,0
6433,ENSG00000061936,0
64062,ENSG00000139746,0
10670,ENSG00000155876,0
158297,ENSG00000155875,0
9684,ENSG00000160959,0
79944,ENSG00000087299,0
26245,ENSG00000171180,0
374462,ENSG00000139304,0
23515,ENSG00000159256,0
148398,ENSG00000187634,0
23513,ENSG00000274287,0
23510,ENSG00000180901,0
728294,ENSG00000180902,0
253512,ENSG00000174032,0
79974,ENSG00000106034,0
1293,ENSG00000163359,0
55890,ENSG00000291917,0
1413,ENSG00000196431,0
7712,ENSG00000147117,0
90120,ENSG00000238227,0
7260,ENSG00000032389,0
2060,ENSG00000085832,0
91010,ENSG00000161791,0
54659,ENSG00000288702,0
58476,ENSG00000078804,0
5672,ENSG00000243137,0
55726,ENSG00000064102,1
64663,ENSG00000198573,0
5680,ENSG00000243130,0
81543,ENSG00000160233,0
111,ENSG00000173175,0
53827,ENSG00000089327,0
51150,ENSG00000078808,0
375607,ENSG00000167011,0
8239,ENSG00000124486,0
145645,ENSG00000167014,0
124401,ENSG00000168096,0
11021,ENSG00000111737,0
90355,ENSG00000181751,0
9847,ENSG00000111731,0
57379,ENSG00000111732,0
54737,ENSG00000196199,0
57455,ENSG00000079313,0
10059,ENSG00000087470,1
6810,ENSG00000103496,0
4150,ENSG00000103495,0
28619,ENSG00000237702,0
29108,ENSG00000103490,0
9657,ENSG00000173226,0
10072,ENSG00000254986,0
284382,ENSG00000181786,0
23560,ENSG00000107937,1
26098,ENSG00000107938,0
154,ENSG00000169252,0
9910,ENSG00000152061,0
3559,ENSG00000134460,0
11112,ENSG00000106049,0
8318,ENSG00000093009,1
7569,ENSG00000147118,0
58486,ENSG00000236287,0
660,ENSG00000102010,0
10762,ENSG00000093000,0
56548,ENSG00000147119,0
4223,ENSG00000106511,0
3635,ENSG00000281614,1
1299,ENSG00000092758,0
22884,ENSG00000047056,0
9878,ENSG00000092203,0
22853,ENSG00000164715,0
11198,ENSG00000092201,1
9734,ENSG00000048052,0
100288332,ENSG00000282705,0
55105,ENSG00000092978,0
51298,ENSG00000105549,0
8487,ENSG00000092208,0
79643,ENSG00000176108,1
81847,ENSG00000118518,0
7525,ENSG00000176105,0
64577,ENSG00000118514,0
6446,ENSG00000118515,0
51232,ENSG00000150938,0
4602,ENSG00000118513,1
79034,ENSG00000146576,1
57507,ENSG00000168916,0
26057,ENSG00000132466,0
57050,ENSG00000132467,1
10117,ENSG00000132464,0
3512,ENSG00000132465,0
2926,ENSG00000132463,0
5470,ENSG00000156194,0
337966,ENSG00000184724,0
200734,ENSG00000198369,0
124783,ENSG00000184361,0
4931,ENSG00000143748,1
554226,ENSG00000163046,0
89978,ENSG00000134146,0
8269,ENSG00000177854,0
6726,ENSG00000143742,1
90557,ENSG00000163040,0
116841,ENSG00000143740,0
6360,ENSG00000275152,0
199731,ENSG00000105767,0
79149,ENSG00000131848,0
717,ENSG00000206372,0
7070,ENSG00000154096,0
64087,ENSG00000131844,0
4645,ENSG00000167306,0
119032,ENSG00000166275,0
54838,ENSG00000166272,0
400823,ENSG00000197520,0
57609,ENSG00000066084,0
10212,ENSG00000123136,0
6595,ENSG00000080503,0
337974,ENSG00000244362,0
28901,ENSG00000241244,0
23597,ENSG00000123130,0
10549,ENSG00000123131,0
1075,ENSG00000109861,0
155368,ENSG00000165171,0
134285,ENSG00000157111,0
11030,ENSG00000157110,0
116412,ENSG00000152475,0
128853,ENSG00000149599,0
219981,ENSG00000172324,0
55609,ENSG00000056277,0
160762,ENSG00000173093,0
1832,ENSG00000096696,0
64900,ENSG00000132793,0
54949,ENSG00000167985,0
57158,ENSG00000149596,0
6642,ENSG00000028528,0
131540,ENSG00000163958,0
200931,ENSG00000163959,0
5912,ENSG00000181467,0
125488,ENSG00000168234,0
51386,ENSG00000100129,1
6280,ENSG00000163220,0
6283,ENSG00000163221,0
7884,ENSG00000163950,0
140733,ENSG00000172264,0
51367,ENSG00000167272,0
8706,ENSG00000169255,0
1357,ENSG00000091704,0
146434,ENSG00000167981,0
10263,ENSG00000167797,0
254173,ENSG00000162571,0
6339,ENSG00000162572,0
643161,ENSG00000188100,0
5368,ENSG00000168081,0
642475,ENSG00000204839,0
54587,ENSG00000162576,0
7433,ENSG00000114812,0
7130,ENSG00000123610,0
253190,ENSG00000183569,0
349667,ENSG00000186907,0
4723,ENSG00000167792,0
129293,ENSG00000186854,0
84662,ENSG00000274636,0
284546,ENSG00000204006,0
126731,ENSG00000154429,0
138307,ENSG00000204001,0
10131,ENSG00000126602,0
127608,ENSG00000177275,0
6124,ENSG00000174444,1
5188,ENSG00000059691,1
3738,ENSG00000177272,0
25901,ENSG00000024862,0
4163,ENSG00000171444,0
644070,ENSG00000214978,0
7441,ENSG00000169575,0
170384,ENSG00000196968,0
409,ENSG00000141480,0
2038,ENSG00000166947,0
83740,ENSG00000277745,0
10250,ENSG00000133226,1
284111,ENSG00000141485,0
54825,ENSG00000074276,0
26013,ENSG00000185513,0
127262,ENSG00000158109,0
5793,ENSG00000144724,0
6048,ENSG00000183574,0
126231,ENSG00000189144,0
340526,ENSG00000242732,0
402778,ENSG00000281618,0
84527,ENSG00000188321,0
57471,ENSG00000136541,0
100289462,ENSG00000285433,0
6307,ENSG00000052802,0
177,ENSG00000237405,0
10129,ENSG00000073910,0
6332,ENSG00000136546,0
11064,ENSG00000119397,0
51552,ENSG00000119396,0
2176,ENSG00000158169,1
5089,ENSG00000232005,0
2733,ENSG00000119392,1
339,ENSG00000111701,0
199221,ENSG00000158163,0
219621,ENSG00000183346,0
2140,ENSG00000158161,0
54538,ENSG00000154133,0
64221,ENSG00000154134,0
5981,ENSG00000035928,1
11013,ENSG00000158164,0
10063,ENSG00000138495,1
2959,ENSG00000137947,1
91801,ENSG00000137760,0
83666,ENSG00000138496,0
440279,ENSG00000137766,0
58472,ENSG00000137767,0
5607,ENSG00000137764,0
79739,ENSG00000137941,0
90485,ENSG00000127903,0
284071,ENSG00000180336,0
199699,ENSG00000179284,0
29942,ENSG00000172733,0
676,ENSG00000137948,0
55222,ENSG00000172731,0
338761,ENSG00000186897,0
59272,ENSG00000130234,0
84293,ENSG00000122378,0
554313,ENSG00000270276,1
54537,ENSG00000122376,0
94233,ENSG00000122375,0
51096,ENSG00000011260,0
4580,ENSG00000173171,0
1392,ENSG00000147571,0
22828,ENSG00000213079,0
124925,ENSG00000063015,0
5787,ENSG00000127329,0
4830,ENSG00000239672,0
122769,ENSG00000165501,1
117177,ENSG00000127328,0
79623,ENSG00000158089,0
11067,ENSG00000165507,0
8702,ENSG00000121578,0
7756,ENSG00000010244,1
51399,ENSG00000196655,1
5126,ENSG00000125851,0
58495,ENSG00000125850,0
55211,ENSG00000121570,0
2526,ENSG00000196371,0
79754,ENSG00000196372,0
3265,ENSG00000174775,0
151790,ENSG00000174776,0
64091,ENSG00000121577,0
9308,ENSG00000112149,0
3336,ENSG00000115541,1
9749,ENSG00000112419,0
1366,ENSG00000288292,0
57211,ENSG00000112414,0
26268,ENSG00000112146,0
117583,ENSG00000116117,0
11197,ENSG00000156076,0
57134,ENSG00000117643,0
23354,ENSG00000249115,1
56181,ENSG00000117640,0
643394,ENSG00000204909,0
122953,ENSG00000140044,0
163259,ENSG00000175984,0
145482,ENSG00000140043,0
84272,ENSG00000119820,0
430,ENSG00000183734,0
29110,ENSG00000183735,0
54491,ENSG00000145569,0
344018,ENSG00000183733,0
54788,ENSG00000148719,0
85477,ENSG00000006747,0
57596,ENSG00000183092,0
148534,ENSG00000152078,0
440077,ENSG00000196946,0
84912,ENSG00000205060,0
85413,ENSG00000004809,0
84159,ENSG00000150347,0
29775,ENSG00000100065,0
2530,ENSG00000033170,0
10656,ENSG00000131773,0
4242,ENSG00000100060,0
2267,ENSG00000104760,0
427,ENSG00000104763,0
55236,ENSG00000033178,0
665,ENSG00000104765,0
27201,ENSG00000155269,0
79791,ENSG00000103264,0
8503,ENSG00000117461,0
343035,ENSG00000198570,0
79006,ENSG00000103260,0
6513,ENSG00000117394,0
8661,ENSG00000107581,1
3792,ENSG00000276615,0
9028,ENSG00000103269,0
8061,ENSG00000175592,0
22944,ENSG00000151657,1
5140,ENSG00000152270,0
54892,ENSG00000146918,0
284293,ENSG00000221887,0
10231,ENSG00000172348,0
23269,ENSG00000174197,0
55269,ENSG00000121390,0
285888,ENSG00000146910,0
5903,ENSG00000153201,0
11341,ENSG00000164106,0
10927,ENSG00000106723,0
3148,ENSG00000164104,0
79056,ENSG00000135378,0
9348,ENSG00000164100,0
23283,ENSG00000177613,0
26112,ENSG00000198624,0
4194,ENSG00000198625,0
6262,ENSG00000198626,0
4085,ENSG00000164109,1
5266,ENSG00000124102,0
200232,ENSG00000124103,0
8846,ENSG00000100601,0
7010,ENSG00000120156,0
5305,ENSG00000150867,0
6590,ENSG00000124107,0
3705,ENSG00000100605,1
1113,ENSG00000276781,0
79886,ENSG00000120159,0
10171,ENSG00000120158,1
3652,ENSG00000197429,0
84765,ENSG00000161551,0
375189,ENSG00000176732,0
1757,ENSG00000123453,0
7299,ENSG00000077498,0
79650,ENSG00000103005,0
51043,ENSG00000160685,0
4061,ENSG00000160932,0
10336,ENSG00000185619,0
643,ENSG00000160683,0
84305,ENSG00000170473,1
6855,ENSG00000102003,0
55262,ENSG00000146826,0
57187,ENSG00000125676,1
3338,ENSG00000110011,0
10813,ENSG00000156697,1
778,ENSG00000102001,0
129530,ENSG00000144214,0
2922,ENSG00000134443,0
4677,ENSG00000134440,1
8751,ENSG00000143537,0
285148,ENSG00000134330,0
282966,ENSG00000178645,0
57614,ENSG00000134444,0
3939,ENSG00000134333,0
57709,ENSG00000013293,0
7862,ENSG00000156983,0
8490,ENSG00000143248,0
5010,ENSG00000013297,0
6289,ENSG00000134339,0
56169,ENSG00000147697,0
167,ENSG00000124812,0
860,ENSG00000124813,0
2037,ENSG00000079819,0
5100,ENSG00000136099,0
221391,ENSG00000124818,0
51030,ENSG00000171928,0
553158,ENSG00000248405,0
79714,ENSG00000164051,0
10235,ENSG00000068831,0
9839,ENSG00000169554,0
54967,ENSG00000169551,0
3093,ENSG00000078140,0
5289,ENSG00000078142,1
653121,ENSG00000160062,0
5587,ENSG00000184304,0
596,ENSG00000171791,1
728741,ENSG00000198156,0
116540,ENSG00000204822,1
200895,ENSG00000178700,0
9886,ENSG00000072422,0
100526693,ENSG00000250151,0
9703,ENSG00000007202,0
253430,ENSG00000151151,0
55295,ENSG00000167487,0
28492,ENSG00000211928,0
201266,ENSG00000133195,0
63920,ENSG00000221886,0
25851,ENSG00000205356,0
3073,ENSG00000213614,0
51430,ENSG00000094975,0
1773,ENSG00000213918,0
353140,ENSG00000187180,0
728833,ENSG00000215784,0
27286,ENSG00000102359,0
8874,ENSG00000102606,0
3594,ENSG00000096996,0
91748,ENSG00000156030,0
28491,ENSG00000211921,0
7182,ENSG00000177463,0
1534,ENSG00000008283,0
122970,ENSG00000177465,0
2828,ENSG00000177464,0
167826,ENSG00000177468,0
4904,ENSG00000065978,0
388698,ENSG00000143520,0
3651,ENSG00000139515,0
6541,ENSG00000139514,0
5619,ENSG00000175646,0
144108,ENSG00000179119,0
581,ENSG00000087088,0
51593,ENSG00000087087,1
2512,ENSG00000087086,0
43,ENSG00000087085,0
4967,ENSG00000105953,1
64111,ENSG00000105954,0
28500,ENSG00000211924,0
55320,ENSG00000129534,1
23564,ENSG00000226634,0
3351,ENSG00000135312,0
22832,ENSG00000135315,0
80759,ENSG00000135314,0
57231,ENSG00000135317,0
10492,ENSG00000135316,0
55909,ENSG00000147439,0
4907,ENSG00000135318,0
29994,ENSG00000123636,0
79781,ENSG00000132321,0
80830,ENSG00000221963,0
80895,ENSG00000132323,0
259249,ENSG00000170255,0
10249,ENSG00000149124,0
64773,ENSG00000132635,0
8864,ENSG00000132326,0
25938,ENSG00000129493,0
4702,ENSG00000119421,0
6616,ENSG00000132639,0
28976,ENSG00000177646,0
3494,ENSG00000211890,0
283489,ENSG00000198824,0
92610,ENSG00000145365,0
11251,ENSG00000183134,0
285753,ENSG00000183137,0
100126572,ENSG00000203733,0
29104,ENSG00000156239,1
29985,ENSG00000141873,0
8896,ENSG00000106245,1
643680,ENSG00000214787,0
11101,ENSG00000107669,0
11336,ENSG00000180104,0
80157,ENSG00000109182,0
7365,ENSG00000275190,0
54940,ENSG00000109180,0
253152,ENSG00000172031,0
7092,ENSG00000038295,0
653125,ENSG00000249931,0
3875,ENSG00000111057,0
79611,ENSG00000111058,0
9474,ENSG00000057663,0
64854,ENSG00000109189,0
2823,ENSG00000150625,0
84206,ENSG00000183496,0
28875,ENSG00000224041,0
8615,ENSG00000138768,1
11133,ENSG00000118162,0
374786,ENSG00000176927,0
6543,ENSG00000118160,0
64750,ENSG00000108854,0
4355,ENSG00000108852,0
84759,ENSG00000115289,0
80067,ENSG00000115827,0
10801,ENSG00000282302,0
203074,ENSG00000184647,0
138151,ENSG00000148411,0
100132247,ENSG00000284218,1
3428,ENSG00000163565,0
149628,ENSG00000163564,0
126789,ENSG00000169972,0
64427,ENSG00000115282,0
26683,ENSG00000230178,0
25797,ENSG00000115828,0
79031,ENSG00000115539,0
374291,ENSG00000115286,0
395,ENSG00000047648,0
728130,ENSG00000214562,0
2109,ENSG00000105379,0
29965,ENSG00000089486,0
4818,ENSG00000105374,0
201181,ENSG00000187595,0
4126,ENSG00000109323,0
55841,ENSG00000047644,0
374,ENSG00000109321,0
8821,ENSG00000109452,0
58530,ENSG00000206402,0
25897,ENSG00000034677,0
4161,ENSG00000176136,0
23506,ENSG00000112624,0
6343,ENSG00000070031,0
84661,ENSG00000162961,1
22802,ENSG00000016602,0
2691,ENSG00000291972,0
27136,ENSG00000114487,0
2632,ENSG00000114480,0
6185,ENSG00000118705,1
83468,ENSG00000120820,0
7035,ENSG00000003436,0
1362,ENSG00000108582,0
90637,ENSG00000178381,0
9527,ENSG00000108587,0
9014,ENSG00000115750,0
81466,ENSG00000197454,0
3241,ENSG00000115756,0
2288,ENSG00000004478,0
4953,ENSG00000115758,0
26160,ENSG00000138002,0
65264,ENSG00000159202,0
9293,ENSG00000203737,0
2701,ENSG00000187513,0
9329,ENSG00000125484,1
51188,ENSG00000008324,1
55200,ENSG00000008323,0
64794,ENSG00000125485,0
91283,ENSG00000066697,0
3588,ENSG00000243646,0
441519,ENSG00000269096,0
3497,ENSG00000211891,0
816,ENSG00000058404,0
1269,ENSG00000188822,0
3501,ENSG00000211893,0
441168,ENSG00000188820,0
84464,ENSG00000188827,0
1381,ENSG00000166426,0
526,ENSG00000147416,1
124565,ENSG00000157637,0
220108,ENSG00000150510,0
53833,ENSG00000174564,0
347273,ENSG00000170681,0
222545,ENSG00000173612,0
50945,ENSG00000122145,0
10253,ENSG00000136158,0
55270,ENSG00000136159,0
51116,ENSG00000122140,1
57489,ENSG00000122417,0
10901,ENSG00000284807,0
83548,ENSG00000136152,0
4008,ENSG00000136153,0
26496,ENSG00000273953,0
9445,ENSG00000136156,0
6581,ENSG00000146477,0
8796,ENSG00000136155,0
8348,ENSG00000274641,0
55584,ENSG00000174343,0
26100,ENSG00000157954,0
3952,ENSG00000174697,0
54933,ENSG00000158315,0
153339,ENSG00000174695,0
23070,ENSG00000137200,1
7020,ENSG00000137203,0
10864,ENSG00000137204,0
3757,ENSG00000055118,0
5670,ENSG00000242221,0
11154,ENSG00000100478,0
5427,ENSG00000100479,1
150165,ENSG00000172967,0
143282,ENSG00000174721,0
51601,ENSG00000144182,0
6428,ENSG00000112081,1
6218,ENSG00000278229,1
100288801,ENSG00000172969,0
1690,ENSG00000100473,0
2894,ENSG00000182771,0
152579,ENSG00000184178,0
90668,ENSG00000186648,0
6396,ENSG00000157020,1
826,ENSG00000126247,0
79713,ENSG00000126246,0
5138,ENSG00000186642,0
27031,ENSG00000113971,0
54874,ENSG00000137942,0
11168,ENSG00000164985,0
55246,ENSG00000147419,0
1586,ENSG00000148795,0
3178,ENSG00000135486,0
5063,ENSG00000077264,0
4291,ENSG00000178053,0
659,ENSG00000204217,0
157378,ENSG00000164983,0
51027,ENSG00000178096,0
55679,ENSG00000072163,0
23169,ENSG00000116704,0
26038,ENSG00000116254,0
22978,ENSG00000076685,0
10989,ENSG00000132305,1
5132,ENSG00000116703,0
23173,ENSG00000164024,1
83882,ENSG00000182612,0
2350,ENSG00000165457,0
51022,ENSG00000023572,0
84189,ENSG00000184564,0
6670,ENSG00000172845,0
115650,ENSG00000159958,0
257202,ENSG00000281185,0
284467,ENSG00000184599,0
729438,ENSG00000274070,0
57546,ENSG00000172840,0
6860,ENSG00000132872,0
65983,ENSG00000155324,0
51248,ENSG00000120509,0
51412,ENSG00000077080,0
284443,ENSG00000196268,0
57446,ENSG00000101079,0
5137,ENSG00000154678,0
3172,ENSG00000101076,0
140902,ENSG00000101074,0
147495,ENSG00000154856,0
9407,ENSG00000153802,0
84033,ENSG00000154358,0
9376,ENSG00000149452,0
164668,ENSG00000100298,0
5362,ENSG00000076356,0
56674,ENSG00000175348,0
5662,ENSG00000059915,0
27349,ENSG00000100294,0
200765,ENSG00000221944,0
8563,ENSG00000100296,1
1760,ENSG00000104936,0
638,ENSG00000100290,0
3162,ENSG00000100292,0
5799,ENSG00000155093,0
79625,ENSG00000173376,0
2006,ENSG00000049540,0
5982,ENSG00000049541,1
116966,ENSG00000150627,0
51807,ENSG00000183785,0
4974,ENSG00000291720,0
2123,ENSG00000126860,0
9685,ENSG00000113282,0
96459,ENSG00000217128,0
64499,ENSG00000197253,0
2232,ENSG00000161513,1
160857,ENSG00000151773,0
1583,ENSG00000140459,0
6656,ENSG00000182968,0
9960,ENSG00000140455,0
51594,ENSG00000151779,1
387923,ENSG00000151778,0
91947,ENSG00000140450,0
80119,ENSG00000140451,0
79637,ENSG00000125449,1
196951,ENSG00000166262,0
388730,ENSG00000174529,0
1850,ENSG00000278165,0
10728,ENSG00000110958,0
125958,ENSG00000174667,0
9241,ENSG00000183691,0
116159,ENSG00000166265,0
51513,ENSG00000010030,0
506,ENSG00000110955,1
27258,ENSG00000170860,1
23163,ENSG00000125447,0
100506164,ENSG00000171116,0
155038,ENSG00000171115,0
54897,ENSG00000130940,0
79684,ENSG00000120458,0
3084,ENSG00000157168,0
10332,ENSG00000104938,0
92370,ENSG00000155893,0
55832,ENSG00000111530,0
3458,ENSG00000111537,0
55801,ENSG00000111536,0
196385,ENSG00000281935,0
118,ENSG00000087274,0
114880,ENSG00000079156,0
23630,ENSG00000176076,0
51661,ENSG00000079150,0
1627,ENSG00000113758,0
286077,ENSG00000180921,0
136895,ENSG00000153790,0
6187,ENSG00000291931,1
725,ENSG00000123843,0
55096,ENSG00000255423,0
5071,ENSG00000185345,0
63894,ENSG00000151445,0
7109,ENSG00000160218,0
139716,ENSG00000160219,0
56894,ENSG00000160216,0
202374,ENSG00000169302,0
8568,ENSG00000160214,1
89941,ENSG00000140983,0
57393,ENSG00000147003,0
6123,ENSG00000291929,0
2266,ENSG00000171557,0
131096,ENSG00000183960,0
112939,ENSG00000160877,0
4250,ENSG00000110484,0
28941,ENSG00000241755,0
664,ENSG00000176171,0
100506049,ENSG00000205858,0
728689,ENSG00000205609,1
391192,ENSG00000198128,0
55508,ENSG00000175782,0
54437,ENSG00000082684,0
4983,ENSG00000079482,0
55972,ENSG00000075303,0
598,ENSG00000171552,1
6518,ENSG00000142583,0
5241,ENSG00000082175,0
23784,ENSG00000198062,0
127124,ENSG00000151418,0
2303,ENSG00000176692,0
340260,ENSG00000164853,0
201627,ENSG00000174839,0
79905,ENSG00000170537,0
2015,ENSG00000174837,0
23704,ENSG00000152049,0
5973,ENSG00000102032,0
8260,ENSG00000102030,1
54504,ENSG00000106066,0
83463,ENSG00000213347,0
2000,ENSG00000102034,0
4248,ENSG00000128268,0
6846,ENSG00000143185,0
2781,ENSG00000128266,0
6594,ENSG00000102038,0
27202,ENSG00000134830,0
1124,ENSG00000106069,0
747,ENSG00000134780,0
54499,ENSG00000143183,0
7148,ENSG00000229353,0
1410,ENSG00000109846,0
84735,ENSG00000150656,0
54432,ENSG00000058799,0
340359,ENSG00000175946,0
56606,ENSG00000109667,0
55187,ENSG00000048707,1
27237,ENSG00000130762,0
5518,ENSG00000105568,1
79887,ENSG00000121316,0
5068,ENSG00000172016,0
219983,ENSG00000166884,0
80306,ENSG00000118579,0
23205,ENSG00000103740,0
57630,ENSG00000154447,0
8537,ENSG00000064787,0
55055,ENSG00000174442,0
284346,ENSG00000176472,0
550631,ENSG00000187860,0
112869,ENSG00000176476,0
128864,ENSG00000149609,0
55093,ENSG00000156795,0
57690,ENSG00000078687,0
202151,ENSG00000164188,0
170954,ENSG00000234000,0
149951,ENSG00000149600,0
6586,ENSG00000184347,0
9573,ENSG00000184344,0
57470,ENSG00000130764,0
57533,ENSG00000132405,0
27328,ENSG00000102290,0
7044,ENSG00000143768,0
55526,ENSG00000181192,0
22854,ENSG00000162631,0
5179,ENSG00000181195,0
387856,ENSG00000177875,0
375,ENSG00000143761,0
4308,ENSG00000274965,0
1176,ENSG00000177879,0
150365,ENSG00000167077,0
79703,ENSG00000173715,0
80304,ENSG00000163026,0
7008,ENSG00000167074,0
115111,ENSG00000147606,0
6129,ENSG00000147604,1
124857,ENSG00000173714,0
467,ENSG00000162772,0
149647,ENSG00000162771,0
7013,ENSG00000147601,0
50839,ENSG00000272805,0
126859,ENSG00000162779,0
1001,ENSG00000062038,0
79723,ENSG00000152455,0
140609,ENSG00000151414,0
3904,ENSG00000277335,0
84292,ENSG00000123154,1
147323,ENSG00000174448,0
55217,ENSG00000185973,0
28505,ENSG00000211931,0
10755,ENSG00000123159,0
79670,ENSG00000083223,0
121340,ENSG00000291837,0
127074,ENSG00000292020,0
6319,ENSG00000099194,1
113802,ENSG00000162639,0
3897,ENSG00000198910,0
168544,ENSG00000181444,0
150921,ENSG00000163792,0
285126,ENSG00000163793,0
3516,ENSG00000168214,1
4241,ENSG00000163975,0
7349,ENSG00000163794,0
130557,ENSG00000163795,0
22950,ENSG00000163798,0
84890,ENSG00000181915,0
9672,ENSG00000162512,0
7805,ENSG00000162511,0
4146,ENSG00000162510,0
553115,ENSG00000162517,0
1419,ENSG00000182187,0
11069,ENSG00000091428,0
5890,ENSG00000182185,1
1894,ENSG00000114346,1
389493,ENSG00000185290,0
28475,ENSG00000211900,0
79711,ENSG00000196497,0
435,ENSG00000126522,0
154197,ENSG00000146453,0
147710,ENSG00000216588,0
51119,ENSG00000126524,1
57175,ENSG00000172725,0
440153,ENSG00000257115,0
57600,ENSG00000052795,0
6170,ENSG00000198918,1
643418,ENSG00000204020,0
6363,ENSG00000172724,0
6731,ENSG00000174780,0
91647,ENSG00000171953,0
5034,ENSG00000185624,0
353376,ENSG00000243414,0
9319,ENSG00000071539,0
6400,ENSG00000071537,0
2990,ENSG00000169919,0
7857,ENSG00000171951,0
283092,ENSG00000258817,0
55070,ENSG00000140543,0
84281,ENSG00000187699,0
3714,ENSG00000184916,0
196294,ENSG00000148950,0
54509,ENSG00000139725,0
8562,ENSG00000139726,0
339230,ENSG00000185298,0
124912,ENSG00000141316,0
79720,ENSG00000139722,0
5522,ENSG00000074211,0
474,ENSG00000172238,0
126206,ENSG00000171487,0
1232,ENSG00000183625,0
169044,ENSG00000169436,0
1052,ENSG00000221869,1
64641,ENSG00000221818,0
57728,ENSG00000157796,0
57129,ENSG00000136522,0
4711,ENSG00000136521,0
6434,ENSG00000136527,0
100170229,ENSG00000226763,0
4831,ENSG00000243678,0
220929,ENSG00000183621,0
10139,ENSG00000101246,0
79133,ENSG00000101247,0
4584,ENSG00000169894,0
57338,ENSG00000154118,0
401397,ENSG00000214194,0
4600,ENSG00000183486,0
4589,ENSG00000171195,0
387763,ENSG00000187479,0
8092,ENSG00000180318,0
119764,ENSG00000172208,0
2845,ENSG00000283812,0
10331,ENSG00000179913,0
2791,ENSG00000127920,0
7979,ENSG00000127922,1
256076,ENSG00000172752,1
3400,ENSG00000172201,0
3010,ENSG00000187475,0
2792,ENSG00000127928,0
121364,ENSG00000179919,0
1072,ENSG00000172757,1
311,ENSG00000122359,0
1600,ENSG00000173406,0
3642,ENSG00000173404,0
26993,ENSG00000011243,0
256710,ENSG00000173401,0
643854,ENSG00000236761,0
9364,ENSG00000157869,0
80070,ENSG00000173157,0
29984,ENSG00000173156,0
340562,ENSG00000184788,0
2595,ENSG00000214013,0
55165,ENSG00000138180,0
23399,ENSG00000175826,0
1475,ENSG00000121552,0
6629,ENSG00000125870,0
100287226,ENSG00000279552,0
164312,ENSG00000125872,0
128637,ENSG00000125875,0
147929,ENSG00000196357,0
3704,ENSG00000125877,0
56914,ENSG00000125879,0
6939,ENSG00000125878,0
84628,ENSG00000196358,0
9179,ENSG00000221838,0
6502,ENSG00000145604,1
5396,ENSG00000116132,0
2740,ENSG00000112164,0
55776,ENSG00000112167,0
196792,ENSG00000213185,0
79839,ENSG00000150636,0
11099,ENSG00000070778,0
23341,ENSG00000116138,0
56852,ENSG00000070950,0
23074,ENSG00000111647,0
1459,ENSG00000070770,0
160419,ENSG00000165805,0
83640,ENSG00000169612,0
2055,ENSG00000182372,0
440345,ENSG00000185864,0
9631,ENSG00000113569,1
7760,ENSG00000085644,0
51324,ENSG00000090487,0
5829,ENSG00000089159,0
445329,ENSG00000213648,0
54812,ENSG00000119844,0
10607,ENSG00000183751,1
79671,ENSG00000160703,0
6175,ENSG00000089157,1
390067,ENSG00000181616,0
10985,ENSG00000089154,0
4288,ENSG00000148773,0
10200,ENSG00000135698,0
346653,ENSG00000205085,0
11149,ENSG00000112276,0
10165,ENSG00000004864,0
245930,ENSG00000215545,0
7982,ENSG00000004866,0
1238,ENSG00000144648,0
3749,ENSG00000116396,0
140467,ENSG00000198816,0
114884,ENSG00000144645,0
339896,ENSG00000144644,0
27303,ENSG00000144642,0
645121,ENSG00000205089,0
145501,ENSG00000100593,0
23002,ENSG00000100592,0
10598,ENSG00000100591,0
339221,ENSG00000182156,0
9360,ENSG00000138398,0
9517,ENSG00000100596,0
55786,ENSG00000170954,0
79544,ENSG00000291807,0
23201,ENSG00000054965,0
25875,ENSG00000050426,0
57019,ENSG00000005194,0
7068,ENSG00000151090,0
55768,ENSG00000151092,0
54995,ENSG00000151093,0
10644,ENSG00000073792,0
115761,ENSG00000152213,0
138805,ENSG00000186881,0
26040,ENSG00000152217,0
6014,ENSG00000152214,0
57721,ENSG00000145388,1
619207,ENSG00000214279,0
729230,ENSG00000121807,0
8603,ENSG00000125386,0
84640,ENSG00000170185,0
5732,ENSG00000125384,0
2868,ENSG00000125388,0
201134,ENSG00000154240,0
64399,ENSG00000164161,0
10393,ENSG00000164162,1
6059,ENSG00000164163,1
145508,ENSG00000100629,0
51676,ENSG00000100628,0
6227,ENSG00000171858,1
11157,ENSG00000164167,0
51804,ENSG00000100625,0
90826,ENSG00000164169,0
64089,ENSG00000104497,0
57452,ENSG00000100626,0
57194,ENSG00000206190,0
51112,ENSG00000171853,0
28884,ENSG00000211623,0
128372,ENSG00000197403,0
4323,ENSG00000157227,0
728,ENSG00000197405,0
729515,ENSG00000215712,0
4482,ENSG00000175806,0
158506,ENSG00000175809,0
1485,ENSG00000184033,0
51,ENSG00000161533,0
283446,ENSG00000174527,0
10898,ENSG00000160917,0
51297,ENSG00000198183,0
929,ENSG00000170458,0
9119,ENSG00000170454,0
583,ENSG00000125124,0
2962,ENSG00000125651,0
84266,ENSG00000125652,0
9404,ENSG00000110031,0
5158,ENSG00000133256,0
56131,ENSG00000081818,0
4324,ENSG00000102996,0
9475,ENSG00000134318,0
92291,ENSG00000162949,0
80034,ENSG00000178662,0
29841,ENSG00000134317,0
54469,ENSG00000086666,0
85359,ENSG00000128185,0
79802,ENSG00000143512,0
9525,ENSG00000119541,0
2840,ENSG00000144230,0
5433,ENSG00000144231,1
374899,ENSG00000185869,0
161779,ENSG00000182405,0
64284,ENSG00000124839,0
2539,ENSG00000160211,0
122553,ENSG00000182400,0
11017,ENSG00000124380,1
338755,ENSG00000188124,0
10199,ENSG00000124383,1
1826,ENSG00000291561,0
25956,ENSG00000075826,0
10327,ENSG00000117448,0
1186,ENSG00000103249,0
81552,ENSG00000154978,0
55344,ENSG00000182378,0
285527,ENSG00000075539,0
2294,ENSG00000103241,0
386683,ENSG00000205439,0
6873,ENSG00000064313,0
2909,ENSG00000160007,0
56658,ENSG00000230308,0
9248,ENSG00000102195,0
503834,ENSG00000204595,0
3133,ENSG00000229252,0
340267,ENSG00000215018,0
2794,ENSG00000206412,0
6311,ENSG00000204842,0
1639,ENSG00000204843,0
647060,ENSG00000204849,0
4038,ENSG00000134569,0
23327,ENSG00000049759,0
3507,ENSG00000211899,0
286183,ENSG00000185942,0
55973,ENSG00000283852,0
5756,ENSG00000151239,0
100528019,ENSG00000254445,0
728042,ENSG00000226600,0
221191,ENSG00000103023,0
23081,ENSG00000107077,0
29070,ENSG00000103021,0
4832,ENSG00000103024,0
283464,ENSG00000151233,0
219285,ENSG00000177409,0
9159,ENSG00000160613,0
387680,ENSG00000099290,0
3859,ENSG00000187242,0
7965,ENSG00000106305,0
23553,ENSG00000106302,0
317,ENSG00000120868,0
81696,ENSG00000243441,0
122046,ENSG00000175664,0
157570,ENSG00000171320,0
51019,ENSG00000120860,0
23408,ENSG00000124523,0
4438,ENSG00000057468,0
80005,ENSG00000147459,0
858,ENSG00000105971,0
28874,ENSG00000211625,0
857,ENSG00000105974,0
26298,ENSG00000135373,0
55226,ENSG00000135372,1
256815,ENSG00000179133,0
91782,ENSG00000147457,0
2001,ENSG00000135374,0
4035,ENSG00000123384,0
51176,ENSG00000138795,0
54576,ENSG00000242366,0
1733,ENSG00000211452,0
3227,ENSG00000123388,0
85455,ENSG00000140323,0
27335,ENSG00000178982,0
6415,ENSG00000178980,0
64478,ENSG00000183117,0
163933,ENSG00000183114,0
114932,ENSG00000178988,0
817,ENSG00000145349,0
93627,ENSG00000145348,0
389337,ENSG00000183111,0
56245,ENSG00000262938,0
2626,ENSG00000136574,0
3347,ENSG00000205649,0
334,ENSG00000084234,0
375759,ENSG00000179058,0
132625,ENSG00000179059,0
50484,ENSG00000048392,0
283284,ENSG00000179057,0
199953,ENSG00000188807,0
286365,ENSG00000179055,0
23371,ENSG00000111077,0
150383,ENSG00000205643,0
219988,ENSG00000166889,0
8843,ENSG00000255398,0
10016,ENSG00000249915,0
23660,ENSG00000196652,0
337960,ENSG00000240432,0
138199,ENSG00000156017,0
5500,ENSG00000213639,1
79747,ENSG00000118492,0
153918,ENSG00000118491,0
10675,ENSG00000114646,0
84085,ENSG00000118496,0
5325,ENSG00000118495,0
8153,ENSG00000108830,0
23276,ENSG00000114648,0
3495,ENSG00000211898,0
26511,ENSG00000109220,0
10082,ENSG00000183098,0
2168,ENSG00000163586,0
200916,ENSG00000163584,0
10190,ENSG00000115514,0
5996,ENSG00000090104,0
65988,ENSG00000169955,0
51478,ENSG00000132196,0
79784,ENSG00000105357,0
57102,ENSG00000047621,0
1089,ENSG00000274131,0
26122,ENSG00000135999,0
28933,ENSG00000242076,0
1622,ENSG00000155368,0
619189,ENSG00000184716,0
8362,ENSG00000273542,0
79147,ENSG00000181027,0
8624,ENSG00000183527,0
7353,ENSG00000070010,1
79752,ENSG00000104231,0
55062,ENSG00000070540,0
151354,ENSG00000162981,0
286753,ENSG00000280938,0
4040,ENSG00000070018,0
2984,ENSG00000070019,0
3631,ENSG00000040933,0
91875,ENSG00000136319,0
127391,ENSG00000188800,0
6768,ENSG00000149418,0
84659,ENSG00000165799,0
53842,ENSG00000177300,0
5901,ENSG00000132341,1
139322,ENSG00000155008,0
112885,ENSG00000056487,0
27183,ENSG00000132612,0
391365,ENSG00000138068,0
5861,ENSG00000138069,0
80352,ENSG00000204618,0
26953,ENSG00000137040,0
1545,ENSG00000138061,0
57513,ENSG00000177303,0
204,ENSG00000004455,1
474344,ENSG00000133561,0
6764,ENSG00000166444,0
1951,ENSG00000008300,0
729059,ENSG00000227868,0
2785,ENSG00000162188,0
10062,ENSG00000025434,0
654429,ENSG00000166159,0
79098,ENSG00000182795,0
4004,ENSG00000166407,0
9045,ENSG00000188846,1
120863,ENSG00000166153,0
64960,ENSG00000116898,1
388336,ENSG00000188803,0
7275,ENSG00000166402,0
728621,ENSG00000186409,0
713,ENSG00000173369,0
203328,ENSG00000157303,0
257169,ENSG00000157653,0
114991,ENSG00000157657,0
139735,ENSG00000189420,0
6233,ENSG00000143947,1
333932,ENSG00000203852,0
2876,ENSG00000233276,0
54880,ENSG00000183337,0
6351,ENSG00000275302,0
84066,ENSG00000240021,0
221481,ENSG00000157343,0
9856,ENSG00000137261,0
7280,ENSG00000137267,0
63027,ENSG00000137266,0
3662,ENSG00000137265,0
65977,ENSG00000116095,0
55227,ENSG00000137269,0
9150,ENSG00000060069,0
94234,ENSG00000164379,0
9390,ENSG00000172940,0
23133,ENSG00000172943,0
23514,ENSG00000164808,0
6811,ENSG00000162236,1
3002,ENSG00000100453,0
2999,ENSG00000100450,0
221357,ENSG00000182793,0
7273,ENSG00000155657,0
55231,ENSG00000182791,0
10482,ENSG00000162231,1
11326,ENSG00000155659,0
131034,ENSG00000196353,0
28780,ENSG00000211647,0
79692,ENSG00000181315,0
84961,ENSG00000108306,0
29066,ENSG00000122299,0
1340,ENSG00000126267,1
2864,ENSG00000126266,0
11219,ENSG00000183479,0
2867,ENSG00000126262,0
64332,ENSG00000144802,0
2695,ENSG00000159224,0
241,ENSG00000132965,0
1024,ENSG00000132964,0
51371,ENSG00000132963,0
604,ENSG00000113916,0
10900,ENSG00000108309,0
169981,ENSG00000204271,0
7726,ENSG00000234127,0
64222,ENSG00000186283,0
57864,ENSG00000119457,0
130617,ENSG00000158552,0
94026,ENSG00000158553,0
5456,ENSG00000196767,0
9532,ENSG00000112208,0
89853,ENSG00000196814,0
84303,ENSG00000159685,0
57817,ENSG00000105697,0
148479,ENSG00000116273,0
26036,ENSG00000112200,0
11215,ENSG00000023516,0
168620,ENSG00000180535,0
30827,ENSG00000154832,0
644054,ENSG00000288481,0
4099,ENSG00000105695,0
79310,ENSG00000197938,0
64403,ENSG00000139880,0
55559,ENSG00000213397,1
201626,ENSG00000174840,0
51050,ENSG00000137558,0
26996,ENSG00000173890,0
123904,ENSG00000188038,0
84733,ENSG00000173894,0
284434,ENSG00000188039,0
132,ENSG00000156110,0
58526,ENSG00000165175,0
348,ENSG00000130203,0
10913,ENSG00000135960,0
389643,ENSG00000189233,0
375056,ENSG00000154305,0
2949,ENSG00000134201,0
28772,ENSG00000211642,0
84134,ENSG00000158882,0
51098,ENSG00000101052,0
91133,ENSG00000154655,0
4685,ENSG00000154654,0
4605,ENSG00000101057,1
4359,ENSG00000158887,0
130576,ENSG00000150556,0
91464,ENSG00000175329,0
4792,ENSG00000100906,0
5687,ENSG00000100902,1
116372,ENSG00000150551,0
79690,ENSG00000197093,0
79053,ENSG00000159063,0
51016,ENSG00000285377,0
5626,ENSG00000175325,0
760,ENSG00000104267,0
28484,ENSG00000236597,0
2120,ENSG00000139083,0
3692,ENSG00000242372,1
28987,ENSG00000141101,1
11178,ENSG00000061337,0
7423,ENSG00000173511,0
404203,ENSG00000178172,0
57496,ENSG00000186260,0
646457,ENSG00000288239,0
140460,ENSG00000183475,0
91272,ENSG00000145919,0
9742,ENSG00000187535,0
51186,ENSG00000185222,0
421,ENSG00000099889,0
55651,ENSG00000145912,1
388743,ENSG00000203697,0
23022,ENSG00000129116,0
23259,ENSG00000085788,0
7637,ENSG00000198040,0
10455,ENSG00000198721,0
100271927,ENSG00000170667,0
140680,ENSG00000196476,0
51286,ENSG00000184524,0
10645,ENSG00000110931,0
402665,ENSG00000142549,0
51411,ENSG00000110934,0
84549,ENSG00000198042,1
5675,ENSG00000170848,0
54210,ENSG00000124731,0
155066,ENSG00000171130,0
4201,ENSG00000124733,0
5581,ENSG00000171132,0
84522,ENSG00000171135,0
23317,ENSG00000138246,0
2775,ENSG00000087258,0
63970,ENSG00000120471,0
199745,ENSG00000161277,0
6165,ENSG00000182899,1
100132399,ENSG00000227488,0
54947,ENSG00000087253,0
4504,ENSG00000087250,0
4868,ENSG00000161270,0
206338,ENSG00000172901,0
34,ENSG00000117054,0
201562,ENSG00000206527,0
84135,ENSG00000164338,1
54749,ENSG00000086289,0
4258,ENSG00000085871,0
10523,ENSG00000085872,1
162540,ENSG00000185294,0
5900,ENSG00000160271,0
84623,ENSG00000149571,0
5613,ENSG00000183943,0
374877,ENSG00000198723,0
202658,ENSG00000248167,0
28564,ENSG00000211749,0
54847,ENSG00000072858,0
93349,ENSG00000185404,0
6401,ENSG00000007908,0
646892,ENSG00000183476,0
79026,ENSG00000124942,0
55218,ENSG00000081177,0
148206,ENSG00000160352,0
1617,ENSG00000188120,0
5069,ENSG00000182752,0
9689,ENSG00000082153,0
479,ENSG00000075673,0
3932,ENSG00000182866,0
2900,ENSG00000149403,0
26253,ENSG00000166523,0
54097,ENSG00000183844,0
5268,ENSG00000206075,0
55210,ENSG00000197785,0
2880,ENSG00000257770,0
51547,ENSG00000187531,0
90655,ENSG00000176679,0
2300,ENSG00000176678,0
146395,ENSG00000169181,0
10561,ENSG00000137965,0
4330,ENSG00000169184,0
83706,ENSG00000149781,0
9502,ENSG00000155622,0
2946,ENSG00000213366,0
9154,ENSG00000156222,0
9704,ENSG00000134815,0
11091,ENSG00000196363,1
1823,ENSG00000134765,0
55827,ENSG00000143164,0
1825,ENSG00000134762,0
7095,ENSG00000008952,0
1828,ENSG00000134760,0
9514,ENSG00000128242,0
7533,ENSG00000128245,0
1837,ENSG00000134769,0
57089,ENSG00000198018,0
23229,ENSG00000131089,0
8766,ENSG00000103769,0
84240,ENSG00000131732,0
1160,ENSG00000131730,0
199834,ENSG00000187170,0
60401,ENSG00000131080,0
1359,ENSG00000163751,0
3884,ENSG00000292028,0
84277,ENSG00000176410,0
83449,ENSG00000118557,0
401137,ENSG00000282868,0
9931,ENSG00000198265,0
391004,ENSG00000204479,0
51805,ENSG00000132423,1
2352,ENSG00000110203,0
25906,ENSG00000110200,1
1270,ENSG00000242689,0
64208,ENSG00000132429,0
259197,ENSG00000204475,0
129401,ENSG00000163002,0
9859,ENSG00000143702,0
4054,ENSG00000168056,0
112942,ENSG00000163001,0
8553,ENSG00000134107,0
55720,ENSG00000167721,1
63826,ENSG00000167720,0
222487,ENSG00000182885,0
55746,ENSG00000069248,1
55854,ENSG00000065548,0
55207,ENSG00000134108,0
26995,ENSG00000167112,1
390442,ENSG00000291809,0
91419,ENSG00000166896,0
25820,ENSG00000166233,0
57213,ENSG00000123178,0
84650,ENSG00000123179,0
284018,ENSG00000186665,0
148304,ENSG00000162757,0
5617,ENSG00000172179,0
10320,ENSG00000185811,0
5440,ENSG00000147669,0
5833,ENSG00000185813,0
83446,ENSG00000123171,0
54474,ENSG00000263057,0
553,ENSG00000198049,0
134864,ENSG00000146399,0
1906,ENSG00000078401,0
8028,ENSG00000078403,0
51629,ENSG00000013306,0
28950,ENSG00000211597,0
387032,ENSG00000187626,0
57001,ENSG00000196636,0
200350,ENSG00000184492,0
84914,ENSG00000198466,0
80864,ENSG00000242038,0
348013,ENSG00000282107,0
90316,ENSG00000153779,0
83657,ENSG00000168589,0
8514,ENSG00000069424,0
10428,ENSG00000153774,0
1418,ENSG00000168582,0
83442,ENSG00000142669,0
93621,ENSG00000179010,0
3036,ENSG00000105509,0
55764,ENSG00000163913,0
6010,ENSG00000163914,0
7327,ENSG00000184787,0
5984,ENSG00000163918,1
54802,ENSG00000043514,0
8778,ENSG00000268500,0
441381,ENSG00000254402,0
56344,ENSG00000105507,0
3739,ENSG00000182255,0
9044,ENSG00000095564,1
8987,ENSG00000118804,0
4854,ENSG00000074181,0
84504,ENSG00000148826,0
100861412,ENSG00000265817,0
85014,ENSG00000244187,0
115019,ENSG00000174502,0
28378,ENSG00000211979,0
57135,ENSG00000205916,0
246213,ENSG00000179520,0
26515,ENSG00000132286,0
51144,ENSG00000149084,1
5635,ENSG00000161542,0
85461,ENSG00000115183,0
345274,ENSG00000145283,0
79966,ENSG00000145284,0
2627,ENSG00000141448,0
80000,ENSG00000141449,0
114799,ENSG00000141446,0
283571,ENSG00000119608,0
537,ENSG00000071553,1
84254,ENSG00000004660,0
64762,ENSG00000141441,0
145173,ENSG00000187676,0
6674,ENSG00000104450,0
26059,ENSG00000187672,0
6317,ENSG00000057149,0
84964,ENSG00000239382,0
144348,ENSG00000179195,0
1994,ENSG00000066044,0
645104,ENSG00000249581,0
85464,ENSG00000141298,0
105,ENSG00000185736,0
81848,ENSG00000187678,0
89795,ENSG00000067798,0
50853,ENSG00000136059,0
9337,ENSG00000155508,0
11143,ENSG00000136504,1
2768,ENSG00000146535,0
55761,ENSG00000052841,0
84102,ENSG00000136052,0
23325,ENSG00000136051,0
221806,ENSG00000146530,0
390431,ENSG00000291804,0
57189,ENSG00000262599,0
1457,ENSG00000101266,0
10471,ENSG00000224782,1
578,ENSG00000030110,0
10718,ENSG00000185737,0
79981,ENSG00000153303,0
120065,ENSG00000183303,0
50964,ENSG00000167941,0
284904,ENSG00000133488,0
27439,ENSG00000183307,0
171482,ENSG00000183304,0
494470,ENSG00000141622,0
100101267,ENSG00000272391,0
9831,ENSG00000183309,0
55357,ENSG00000095383,0
54808,ENSG00000141627,0
147699,ENSG00000213889,0
54187,ENSG00000095380,0
81341,ENSG00000172772,0
127665,ENSG00000179930,0
55017,ENSG00000179933,0
56302,ENSG00000274348,0
3425,ENSG00000127415,0
127579,ENSG00000163354,0
80011,ENSG00000172775,0
84286,ENSG00000127419,0
6615,ENSG00000124216,0
79943,ENSG00000185730,0
116173,ENSG00000166091,0
339834,ENSG00000173421,0
114792,ENSG00000186231,0
5933,ENSG00000080839,0
203054,ENSG00000285451,0
57156,ENSG00000165548,0
84947,ENSG00000122335,0
340706,ENSG00000165816,0
55088,ENSG00000165813,0
153579,ENSG00000165810,0
128414,ENSG00000101198,0
55738,ENSG00000101199,0
9491,ENSG00000125818,1
51289,ENSG00000182631,0
10732,ENSG00000101190,0
11083,ENSG00000101191,1
158880,ENSG00000247746,0
54994,ENSG00000101193,0
63910,ENSG00000101194,0
644524,ENSG00000125816,0
10047,ENSG00000125815,0
79444,ENSG00000101197,0
414919,ENSG00000213563,0
221409,ENSG00000249481,0
131965,ENSG00000206562,0
55576,ENSG00000136011,0
9867,ENSG00000198961,0
50838,ENSG00000277254,0
140735,ENSG00000264364,0
80237,ENSG00000128886,0
26301,ENSG00000148288,0
541565,ENSG00000241852,0
146057,ENSG00000128881,0
10420,ENSG00000070759,0
4692,ENSG00000182636,0
5297,ENSG00000241973,1
254272,ENSG00000189375,0
9560,ENSG00000276070,0
28461,ENSG00000211973,0
26986,ENSG00000070756,1
387715,ENSG00000254636,0
8530,ENSG00000077984,0
374286,ENSG00000241322,0
7485,ENSG00000182093,1
231,ENSG00000085662,0
25927,ENSG00000119865,0
53335,ENSG00000119866,0
79017,ENSG00000006625,0
116985,ENSG00000186635,0
29094,ENSG00000119862,0
150209,ENSG00000183773,0
55614,ENSG00000089177,0
57578,ENSG00000276416,0
31,ENSG00000278540,0
28952,ENSG00000101997,0
9313,ENSG00000137674,0
64066,ENSG00000137675,0
10317,ENSG00000183778,0
80139,ENSG00000183779,0
340273,ENSG00000004846,0
54741,ENSG00000213625,0
4316,ENSG00000137673,0
3680,ENSG00000144668,0
23481,ENSG00000100029,1
6634,ENSG00000100028,1
57107,ENSG00000164494,1
23759,ENSG00000100023,1
10642,ENSG00000159217,0
149473,ENSG00000159214,0
23585,ENSG00000183726,0
29799,ENSG00000100027,0
11267,ENSG00000159210,1
51733,ENSG00000100024,0
4800,ENSG00000001167,0
284340,ENSG00000189377,0
1831,ENSG00000157514,0
403278,ENSG00000196098,0
134265,ENSG00000157510,0
498,ENSG00000152234,1
10127,ENSG00000006194,0
259282,ENSG00000038219,0
56981,ENSG00000019485,0
10962,ENSG00000213190,0
81620,ENSG00000167513,1
222962,ENSG00000164638,0
28935,ENSG00000244575,0
7052,ENSG00000198959,0
729830,ENSG00000164142,0
7866,ENSG00000214706,0
155061,ENSG00000181220,0
9311,ENSG00000213199,0
23381,ENSG00000198952,1
7559,ENSG00000164631,0
27236,ENSG00000164144,0
654254,ENSG00000186777,0
54851,ENSG00000168876,0
54937,ENSG00000120669,0
8403,ENSG00000168875,0
55308,ENSG00000168872,0
9617,ENSG00000120662,0
5154,ENSG00000197461,0
347240,ENSG00000186638,0
1305,ENSG00000197467,0
10458,ENSG00000175866,0
6439,ENSG00000168878,0
55300,ENSG00000038210,0
9788,ENSG00000170873,0
222235,ENSG00000161040,0
4051,ENSG00000186529,0
100129128,ENSG00000256980,0
11123,ENSG00000117602,0
462,ENSG00000117601,0
9890,ENSG00000117600,0
222236,ENSG00000161048,0
57530,ENSG00000143375,0
126526,ENSG00000160392,0
10941,ENSG00000173610,0
474170,ENSG00000274332,0
3978,ENSG00000105486,1
50604,ENSG00000162891,0
81622,ENSG00000110057,0
23019,ENSG00000125107,1
148327,ENSG00000143578,0
84875,ENSG00000178685,0
102723168,ENSG00000211974,0
51181,ENSG00000169738,0
127544,ENSG00000116514,0
79577,ENSG00000134371,1
388558,ENSG00000198482,0
148741,ENSG00000198483,0
10440,ENSG00000134375,0
23418,ENSG00000134376,0
6556,ENSG00000018280,0
167555,ENSG00000152380,0
5288,ENSG00000139144,0
58516,ENSG00000139146,0
9852,ENSG00000178567,0
100288695,ENSG00000256671,0
79695,ENSG00000119514,0
51126,ENSG00000173418,0
23234,ENSG00000213551,1
4363,ENSG00000103222,0
4125,ENSG00000104774,0
408050,ENSG00000278087,0
64788,ENSG00000103227,0
347688,ENSG00000261456,0
389123,ENSG00000184345,0
5251,ENSG00000102174,0
988,ENSG00000096401,1
6611,ENSG00000102172,0
3250,ENSG00000261701,0
940,ENSG00000178562,0
147920,ENSG00000204866,0
8266,ENSG00000102178,0
154064,ENSG00000155918,0
1394,ENSG00000278232,0
407977,ENSG00000248871,0
8831,ENSG00000227460,0
643699,ENSG00000232653,0
117143,ENSG00000152382,0
8513,ENSG00000182333,0
8334,ENSG00000180573,0
825,ENSG00000092529,0
255308,ENSG00000180574,0
55561,ENSG00000171219,0
23583,ENSG00000123415,0
112812,ENSG00000267673,1
2297,ENSG00000251493,1
79719,ENSG00000103591,0
64375,ENSG00000123411,0
597,ENSG00000140379,0
64799,ENSG00000103599,0
9760,ENSG00000198846,0
81704,ENSG00000107099,0
347365,ENSG00000102313,0
64840,ENSG00000102312,0
125170,ENSG00000284495,0
7050,ENSG00000177426,0
5935,ENSG00000102317,0
10916,ENSG00000102316,0
3800,ENSG00000276734,0
9363,ENSG00000134594,0
6658,ENSG00000134595,0
51634,ENSG00000134597,0
8933,ENSG00000134590,0
729993,ENSG00000237515,0
29999,ENSG00000106328,0
5298,ENSG00000143393,1
1191,ENSG00000120885,0
6301,ENSG00000031698,1
124583,ENSG00000171302,0
3777,ENSG00000171303,0
9538,ENSG00000149547,0
378108,ENSG00000155428,0
55166,ENSG00000031691,0
57515,ENSG00000111897,0
8795,ENSG00000120889,0
84694,ENSG00000135355,0
9840,ENSG00000135426,0
80153,ENSG00000179151,0
3679,ENSG00000135424,0
27165,ENSG00000135423,0
114827,ENSG00000142621,0
91452,ENSG00000107897,0
54956,ENSG00000138617,0
22852,ENSG00000107890,0
2902,ENSG00000176884,0
4205,ENSG00000068305,0
196074,ENSG00000169519,0
27249,ENSG00000168288,0
23250,ENSG00000068650,0
3667,ENSG00000169047,0
23198,ENSG00000068878,0
1117,ENSG00000064886,0
55593,ENSG00000292211,0
57577,ENSG00000163617,0
23025,ENSG00000130477,0
168451,ENSG00000177683,0
283229,ENSG00000177685,0
245928,ENSG00000177684,0
152185,ENSG00000163611,0
56946,ENSG00000158636,0
162963,ENSG00000167554,0
54887,ENSG00000065060,0
91689,ENSG00000272901,0
100129583,ENSG00000189157,0
121268,ENSG00000167550,0
5545,ENSG00000274839,0
7846,ENSG00000167552,0
8618,ENSG00000163618,0
728116,ENSG00000273274,0
115653,ENSG00000283915,0
341640,ENSG00000150893,0
7516,ENSG00000196584,0
1431,ENSG00000062485,0
404281,ENSG00000230797,0
5947,ENSG00000114115,0
100133251,ENSG00000255378,0
5948,ENSG00000114113,0
257101,ENSG00000176083,0
1748,ENSG00000108813,0
7576,ENSG00000198538,0
55966,ENSG00000196581,0
285,ENSG00000091879,0
284129,ENSG00000181045,0
151011,ENSG00000186522,0
79901,ENSG00000071967,0
100170841,ENSG00000273604,0
6403,ENSG00000174175,0
4958,ENSG00000127083,0
64768,ENSG00000127080,0
55118,ENSG00000095713,0
9710,ENSG00000282735,0
89846,ENSG00000127084,0
91442,ENSG00000131944,0
22898,ENSG00000105339,0
22808,ENSG00000158186,0
80168,ENSG00000166391,0
83636,ENSG00000131943,0
646603,ENSG00000237136,0
136371,ENSG00000146926,0
2911,ENSG00000152822,0
5407,ENSG00000291891,0
391475,ENSG00000232125,0
9987,ENSG00000152795,0
4609,ENSG00000136997,1
22932,ENSG00000146707,0
23277,ENSG00000132361,0
4191,ENSG00000146701,0
84311,ENSG00000278845,1
390151,ENSG00000181767,0
203068,ENSG00000232575,1
81551,ENSG00000015592,0
390181,ENSG00000181273,0
390152,ENSG00000181761,0
4856,ENSG00000136999,0
8654,ENSG00000138735,0
729246,ENSG00000227151,0
6744,ENSG00000138434,0
4190,ENSG00000014641,0
1131,ENSG00000133019,0
1892,ENSG00000127884,0
23401,ENSG00000181274,0
124637,ENSG00000182224,0
326340,ENSG00000182223,0
28474,ENSG00000211934,0
56097,ENSG00000240764,0
10159,ENSG00000182220,1
25911,ENSG00000166171,0
9529,ENSG00000166170,0
55323,ENSG00000166173,0
7766,ENSG00000178386,0
28969,ENSG00000136261,0
10410,ENSG00000142089,0
337967,ENSG00000186930,0
79020,ENSG00000136197,0
344561,ENSG00000173302,0
129049,ENSG00000167037,0
9805,ENSG00000136193,0
84892,ENSG00000144647,0
23627,ENSG00000171864,0
1281,ENSG00000168542,0
170691,ENSG00000140470,0
23066,ENSG00000144712,0
5681,ENSG00000159792,0
1669,ENSG00000164821,0
201798,ENSG00000169989,0
734,ENSG00000164823,0
5331,ENSG00000149782,0
1672,ENSG00000164825,0
23089,ENSG00000242265,0
23353,ENSG00000164828,0
54676,ENSG00000172432,0
253582,ENSG00000203756,0
402317,ENSG00000212807,0
148198,ENSG00000197360,0
146849,ENSG00000161973,0
4897,ENSG00000091129,0
22798,ENSG00000091128,0
54517,ENSG00000091127,0
10437,ENSG00000216490,0
79776,ENSG00000091656,0
23594,ENSG00000091651,1
4254,ENSG00000049130,0
5676,ENSG00000221878,0
339761,ENSG00000186684,0
90624,ENSG00000186687,0
10714,ENSG00000077514,1
7562,ENSG00000182141,0
57711,ENSG00000186020,0
28870,ENSG00000225523,0
7584,ENSG00000169981,0
4701,ENSG00000267855,0
7077,ENSG00000035862,0
84263,ENSG00000119471,0
4069,ENSG00000090382,0
49856,ENSG00000116213,0
115353,ENSG00000116212,0
9310,ENSG00000159917,0
10349,ENSG00000154263,0
4824,ENSG00000167034,0
121601,ENSG00000262139,0
124540,ENSG00000153944,0
7827,ENSG00000116218,0
140700,ENSG00000130590,0
4046,ENSG00000130592,0
146556,ENSG00000153446,0
7140,ENSG00000130595,0
51802,ENSG00000256394,0
7136,ENSG00000288219,0
221078,ENSG00000241058,0
666,ENSG00000176720,0
11244,ENSG00000165156,0
83259,ENSG00000099715,0
80725,ENSG00000277363,0
84302,ENSG00000165152,0
374618,ENSG00000151575,0
51332,ENSG00000137877,0
2258,ENSG00000129682,0
79649,ENSG00000129680,0
4796,ENSG00000160949,1
339778,ENSG00000173557,0
348793,ENSG00000185798,0
170959,ENSG00000196705,0
81558,ENSG00000121104,0
920,ENSG00000010610,0
89884,ENSG00000121454,0
56155,ENSG00000121101,0
10781,ENSG00000174652,0
9015,ENSG00000143498,0
1525,ENSG00000154639,0
146862,ENSG00000141161,0
80863,ENSG00000229071,0
387129,ENSG00000187258,0
51434,ENSG00000196510,0
85379,ENSG00000197077,0
92714,ENSG00000197070,0
2745,ENSG00000173221,0
23678,ENSG00000104205,0
9134,ENSG00000175305,0
84971,ENSG00000130734,0
57480,ENSG00000120278,0
80177,ENSG00000120279,0
390992,ENSG00000173673,0
158046,ENSG00000291520,0
26030,ENSG00000126822,0
81537,ENSG00000285281,0
57396,ENSG00000113240,0
56244,ENSG00000229741,0
30844,ENSG00000103966,0
26762,ENSG00000113249,0
56121,ENSG00000113248,0
84129,ENSG00000240303,0
6189,ENSG00000145425,1
5592,ENSG00000185532,0
23650,ENSG00000137699,0
7168,ENSG00000140416,0
2811,ENSG00000185245,0
57451,ENSG00000145934,0
6423,ENSG00000145423,0
150763,ENSG00000186281,0
51726,ENSG00000090520,0
2492,ENSG00000170820,0
3902,ENSG00000089692,0
8079,ENSG00000089693,0
9761,ENSG00000110917,0
23503,ENSG00000072121,0
390110,ENSG00000205126,0
138716,ENSG00000164967,0
8555,ENSG00000081377,0
55279,ENSG00000175105,0
5770,ENSG00000196396,0
8076,ENSG00000197614,0
1723,ENSG00000102967,1
4624,ENSG00000197616,0
317705,ENSG00000197617,1
3640,ENSG00000248099,0
1015,ENSG00000079112,0
9873,ENSG00000137478,0
90843,ENSG00000180964,0
1071,ENSG00000087237,0
54622,ENSG00000185305,0
1962,ENSG00000113790,0
115749,ENSG00000185306,0
54953,ENSG00000157181,0
2117,ENSG00000117036,0
340348,ENSG00000158457,0
5201,ENSG00000113068,1
5927,ENSG00000073614,0
116447,ENSG00000184428,0
327657,ENSG00000170054,0
23528,ENSG00000162702,0
91584,ENSG00000221866,0
85395,ENSG00000160256,0
51735,ENSG00000158987,0
593,ENSG00000248098,0
3689,ENSG00000160255,0
219968,ENSG00000198283,0
1870,ENSG00000007968,0
148811,ENSG00000162877,0
2213,ENSG00000072694,0
342510,ENSG00000186407,0
10548,ENSG00000100926,0
55897,ENSG00000166823,0
124491,ENSG00000166822,0
28592,ENSG00000211727,0
28610,ENSG00000211725,0
28601,ENSG00000211724,0
91662,ENSG00000142405,0
28602,ENSG00000211721,0
28582,ENSG00000211720,0
64288,ENSG00000235109,0
5281,ENSG00000151665,0
6624,ENSG00000075618,0
375061,ENSG00000182118,0
28609,ENSG00000211728,0
23175,ENSG00000134324,0
4642,ENSG00000176658,0
112398,ENSG00000269858,0
126208,ENSG00000142409,0
3796,ENSG00000068796,0
254263,ENSG00000174871,0
3561,ENSG00000147168,0
84991,ENSG00000134453,1
55152,ENSG00000178149,0
84342,ENSG00000213380,0
84893,ENSG00000134452,0
163227,ENSG00000197020,0
25896,ENSG00000143493,0
79022,ENSG00000134291,0
23318,ENSG00000134744,0
23432,ENSG00000143147,0
54407,ENSG00000134294,0
223,ENSG00000143149,0
84950,ENSG00000134748,0
63932,ENSG00000018610,0
23753,ENSG00000128228,0
317703,ENSG00000228567,0
29071,ENSG00000171155,0
2790,ENSG00000242616,0
4131,ENSG00000131711,0
55328,ENSG00000184719,0
26737,ENSG00000173679,0
7739,ENSG00000292196,0
3623,ENSG00000123999,0
161198,ENSG00000176435,0
219736,ENSG00000165730,0
23549,ENSG00000123992,0
22996,ENSG00000085831,0
5224,ENSG00000164708,0
5979,ENSG00000165731,0
167410,ENSG00000145721,0
4990,ENSG00000184302,0
57537,ENSG00000184985,0
164714,ENSG00000138892,0
388849,ENSG00000234409,0
254887,ENSG00000184307,0
55872,ENSG00000168078,0
286133,ENSG00000168079,0
64285,ENSG00000007384,0
51435,ENSG00000168077,0
52,ENSG00000143727,0
10752,ENSG00000134121,0
2248,ENSG00000186895,0
283129,ENSG00000168070,0
57662,ENSG00000076826,0
2875,ENSG00000167701,0
113655,ENSG00000167700,0
1303,ENSG00000111799,0
90990,ENSG00000167702,0
83547,ENSG00000167705,0
23262,ENSG00000145725,0
27341,ENSG00000189306,0
132660,ENSG00000189308,1
26127,ENSG00000111790,0
3820,ENSG00000111796,0
84919,ENSG00000158615,1
55124,ENSG00000197181,0
132724,ENSG00000185873,0
4714,ENSG00000166136,0
540,ENSG00000123191,0
79896,ENSG00000185875,0
51537,ENSG00000242114,0
51334,ENSG00000184838,0
1501,ENSG00000169862,0
2815,ENSG00000169704,0
8761,ENSG00000090621,0
125115,ENSG00000204889,0
5028,ENSG00000169860,0
767,ENSG00000178538,0
10777,ENSG00000172995,0
3205,ENSG00000078399,0
83539,ENSG00000154080,0
26512,ENSG00000102786,0
1373,ENSG00000021826,0
160851,ENSG00000102780,0
84056,ENSG00000102781,0
404217,ENSG00000178531,0
2560,ENSG00000163288,0
26354,ENSG00000163938,1
55193,ENSG00000163939,0
55505,ENSG00000182117,1
7439,ENSG00000167995,0
5580,ENSG00000163932,0
5202,ENSG00000143256,1
8314,ENSG00000163930,0
250,ENSG00000163283,0
28511,ENSG00000168256,0
2565,ENSG00000163285,0
10942,ENSG00000007038,0
51460,ENSG00000163935,0
10135,ENSG00000105835,1
64748,ENSG00000105520,0
54854,ENSG00000105523,0
84808,ENSG00000187642,0
64151,ENSG00000109805,1
57178,ENSG00000108175,0
5576,ENSG00000114302,0
56521,ENSG00000108176,0
10013,ENSG00000094631,0
129025,ENSG00000275499,0
80727,ENSG00000136295,0
221938,ENSG00000136297,0
10105,ENSG00000108179,0
652991,ENSG00000215474,0
84133,ENSG00000183579,0
9782,ENSG00000015479,1
64207,ENSG00000119669,0
340543,ENSG00000204065,0
391195,ENSG00000177212,0
83544,ENSG00000119661,0
637,ENSG00000015475,0
10687,ENSG00000240694,0
339804,ENSG00000237651,0
50619,ENSG00000023892,0
2589,ENSG00000141429,0
4703,ENSG00000183091,0
166752,ENSG00000183090,0
254439,ENSG00000173237,0
153657,ENSG00000205838,0
389125,ENSG00000272573,0
28951,ENSG00000071575,0
11005,ENSG00000133710,0
55197,ENSG00000141425,0
137392,ENSG00000188343,0
400673,ENSG00000292061,0
114836,ENSG00000162739,0
92140,ENSG00000147649,0
84636,ENSG00000147138,0
154661,ENSG00000105784,0
3596,ENSG00000169194,0
84530,ENSG00000139767,0
55638,ENSG00000147642,0
9958,ENSG00000135655,0
374872,ENSG00000188305,0
9203,ENSG00000147130,0
1807,ENSG00000147647,0
5824,ENSG00000162735,0
5525,ENSG00000066027,0
36,ENSG00000196177,0
647309,ENSG00000205835,0
90835,ENSG00000196118,0
84261,ENSG00000132004,0
5989,ENSG00000132005,0
79883,ENSG00000132000,0
60494,ENSG00000149201,0
3337,ENSG00000132002,0
65249,ENSG00000132003,0
57099,ENSG00000169857,0
3175,ENSG00000169856,0
1386,ENSG00000115966,0
55304,ENSG00000172296,0
116064,ENSG00000163428,0
5099,ENSG00000169851,0
390,ENSG00000115963,0
551,ENSG00000101200,0
25837,ENSG00000167964,0
57642,ENSG00000101203,0
1137,ENSG00000101204,0
60675,ENSG00000163421,0
202243,ENSG00000277868,0
90850,ENSG00000292232,0
6391,ENSG00000143252,1
10650,ENSG00000141391,0
113540,ENSG00000089505,0
7262,ENSG00000274538,0
4637,ENSG00000092841,0
55325,ENSG00000109775,0
4716,ENSG00000291930,0
55805,ENSG00000109771,0
26523,ENSG00000092847,0
284297,ENSG00000179954,0
51106,ENSG00000029639,0
7627,ENSG00000162086,0
340990,ENSG00000188162,0
401565,ENSG00000188163,0
668,ENSG00000183770,0
56833,ENSG00000158714,0
5627,ENSG00000184500,0
5663,ENSG00000080815,0
105376752,ENSG00000233024,0
340152,ENSG00000178199,0
3169,ENSG00000129514,0
1371,ENSG00000080819,0
220081,ENSG00000165837,0
6628,ENSG00000125835,1
5105,ENSG00000124253,0
140880,ENSG00000125831,0
8852,ENSG00000147081,0
6741,ENSG00000138385,0
4664,ENSG00000138386,0
54529,ENSG00000138381,0
79800,ENSG00000138380,0
28623,ENSG00000211770,0
29081,ENSG00000138382,0
114335,ENSG00000267631,0
55,ENSG00000014257,0
1819,ENSG00000108591,0
7695,ENSG00000196646,0
9289,ENSG00000205336,0
10527,ENSG00000205339,1
788,ENSG00000178537,0
56478,ENSG00000184708,0
10610,ENSG00000070731,0
2520,ENSG00000184502,0
8404,ENSG00000152583,0
79925,ENSG00000152582,0
285313,ENSG00000152580,0
147741,ENSG00000198028,0
10344,ENSG00000006606,0
9855,ENSG00000006607,0
388015,ENSG00000254656,0
26505,ENSG00000168763,0
199800,ENSG00000224420,0
239,ENSG00000108839,0
284161,ENSG00000153982,0
4072,ENSG00000119888,0
84811,ENSG00000137656,1
142678,ENSG00000197530,0
23450,ENSG00000189091,1
79832,ENSG00000060749,0
55195,ENSG00000100557,0
65062,ENSG00000155755,0
51382,ENSG00000100554,1
10904,ENSG00000166619,0
23541,ENSG00000100003,0
100129271,ENSG00000198854,0
57172,ENSG00000008118,0
81030,ENSG00000124256,0
25834,ENSG00000182050,0
26499,ENSG00000100558,0
91574,ENSG00000130921,0
10311,ENSG00000157538,0
10499,ENSG00000140396,1
79573,ENSG00000143643,0
51251,ENSG00000122643,0
11328,ENSG00000122642,0
3624,ENSG00000122641,0
3730,ENSG00000011201,0
3310,ENSG00000173110,0
51504,ENSG00000173113,1
10124,ENSG00000122644,0
9874,ENSG00000198586,0
23235,ENSG00000170145,0
3423,ENSG00000010404,0
9507,ENSG00000158859,0
345062,ENSG00000189099,0
624,ENSG00000168398,0
201965,ENSG00000182552,0
170261,ENSG00000174460,0
54965,ENSG00000163964,0
28830,ENSG00000211680,0
80108,ENSG00000198939,0
819,ENSG00000164615,0
9927,ENSG00000116688,1
6100,ENSG00000164610,0
9232,ENSG00000164611,0
158511,ENSG00000292188,0
90231,ENSG00000116685,0
137797,ENSG00000197353,0
117608,ENSG00000178338,0
168667,ENSG00000164619,0
440073,ENSG00000120645,0
3592,ENSG00000168811,0
84318,ENSG00000120647,0
29930,ENSG00000291669,0
53407,ENSG00000168818,0
139886,ENSG00000186767,0
10218,ENSG00000171819,0
389177,ENSG00000186329,0
55758,ENSG00000117625,0
23443,ENSG00000117620,0
283106,ENSG00000254598,0
55291,ENSG00000110075,0
55572,ENSG00000110074,0
64231,ENSG00000110077,0
9379,ENSG00000110076,0
2806,ENSG00000125166,0
4086,ENSG00000170365,0
6419,ENSG00000170364,0
3814,ENSG00000170498,0
1470,ENSG00000170369,0
51338,ENSG00000110079,0
441869,ENSG00000235098,0
3572,ENSG00000134352,0
27154,ENSG00000096070,0
1346,ENSG00000161281,0
6278,ENSG00000143556,0
116362,ENSG00000162444,0
11000,ENSG00000143554,0
729431,ENSG00000216649,0
5516,ENSG00000104695,0
114805,ENSG00000144278,0
55666,ENSG00000182446,1
55870,ENSG00000116539,0
10911,ENSG00000049247,0
8863,ENSG00000049246,0
9341,ENSG00000049245,0
56957,ENSG00000264522,0
55500,ENSG00000139163,0
254013,ENSG00000139160,0
285367,ENSG00000156990,0
81567,ENSG00000239264,0
3604,ENSG00000049249,0
4833,ENSG00000103202,0
2166,ENSG00000117480,0
3257,ENSG00000107521,0
345651,ENSG00000169067,0
5902,ENSG00000099901,0
120376,ENSG00000214290,0
29801,ENSG00000099904,0
1112,ENSG00000053254,0
84182,ENSG00000106125,0
8794,ENSG00000173535,0
728255,ENSG00000204887,0
2218,ENSG00000106692,0
2843,ENSG00000291465,0
2051,ENSG00000106123,0
84061,ENSG00000102158,0
2692,ENSG00000106128,0
925,ENSG00000153563,0
7342,ENSG00000153560,0
64795,ENSG00000153561,0
388697,ENSG00000197915,0
286097,ENSG00000155970,0
6687,ENSG00000197912,0
137492,ENSG00000155975,0
23426,ENSG00000155974,0
6368,ENSG00000274736,0
50614,ENSG00000182870,0
143630,ENSG00000175518,0
51326,ENSG00000185829,0
2689,ENSG00000136487,0
8352,ENSG00000287080,0
126353,ENSG00000099812,0
57096,ENSG00000092200,0
253959,ENSG00000174373,0
100526740,ENSG00000248919,0
65008,ENSG00000169288,0
30014,ENSG00000198021,0
9223,ENSG00000151276,0
6457,ENSG00000291608,0
7881,ENSG00000169282,0
8125,ENSG00000140350,0
28385,ENSG00000211933,0
10842,ENSG00000106341,0
55176,ENSG00000065665,0
7789,ENSG00000198205,0
55131,ENSG00000106344,1
5664,ENSG00000143801,0
84132,ENSG00000106346,0
25937,ENSG00000018408,0
3614,ENSG00000106348,0
28227,ENSG00000167393,0
79001,ENSG00000167397,0
79759,ENSG00000167394,0
5764,ENSG00000105894,0
8687,ENSG00000171360,0
83445,ENSG00000111305,0
6631,ENSG00000124562,1
80018,ENSG00000111300,1
100529209,ENSG00000161939,0
53831,ENSG00000139572,0
56925,ENSG00000079257,0
79035,ENSG00000139579,0
343069,ENSG00000282175,0
64145,ENSG00000131381,0
117248,ENSG00000131386,0
967,ENSG00000135404,0
10677,ENSG00000135407,0
5630,ENSG00000135406,0
269,ENSG00000135409,0
6533,ENSG00000131389,0
389812,ENSG00000177984,0
10394,ENSG00000156575,0
1358,ENSG00000158516,0
7030,ENSG00000292217,0
203,ENSG00000106992,0
65110,ENSG00000169062,0
114790,ENSG00000144589,0
503618,ENSG00000177023,0
213,ENSG00000163631,0
132204,ENSG00000163630,0
80013,ENSG00000148481,0
8943,ENSG00000065000,0
6314,ENSG00000163635,0
80145,ENSG00000163634,1
166336,ENSG00000163637,0
79004,ENSG00000107874,0
56999,ENSG00000163638,0
27430,ENSG00000038274,0
10407,ENSG00000164871,0
53916,ENSG00000167578,0
261734,ENSG00000131697,0
2798,ENSG00000109163,0
148418,ENSG00000203943,0
55280,ENSG00000095485,0
54962,ENSG00000075131,0
10134,ENSG00000185825,0
389114,ENSG00000182983,0
8120,ENSG00000103723,0
10814,ENSG00000145920,0
1062,ENSG00000138778,1
4588,ENSG00000184956,0
81573,ENSG00000118454,0
8636,ENSG00000176101,0
56061,ENSG00000103353,0
123283,ENSG00000185418,0
100130742,ENSG00000214954,0
133690,ENSG00000152611,0
57093,ENSG00000168930,0
26009,ENSG00000036549,1
7464,ENSG00000106789,0
1479,ENSG00000176102,1
145483,ENSG00000156050,0
128602,ENSG00000124237,0
2776,ENSG00000156052,0
25805,ENSG00000095739,0
23256,ENSG00000092108,1
5864,ENSG00000105649,0
374900,ENSG00000198453,0
79973,ENSG00000198342,0
5296,ENSG00000105647,0
6142,ENSG00000105640,1
6528,ENSG00000105641,0
3780,ENSG00000105642,0
27106,ENSG00000105643,0
1890,ENSG00000025708,0
5423,ENSG00000070501,0
7424,ENSG00000150630,0
100506243,ENSG00000240747,0
145447,ENSG00000131969,0
6171,ENSG00000229117,1
339366,ENSG00000185761,0
155465,ENSG00000173467,0
3087,ENSG00000152804,0
2631,ENSG00000146729,0
255061,ENSG00000176358,0
56922,ENSG00000078070,0
387700,ENSG00000152779,0
84450,ENSG00000243943,0
162239,ENSG00000184517,0
196403,ENSG00000178498,0
340542,ENSG00000291824,0
144423,ENSG00000151948,0
55028,ENSG00000141219,0
257415,ENSG00000234545,0
205428,ENSG00000181744,0
56984,ENSG00000128789,0
140032,ENSG00000280969,0
55504,ENSG00000127863,0
26135,ENSG00000142864,0
8915,ENSG00000142867,0
57007,ENSG00000144476,0
30008,ENSG00000172638,0
114908,ENSG00000152558,0
2939,ENSG00000244067,0
55530,ENSG00000166111,0
115992,ENSG00000158717,0
81532,ENSG00000291442,0
54800,ENSG00000114796,0
26084,ENSG00000114790,0
28803,ENSG00000211669,0
54440,ENSG00000122122,0
6347,ENSG00000108691,0
56977,ENSG00000173320,0
7512,ENSG00000122121,0
4952,ENSG00000122126,0
4296,ENSG00000173327,0
440350,ENSG00000233232,0
353174,ENSG00000186919,0
55893,ENSG00000186918,0
5714,ENSG00000099341,0
387804,ENSG00000214376,0
64838,ENSG00000115226,0
140469,ENSG00000071909,0
84812,ENSG00000115556,0
3694,ENSG00000115221,0
9821,ENSG00000023287,0
169693,ENSG00000181778,0
6701,ENSG00000196805,0
59084,ENSG00000112796,0
56125,ENSG00000197479,0
541468,ENSG00000171357,0
79018,ENSG00000141034,0
51015,ENSG00000066583,0
55277,ENSG00000172456,0
81628,ENSG00000166925,0
1291,ENSG00000142156,0
353288,ENSG00000186393,0
219493,ENSG00000172459,0
53342,ENSG00000172458,0
23742,ENSG00000185823,0
26271,ENSG00000112029,1
489,ENSG00000074370,0
22794,ENSG00000108349,0
55163,ENSG00000108439,0
8908,ENSG00000056998,0
1440,ENSG00000108342,0
55337,ENSG00000130813,0
5709,ENSG00000108344,1
58484,ENSG00000091106,0
26272,ENSG00000151876,0
259287,ENSG00000221855,0
83895,ENSG00000261862,0
5571,ENSG00000181929,0
23011,ENSG00000080371,0
339829,ENSG00000284862,0
79982,ENSG00000164031,0
112399,ENSG00000129521,0
4524,ENSG00000177000,0
54836,ENSG00000119411,0
5537,ENSG00000119414,1
653361,ENSG00000158517,0
84186,ENSG00000147905,0
10721,ENSG00000051341,0
3020,ENSG00000163041,0
284615,ENSG00000272031,0
23164,ENSG00000133030,0
1636,ENSG00000159640,0
1871,ENSG00000112242,0
55156,ENSG00000104442,0
387837,ENSG00000256660,0
7803,ENSG00000112245,0
7227,ENSG00000104447,0
10973,ENSG00000112249,1
3099,ENSG00000159399,1
221223,ENSG00000261972,0
800,ENSG00000122786,0
6718,ENSG00000122787,0
10803,ENSG00000173585,0
92856,ENSG00000136718,1
78996,ENSG00000122783,0
23333,ENSG00000173852,0
29903,ENSG00000173581,0
1854,ENSG00000128951,1
274,ENSG00000136717,0
84317,ENSG00000136710,1
116461,ENSG00000198860,0
7132,ENSG00000067182,0
346528,ENSG00000285105,0
135927,ENSG00000275821,0
64761,ENSG00000059378,0
55245,ENSG00000101019,0
85446,ENSG00000136367,0
255119,ENSG00000197826,0
203286,ENSG00000165138,0
28316,ENSG00000101542,0
958,ENSG00000101017,0
6197,ENSG00000177189,0
143471,ENSG00000154611,0
79863,ENSG00000101546,0
4593,ENSG00000030304,0
22850,ENSG00000101544,0
340061,ENSG00000288243,0
115330,ENSG00000164849,0
5031,ENSG00000171631,0
84163,ENSG00000196275,0
8027,ENSG00000136738,0
2917,ENSG00000196277,0
445815,ENSG00000157654,0
90187,ENSG00000183798,0
157753,ENSG00000164841,0
200162,ENSG00000155761,0
83875,ENSG00000197580,0
83549,ENSG00000130717,0
57185,ENSG00000001461,0
90529,ENSG00000001460,0
22835,ENSG00000120784,0
23404,ENSG00000130713,1
496,ENSG00000186009,0
59335,ENSG00000130711,0
93273,ENSG00000186007,0
2296,ENSG00000054598,0
137682,ENSG00000156170,0
147872,ENSG00000161609,0
3306,ENSG00000126803,0
81669,ENSG00000221978,0
80114,ENSG00000122870,0
3702,ENSG00000113263,0
55847,ENSG00000122873,0
23705,ENSG00000182985,0
1959,ENSG00000122877,0
55819,ENSG00000113269,0
285600,ENSG00000185261,0
55831,ENSG00000125037,1
339669,ENSG00000185264,0
85354,ENSG00000241241,0
64218,ENSG00000196189,0
1510,ENSG00000196188,0
24150,ENSG00000183632,0
100130613,ENSG00000183631,0
972,ENSG00000019582,0
3344,ENSG00000170802,0
94031,ENSG00000170801,0
9725,ENSG00000196187,0
131377,ENSG00000157119,0
94137,ENSG00000183638,0
9221,ENSG00000166197,0
57604,ENSG00000284872,0
124944,ENSG00000258315,0
171484,ENSG00000187268,0
23463,ENSG00000116237,0
23038,ENSG00000142784,0
3755,ENSG00000026559,0
259308,ENSG00000205108,0
4282,ENSG00000240972,0
11342,ENSG00000082996,0
4745,ENSG00000165973,0
23107,ENSG00000113048,1
9984,ENSG00000079134,1
375791,ENSG00000197191,0
9132,ENSG00000117013,0
127396,ENSG00000117010,0
51062,ENSG00000198513,0
9783,ENSG00000117016,0
51611,ENSG00000117543,0
9244,ENSG00000006016,0
55049,ENSG00000006015,0
4185,ENSG00000073670,0
84465,ENSG00000277848,0
222183,ENSG00000177679,0
56850,ENSG00000068400,0
100131827,ENSG00000227124,0
387890,ENSG00000224982,0
9245,ENSG00000140297,0
54554,ENSG00000196981,0
389206,ENSG00000188848,0
92912,ENSG00000140367,0
6690,ENSG00000164266,0
117156,ENSG00000164265,0
10101,ENSG00000095906,0
4846,ENSG00000164867,0
9466,ENSG00000288185,0
51267,ENSG00000150048,0
23087,ENSG00000104228,0
29116,ENSG00000007944,0
346157,ENSG00000124613,0
5700,ENSG00000100764,1
5411,ENSG00000100941,1
25902,ENSG00000120254,0
55290,ENSG00000104221,1
348995,ENSG00000120253,1
2035,ENSG00000159023,0
2891,ENSG00000120251,0
6973,ENSG00000211701,0
3163,ENSG00000103415,0
5532,ENSG00000107758,0
158521,ENSG00000176988,0
28597,ENSG00000211707,0
5707,ENSG00000173692,1
10570,ENSG00000151640,0
9632,ENSG00000176986,0
150280,ENSG00000176635,0
9435,ENSG00000175040,0
9708,ENSG00000253767,0
374407,ENSG00000187726,0
138724,ENSG00000174038,0
55038,ENSG00000170779,0
84300,ENSG00000137288,0
2861,ENSG00000170775,0
11214,ENSG00000170776,0
4337,ENSG00000124615,0
10897,ENSG00000174851,0
27178,ENSG00000125571,0
221823,ENSG00000229937,0
79875,ENSG00000187720,0
28930,ENSG00000242371,0
10694,ENSG00000156261,1
64983,ENSG00000106591,0
375057,ENSG00000203685,0
56911,ENSG00000291525,0
140885,ENSG00000198053,0
7450,ENSG00000110799,0
85460,ENSG00000178163,0
84779,ENSG00000156269,0
8515,ENSG00000143127,0
1952,ENSG00000143126,0
57168,ENSG00000128203,0
64080,ENSG00000171174,0
6950,ENSG00000120438,1
23204,ENSG00000170540,0
64919,ENSG00000127152,0
2049,ENSG00000182580,0
57699,ENSG00000124772,0
643236,ENSG00000187783,0
1953,ENSG00000162591,0
131408,ENSG00000175182,0
1466,ENSG00000175183,0
2853,ENSG00000120436,0
39,ENSG00000120437,0
57402,ENSG00000189334,0
1803,ENSG00000197635,0
1179,ENSG00000016490,0
23091,ENSG00000123200,1
497190,ENSG00000140839,0
59339,ENSG00000169499,0
339344,ENSG00000176182,0
10164,ENSG00000140835,0
463,ENSG00000140836,0
54957,ENSG00000140830,0
54797,ENSG00000130772,1
91862,ENSG00000140832,0
9914,ENSG00000064270,0
149465,ENSG00000243710,0
2662,ENSG00000266524,0
10518,ENSG00000136425,0
200634,ENSG00000157992,0
80036,ENSG00000083067,0
1460,ENSG00000204435,1
116519,ENSG00000110243,0
114971,ENSG00000110536,1
5726,ENSG00000257138,0
9501,ENSG00000282013,0
337,ENSG00000110244,0
345,ENSG00000110245,0
125981,ENSG00000167769,0
8756,ENSG00000069206,0
390321,ENSG00000205330,0
11185,ENSG00000241644,0
89849,ENSG00000168010,0
100131211,ENSG00000189362,0
60312,ENSG00000196526,0
144501,ENSG00000167767,0
55769,ENSG00000167766,0
343413,ENSG00000181036,0
810,ENSG00000178363,0
26032,ENSG00000173705,0
114899,ENSG00000082196,0
85235,ENSG00000274997,0
51207,ENSG00000079393,0
28885,ENSG00000241566,0
245939,ENSG00000185982,0
23150,ENSG00000114541,0
55741,ENSG00000088298,0
54946,ENSG00000114544,0
152015,ENSG00000114547,0
116931,ENSG00000144893,0
2160,ENSG00000088926,0
23386,ENSG00000015676,1
212,ENSG00000158578,0
185,ENSG00000144891,0
56667,ENSG00000173702,0
727800,ENSG00000212864,0
140739,ENSG00000184182,0
5125,ENSG00000099139,0
3012,ENSG00000277075,0
5832,ENSG00000059573,1
80222,ENSG00000143374,1
728405,ENSG00000231637,0
81790,ENSG00000120925,0
1809,ENSG00000113657,0
1021,ENSG00000105810,0
8799,ENSG00000131779,0
9557,ENSG00000131778,0
22821,ENSG00000280477,0
558,ENSG00000167601,0
9512,ENSG00000105819,1
84749,ENSG00000135093,0
84152,ENSG00000131771,0
4440,ENSG00000135097,0
10993,ENSG00000135094,0
54700,ENSG00000278494,1
23148,ENSG00000136274,0
3364,ENSG00000136273,1
54606,ENSG00000136271,1
9238,ENSG00000136270,0
55144,ENSG00000171492,0
100885848,ENSG00000267060,0
9968,ENSG00000184634,1
28988,ENSG00000136279,0
1800,ENSG00000015413,0
388389,ENSG00000167131,0
259232,ENSG00000102452,0
50507,ENSG00000086991,0
97,ENSG00000119640,0
2044,ENSG00000145242,0
6276,ENSG00000196420,0
729422,ENSG00000237671,0
10229,ENSG00000167186,0
201780,ENSG00000145248,0
55633,ENSG00000065491,0
729967,ENSG00000188010,0
2620,ENSG00000148935,0
3613,ENSG00000141401,0
3612,ENSG00000133731,0
2774,ENSG00000141404,0
7574,ENSG00000198393,0
57460,ENSG00000111110,0
222696,ENSG00000187987,0
317749,ENSG00000187630,0
85444,ENSG00000133739,0
391013,ENSG00000187980,0
7453,ENSG00000140105,1
7484,ENSG00000276799,0
2799,ENSG00000135677,0
10513,ENSG00000062725,0
114548,ENSG00000162711,0
79742,ENSG00000147113,0
54991,ENSG00000131591,0
9290,ENSG00000135898,0
3431,ENSG00000135899,0
23390,ENSG00000186908,0
1368,ENSG00000135678,0
4193,ENSG00000135679,0
116225,ENSG00000165724,0
54862,ENSG00000132024,0
160428,ENSG00000136010,0
10181,ENSG00000003756,0
56902,ENSG00000115946,1
5000,ENSG00000115947,0
9167,ENSG00000115944,0
4999,ENSG00000115942,1
25876,ENSG00000101222,0
1642,ENSG00000167986,1
54976,ENSG00000101220,0
197358,ENSG00000167984,0
153643,ENSG00000153347,0
994,ENSG00000101224,0
5873,ENSG00000069974,0
2646,ENSG00000084734,0
91181,ENSG00000143552,0
3797,ENSG00000084731,0
10890,ENSG00000084733,0
9693,ENSG00000109756,0
144453,ENSG00000127325,0
7430,ENSG00000092820,0
1462,ENSG00000038427,0
4674,ENSG00000186462,0
54850,ENSG00000127452,0
84274,ENSG00000110871,0
3083,ENSG00000109758,0
9744,ENSG00000072818,0
771,ENSG00000074410,0
11343,ENSG00000074416,0
55734,ENSG00000020256,0
3630,ENSG00000254647,0
6708,ENSG00000163554,0
10350,ENSG00000154258,0
6344,ENSG00000080293,0
6758,ENSG00000165583,0
10214,ENSG00000165584,0
56889,ENSG00000077147,0
391712,ENSG00000183439,0
5015,ENSG00000165588,0
57605,ENSG00000090975,0
5991,ENSG00000080298,0
84168,ENSG00000169604,0
57106,ENSG00000090971,0
4691,ENSG00000115053,1
23424,ENSG00000196116,0
133482,ENSG00000205359,0
4496,ENSG00000205358,0
471,ENSG00000138363,1
8558,ENSG00000185324,0
157313,ENSG00000184661,0
54458,ENSG00000205352,0
84923,ENSG00000133193,0
3120,ENSG00000228813,0
7175,ENSG00000047410,1
23533,ENSG00000141506,0
6836,ENSG00000280951,0
54346,ENSG00000112494,0
55173,ENSG00000048544,1
85403,ENSG00000144597,0
10947,ENSG00000070718,0
126767,ENSG00000188984,0
64506,ENSG00000214575,0
25920,ENSG00000188986,1
6582,ENSG00000112499,0
345222,ENSG00000188981,0
201161,ENSG00000166582,0
126755,ENSG00000162494,0
79856,ENSG00000157734,0
375686,ENSG00000186583,0
55885,ENSG00000048540,0
491,ENSG00000157087,0
6288,ENSG00000173432,0
8406,ENSG00000101955,0
9506,ENSG00000101951,0
8528,ENSG00000203797,0
11056,ENSG00000277594,1
2742,ENSG00000101958,0
6892,ENSG00000206208,0
56853,ENSG00000101489,0
51660,ENSG00000060762,0
54827,ENSG00000137634,0
221301,ENSG00000164451,0
10001,ENSG00000133997,0
441282,ENSG00000227471,0
9118,ENSG00000148798,0
65220,ENSG00000008130,0
25853,ENSG00000198876,0
6862,ENSG00000164458,0
169436,ENSG00000281245,0
2869,ENSG00000198873,0
203238,ENSG00000164989,0
545,ENSG00000175054,1
374308,ENSG00000276595,0
89777,ENSG00000166634,0
3293,ENSG00000130948,0
26520,ENSG00000100575,0
2954,ENSG00000100577,0
9333,ENSG00000104055,0
10343,ENSG00000130943,0
9786,ENSG00000100578,0
390275,ENSG00000196119,0
23359,ENSG00000273564,0
55229,ENSG00000157881,0
122651,ENSG00000173464,0
3772,ENSG00000157551,0
7038,ENSG00000042832,0
2114,ENSG00000157557,0
130106,ENSG00000157884,0
2078,ENSG00000157554,0
54331,ENSG00000186469,0
51018,ENSG00000067533,0
50836,ENSG00000121314,0
9720,ENSG00000170160,0
51029,ENSG00000121644,0
245806,ENSG00000170162,0
55268,ENSG00000121310,0
51193,ENSG00000121864,0
3233,ENSG00000170166,0
92255,ENSG00000164187,0
133923,ENSG00000164185,0
54891,ENSG00000114933,0
153396,ENSG00000164180,0
79993,ENSG00000164181,0
339448,ENSG00000198912,0
4514,ENSG00000198938,0
51526,ENSG00000132823,0
6721,ENSG00000198911,0
94120,ENSG00000164674,0
154865,ENSG00000164675,0
5455,ENSG00000198914,0
221002,ENSG00000198915,0
6228,ENSG00000186468,1
3354,ENSG00000168830,0
9666,ENSG00000198919,0
246329,ENSG00000185482,0
79178,ENSG00000259431,0
6478,ENSG00000181788,0
51574,ENSG00000174720,0
285267,ENSG00000177873,0
10022,ENSG00000172410,0
91608,ENSG00000270885,0
7319,ENSG00000077721,0
8370,ENSG00000270882,1
283677,ENSG00000183324,0
54704,ENSG00000164951,0
474381,ENSG00000277858,0
128553,ENSG00000182463,0
4142,ENSG00000130368,0
64093,ENSG00000198732,0
728343,ENSG00000269437,0
83861,ENSG00000130363,0
292,ENSG00000005022,0
8935,ENSG00000005020,0
548596,ENSG00000223572,0
7478,ENSG00000061492,0
342132,ENSG00000196391,0
54848,ENSG00000236699,0
3742,ENSG00000151079,0
64843,ENSG00000159556,0
414325,ENSG00000176797,0
1143,ENSG00000117971,0
388931,ENSG00000205639,0
6969,ENSG00000211687,0
6545,ENSG00000099960,0
29945,ENSG00000053900,1
57214,ENSG00000103888,0
9420,ENSG00000172817,0
23786,ENSG00000099968,0
84651,ENSG00000145879,0
128360,ENSG00000186306,0
91893,ENSG00000255561,0
7411,ENSG00000155959,0
410,ENSG00000100299,0
51643,ENSG00000155957,0
390063,ENSG00000167359,0
90957,ENSG00000163214,0
140687,ENSG00000124091,0
140690,ENSG00000124092,0
5406,ENSG00000175535,0
198437,ENSG00000171695,0
387787,ENSG00000175536,0
116151,ENSG00000124098,0
221687,ENSG00000180537,0
79922,ENSG00000278619,0
57522,ENSG00000196935,0
8204,ENSG00000180530,0
1310,ENSG00000082293,0
201516,ENSG00000180532,0
5810,ENSG00000113456,1
79152,ENSG00000103089,0
6284,ENSG00000189171,0
7405,ENSG00000198382,0
55830,ENSG00000016864,0
7090,ENSG00000140332,0
124404,ENSG00000140623,0
116238,ENSG00000160606,0
80262,ENSG00000125149,0
4502,ENSG00000125148,0
22998,ENSG00000064042,0
284086,ENSG00000160602,0
4495,ENSG00000125144,0
8326,ENSG00000188763,0
148254,ENSG00000186300,0
29058,ENSG00000089063,0
10678,ENSG00000170340,0
80024,ENSG00000089060,0
285755,ENSG00000185250,0
7571,ENSG00000167377,0
29114,ENSG00000144834,0
112476,ENSG00000167371,0
8099,ENSG00000111328,0
51365,ENSG00000144837,0
283455,ENSG00000171435,0
79676,ENSG00000111325,0
2786,ENSG00000168243,0
11317,ENSG00000124232,0
54103,ENSG00000186088,0
93058,ENSG00000135469,0
3638,ENSG00000186480,0
340205,ENSG00000161911,0
127294,ENSG00000142661,0
2533,ENSG00000082074,0
8569,ENSG00000079277,0
8310,ENSG00000087008,0
56160,ENSG00000185115,0
100131608,ENSG00000274540,0
81557,ENSG00000187243,0
131583,ENSG00000185112,0
51024,ENSG00000214253,1
65055,ENSG00000068615,0
80223,ENSG00000156675,0
5174,ENSG00000174827,0
81300,ENSG00000181927,0
28948,ENSG00000211595,0
813,ENSG00000128595,0
23620,ENSG00000169006,0
100288520,ENSG00000223569,0
4622,ENSG00000264424,0
25822,ENSG00000137094,0
2617,ENSG00000106105,1
728489,ENSG00000213221,1
10392,ENSG00000106100,0
372,ENSG00000095139,1
728858,ENSG00000214700,0
64753,ENSG00000128596,0
51693,ENSG00000167515,0
9094,ENSG00000109103,0
22900,ENSG00000105483,0
8456,ENSG00000109101,0
230,ENSG00000109107,0
51274,ENSG00000109787,0
133619,ENSG00000164244,0
8672,ENSG00000075151,0
84076,ENSG00000151005,0
27297,ENSG00000241258,0
27022,ENSG00000187140,0
164284,ENSG00000198768,0
84251,ENSG00000118473,0
11227,ENSG00000136542,0
2099,ENSG00000091831,0
23254,ENSG00000189337,0
265,ENSG00000125363,0
55920,ENSG00000281540,0
56993,ENSG00000100216,1
9131,ENSG00000156709,1
3751,ENSG00000184408,0
166968,ENSG00000155545,0
6445,ENSG00000102683,0
8237,ENSG00000102226,0
153830,ENSG00000145860,0
55272,ENSG00000177971,1
5054,ENSG00000106366,0
1174,ENSG00000106367,0
2042,ENSG00000044524,0
1311,ENSG00000105664,0
23373,ENSG00000105662,0
5431,ENSG00000047315,1
3927,ENSG00000002834,0
2559,ENSG00000145863,0
5142,ENSG00000184588,0
23410,ENSG00000142082,0
11045,ENSG00000105668,0
317754,ENSG00000166351,0
119710,ENSG00000166352,0
55808,ENSG00000070526,0
9767,ENSG00000102221,0
126248,ENSG00000166359,0
54993,ENSG00000291625,0
1847,ENSG00000138166,0
6696,ENSG00000118785,0
125150,ENSG00000214941,0
1140,ENSG00000170175,0
273,ENSG00000078053,0
81545,ENSG00000145868,0
3889,ENSG00000170523,0
130120,ENSG00000143954,0
7494,ENSG00000100219,0
26137,ENSG00000181722,0
25976,ENSG00000163659,0
7629,ENSG00000065029,0
7802,ENSG00000163879,0
80010,ENSG00000178966,0
79753,ENSG00000163877,1
11280,ENSG00000168356,0
64769,ENSG00000163875,0
80149,ENSG00000163874,0
2899,ENSG00000163873,0
55689,ENSG00000163872,0
8833,ENSG00000163655,1
131601,ENSG00000163870,0
26154,ENSG00000144452,0
5883,ENSG00000172613,1
79582,ENSG00000144451,0
387707,ENSG00000188649,0
285362,ENSG00000144455,0
55662,ENSG00000166135,0
51057,ENSG00000143951,0
140576,ENSG00000188643,0
121457,ENSG00000166130,0
27079,ENSG00000166133,0
284359,ENSG00000182264,0
374955,ENSG00000291401,0
170482,ENSG00000198178,0
440585,ENSG00000186973,0
284827,ENSG00000186971,0
7083,ENSG00000167900,0
337972,ENSG00000186977,0
64800,ENSG00000186976,0
633,ENSG00000182492,0
28473,ENSG00000211935,0
257068,ENSG00000240891,0
4234,ENSG00000037897,1
54829,ENSG00000292224,0
283514,ENSG00000215475,0
89766,ENSG00000177398,0
283953,ENSG00000232258,0
54462,ENSG00000107771,0
112755,ENSG00000099365,0
54620,ENSG00000099364,0
653583,ENSG00000176531,0
2281,ENSG00000119782,0
201456,ENSG00000141665,0
4358,ENSG00000115204,0
2976,ENSG00000115207,1
64225,ENSG00000119787,1
55591,ENSG00000028203,1
373863,ENSG00000256453,0
2175,ENSG00000187741,0
353324,ENSG00000186451,0
24142,ENSG00000243477,0
2535,ENSG00000180340,0
54878,ENSG00000074603,0
221468,ENSG00000172738,0
84320,ENSG00000230124,0
56938,ENSG00000029153,0
653140,ENSG00000186453,0
84447,ENSG00000162298,0
27006,ENSG00000070388,0
55421,ENSG00000074356,0
8688,ENSG00000108417,0
85376,ENSG00000275793,0
1442,ENSG00000136488,0
112849,ENSG00000126790,0
9352,ENSG00000091164,0
842,ENSG00000132906,0
1306,ENSG00000204291,0
23538,ENSG00000182070,0
341880,ENSG00000151812,0
393046,ENSG00000221836,0
10665,ENSG00000232106,0
7873,ENSG00000145050,0
23743,ENSG00000132840,0
81932,ENSG00000119431,0
91544,ENSG00000158062,0
158,ENSG00000239900,1
386618,ENSG00000180332,0
5610,ENSG00000055332,0
25778,ENSG00000133059,0
83694,ENSG00000198208,0
147381,ENSG00000141668,0
57619,ENSG00000138771,0
306,ENSG00000138772,0
4608,ENSG00000133055,0
5287,ENSG00000133056,0
27068,ENSG00000138777,1
84945,ENSG00000139826,0
2676,ENSG00000146013,0
101059918,ENSG00000186399,0
4037,ENSG00000130881,0
3858,ENSG00000186395,0
163049,ENSG00000173875,0
10439,ENSG00000130558,0
5980,ENSG00000009413,1
124961,ENSG00000180787,0
84267,ENSG00000165118,0
3190,ENSG00000165119,1
2995,ENSG00000136732,0
220963,ENSG00000165449,0
56886,ENSG00000136731,0
84074,ENSG00000129646,0
80318,ENSG00000165113,0
143503,ENSG00000180785,0
115948,ENSG00000198003,0
6141,ENSG00000063177,1
56848,ENSG00000063176,0
79047,ENSG00000153885,0
150094,ENSG00000142178,0
65982,ENSG00000121413,0
9674,ENSG00000235750,0
339855,ENSG00000174611,0
1,ENSG00000121410,0
90321,ENSG00000196214,0
525,ENSG00000116039,0
347733,ENSG00000137285,0
79919,ENSG00000172478,0
84255,ENSG00000157800,0
56123,ENSG00000291692,0
116444,ENSG00000116032,0
50489,ENSG00000116031,0
7341,ENSG00000116030,0
3456,ENSG00000171855,0
25806,ENSG00000116035,0
93974,ENSG00000285390,0
55204,ENSG00000143457,0
26167,ENSG00000113209,0
50674,ENSG00000122859,0
9473,ENSG00000130775,0
57016,ENSG00000198074,0
653509,ENSG00000122852,0
6249,ENSG00000130779,0
57493,ENSG00000173706,0
27241,ENSG00000122507,0
163479,ENSG00000143107,0
56132,ENSG00000113205,0
57587,ENSG00000164323,0
80317,ENSG00000189298,0
8468,ENSG00000077800,0
51076,ENSG00000119929,0
57678,ENSG00000119927,0
122616,ENSG00000140104,0
3433,ENSG00000119922,0
283600,ENSG00000140107,0
139081,ENSG00000165509,0
149466,ENSG00000253313,0
84734,ENSG00000183615,0
9727,ENSG00000275338,0
116541,ENSG00000183617,0
56936,ENSG00000267909,0
83607,ENSG00000144233,0
51686,ENSG00000143450,0
54536,ENSG00000138190,0
28476,ENSG00000242472,0
51196,ENSG00000138193,0
10878,ENSG00000116785,0
2994,ENSG00000250361,0
23207,ENSG00000116786,0
613037,ENSG00000198064,0
9618,ENSG00000076604,0
51086,ENSG00000116783,0
4811,ENSG00000116962,0
51101,ENSG00000104427,0
84229,ENSG00000159625,0
127247,ENSG00000154007,0
3619,ENSG00000149503,1
356,ENSG00000117560,0
51361,ENSG00000134709,0
58155,ENSG00000117569,0
202915,ENSG00000164855,0
23671,ENSG00000144339,0
644168,ENSG00000165606,0
126626,ENSG00000143458,0
91369,ENSG00000154945,0
646262,ENSG00000215906,0
51068,ENSG00000169251,1
6166,ENSG00000165502,0
64170,ENSG00000187796,0
138162,ENSG00000160345,0
1400,ENSG00000072832,0
64101,ENSG00000128594,0
408,ENSG00000137486,0
57823,ENSG00000026751,0
2318,ENSG00000128591,0
4189,ENSG00000128590,0
90135,ENSG00000184887,0
3112,ENSG00000243612,0
51527,ENSG00000100744,0
57153,ENSG00000129353,0
133383,ENSG00000155542,0
25776,ENSG00000100211,0
9846,ENSG00000033327,1
1292,ENSG00000142173,0
4776,ENSG00000100968,0
27156,ENSG00000100218,0
3443,ENSG00000120235,0
7443,ENSG00000100749,0
80778,ENSG00000196378,0
80218,ENSG00000121579,1
79647,ENSG00000174574,0
84823,ENSG00000176619,0
4354,ENSG00000130830,0
29780,ENSG00000188677,0
657,ENSG00000107779,0
349633,ENSG00000188771,0
10206,ENSG00000204977,0
5342,ENSG00000125551,0
26254,ENSG00000188770,0
5130,ENSG00000161217,1
5644,ENSG00000204983,0
23355,ENSG00000156931,0
3744,ENSG00000143105,0
9398,ENSG00000134256,0
10390,ENSG00000134255,0
5686,ENSG00000143106,1
80263,ENSG00000134253,0
84072,ENSG00000143452,0
151126,ENSG00000144331,0
4853,ENSG00000134250,0
10715,ENSG00000223802,0
51100,ENSG00000097033,0
4803,ENSG00000134259,0
79679,ENSG00000134258,0
25840,ENSG00000185432,0
8356,ENSG00000197153,0
100271849,ENSG00000213999,0
10647,ENSG00000124935,0
84937,ENSG00000186187,0
4246,ENSG00000124939,0
51082,ENSG00000186184,0
